job_id,location,salary_min,salary_max,salary_period,evidence,filter_reason,eligible
DA-00000,"New York, NY",37000.0,66000.0,annual_assumed,Original salary: $37K-$66K (Glassdoor est.); currency: USD; period: annual_assumed,"Estimated minimum below USD 60,000",False
DA-00001,"New York, NY",37000.0,66000.0,annual_assumed,Original salary: $37K-$66K (Glassdoor est.); currency: USD; period: annual_assumed,"Estimated minimum below USD 60,000",False
DA-00002,"New York, NY",37000.0,66000.0,annual_assumed,Original salary: $37K-$66K (Glassdoor est.); currency: USD; period: annual_assumed,"Estimated minimum below USD 60,000",False
DA-00003,"New York, NY",37000.0,66000.0,annual_assumed,Original salary: $37K-$66K (Glassdoor est.); currency: USD; period: annual_assumed,"Estimated minimum below USD 60,000",False
DA-00004,"New York, NY",37000.0,66000.0,annual_assumed,Original salary: $37K-$66K (Glassdoor est.); currency: USD; period: annual_assumed,"Estimated minimum below USD 60,000",False
DA-00005,"New York, NY",37000.0,66000.0,annual_assumed,Original salary: $37K-$66K (Glassdoor est.); currency: USD; period: annual_assumed,"Estimated minimum below USD 60,000",False
DA-00006,"New York, NY",37000.0,66000.0,annual_assumed,Original salary: $37K-$66K (Glassdoor est.); currency: USD; period: annual_assumed,"Estimated minimum below USD 60,000",False
DA-00007,"New York, NY",37000.0,66000.0,annual_assumed,Original salary: $37K-$66K (Glassdoor est.); currency: USD; period: annual_assumed,"Estimated minimum below USD 60,000",False
DA-00008,"New York, NY",37000.0,66000.0,annual_assumed,Original salary: $37K-$66K (Glassdoor est.); currency: USD; period: annual_assumed,"Estimated minimum below USD 60,000",False
DA-00009,"New York, NY",37000.0,66000.0,annual_assumed,Original salary: $37K-$66K (Glassdoor est.); currency: USD; period: annual_assumed,"Estimated minimum below USD 60,000",False
DA-00010,"New York, NY",37000.0,66000.0,annual_assumed,Original salary: $37K-$66K (Glassdoor est.); currency: USD; period: annual_assumed,"Estimated minimum below USD 60,000",False
DA-00011,"Fairfield, NJ",37000.0,66000.0,annual_assumed,Original salary: $37K-$66K (Glassdoor est.); currency: USD; period: annual_assumed,"Estimated minimum below USD 60,000",False
DA-00012,"New York, NY",37000.0,66000.0,annual_assumed,Original salary: $37K-$66K (Glassdoor est.); currency: USD; period: annual_assumed,"Estimated minimum below USD 60,000",False
DA-00013,"New York, NY",37000.0,66000.0,annual_assumed,Original salary: $37K-$66K (Glassdoor est.); currency: USD; period: annual_assumed,"Estimated minimum below USD 60,000",False
DA-00014,"Jersey City, NJ",37000.0,66000.0,annual_assumed,Original salary: $37K-$66K (Glassdoor est.); currency: USD; period: annual_assumed,"Estimated minimum below USD 60,000",False
DA-00015,"New York, NY",37000.0,66000.0,annual_assumed,Original salary: $37K-$66K (Glassdoor est.); currency: USD; period: annual_assumed,"Estimated minimum below USD 60,000",False
DA-00016,"New York, NY",37000.0,66000.0,annual_assumed,Original salary: $37K-$66K (Glassdoor est.); currency: USD; period: annual_assumed,"Estimated minimum below USD 60,000",False
DA-00017,"New York, NY",37000.0,66000.0,annual_assumed,Original salary: $37K-$66K (Glassdoor est.); currency: USD; period: annual_assumed,"Estimated minimum below USD 60,000",False
DA-00018,"New York, NY",37000.0,66000.0,annual_assumed,Original salary: $37K-$66K (Glassdoor est.); currency: USD; period: annual_assumed,"Estimated minimum below USD 60,000",False
DA-00019,"New York, NY",37000.0,66000.0,annual_assumed,Original salary: $37K-$66K (Glassdoor est.); currency: USD; period: annual_assumed,"Estimated minimum below USD 60,000",False
DA-00020,"New York, NY",37000.0,66000.0,annual_assumed,Original salary: $37K-$66K (Glassdoor est.); currency: USD; period: annual_assumed,"Estimated minimum below USD 60,000",False
DA-00021,"New York, NY",37000.0,66000.0,annual_assumed,Original salary: $37K-$66K (Glassdoor est.); currency: USD; period: annual_assumed,"Estimated minimum below USD 60,000",False
DA-00022,"New York, NY",37000.0,66000.0,annual_assumed,Original salary: $37K-$66K (Glassdoor est.); currency: USD; period: annual_assumed,"Estimated minimum below USD 60,000",False
DA-00023,"New York, NY",37000.0,66000.0,annual_assumed,Original salary: $37K-$66K (Glassdoor est.); currency: USD; period: annual_assumed,"Estimated minimum below USD 60,000",False
DA-00024,"New York, NY",37000.0,66000.0,annual_assumed,Original salary: $37K-$66K (Glassdoor est.); currency: USD; period: annual_assumed,"Estimated minimum below USD 60,000",False
DA-00025,"New York, NY",37000.0,66000.0,annual_assumed,Original salary: $37K-$66K (Glassdoor est.); currency: USD; period: annual_assumed,"Estimated minimum below USD 60,000",False
DA-00026,"New York, NY",37000.0,66000.0,annual_assumed,Original salary: $37K-$66K (Glassdoor est.); currency: USD; period: annual_assumed,"Estimated minimum below USD 60,000",False
DA-00027,"New York, NY",37000.0,66000.0,annual_assumed,Original salary: $37K-$66K (Glassdoor est.); currency: USD; period: annual_assumed,"Estimated minimum below USD 60,000",False
DA-00028,"New York, NY",37000.0,66000.0,annual_assumed,Original salary: $37K-$66K (Glassdoor est.); currency: USD; period: annual_assumed,"Estimated minimum below USD 60,000",False
DA-00029,"New York, NY",37000.0,66000.0,annual_assumed,Original salary: $37K-$66K (Glassdoor est.); currency: USD; period: annual_assumed,"Estimated minimum below USD 60,000",False
DA-00030,"Brooklyn, NY",46000.0,87000.0,annual_assumed,Original salary: $46K-$87K (Glassdoor est.); currency: USD; period: annual_assumed,"Estimated minimum below USD 60,000",False
DA-00031,"Jersey City, NJ",46000.0,87000.0,annual_assumed,Original salary: $46K-$87K (Glassdoor est.); currency: USD; period: annual_assumed,"Estimated minimum below USD 60,000",False
DA-00032,"New York, NY",46000.0,87000.0,annual_assumed,Original salary: $46K-$87K (Glassdoor est.); currency: USD; period: annual_assumed,"Estimated minimum below USD 60,000",False
DA-00033,"New York, NY",46000.0,87000.0,annual_assumed,Original salary: $46K-$87K (Glassdoor est.); currency: USD; period: annual_assumed,"Estimated minimum below USD 60,000",False
DA-00034,"New York, NY",46000.0,87000.0,annual_assumed,Original salary: $46K-$87K (Glassdoor est.); currency: USD; period: annual_assumed,"Estimated minimum below USD 60,000",False
DA-00035,"New York, NY",46000.0,87000.0,annual_assumed,Original salary: $46K-$87K (Glassdoor est.); currency: USD; period: annual_assumed,"Estimated minimum below USD 60,000",False
DA-00036,"New York, NY",46000.0,87000.0,annual_assumed,Original salary: $46K-$87K (Glassdoor est.); currency: USD; period: annual_assumed,"Estimated minimum below USD 60,000",False
DA-00037,"New York, NY",46000.0,87000.0,annual_assumed,Original salary: $46K-$87K (Glassdoor est.); currency: USD; period: annual_assumed,"Estimated minimum below USD 60,000",False
DA-00038,"New York, NY",46000.0,87000.0,annual_assumed,Original salary: $46K-$87K (Glassdoor est.); currency: USD; period: annual_assumed,"Estimated minimum below USD 60,000",False
DA-00039,"New York, NY",46000.0,87000.0,annual_assumed,Original salary: $46K-$87K (Glassdoor est.); currency: USD; period: annual_assumed,"Estimated minimum below USD 60,000",False
DA-00040,"New York, NY",46000.0,87000.0,annual_assumed,Original salary: $46K-$87K (Glassdoor est.); currency: USD; period: annual_assumed,"Estimated minimum below USD 60,000",False
DA-00041,"New York, NY",46000.0,87000.0,annual_assumed,Original salary: $46K-$87K (Glassdoor est.); currency: USD; period: annual_assumed,"Estimated minimum below USD 60,000",False
DA-00042,"New York, NY",46000.0,87000.0,annual_assumed,Original salary: $46K-$87K (Glassdoor est.); currency: USD; period: annual_assumed,"Estimated minimum below USD 60,000",False
DA-00043,"New York, NY",46000.0,87000.0,annual_assumed,Original salary: $46K-$87K (Glassdoor est.); currency: USD; period: annual_assumed,"Estimated minimum below USD 60,000",False
DA-00044,"New York, NY",46000.0,87000.0,annual_assumed,Original salary: $46K-$87K (Glassdoor est.); currency: USD; period: annual_assumed,"Estimated minimum below USD 60,000",False
DA-00045,"New York, NY",46000.0,87000.0,annual_assumed,Original salary: $46K-$87K (Glassdoor est.); currency: USD; period: annual_assumed,"Estimated minimum below USD 60,000",False
DA-00046,"New York, NY",46000.0,87000.0,annual_assumed,Original salary: $46K-$87K (Glassdoor est.); currency: USD; period: annual_assumed,"Estimated minimum below USD 60,000",False
DA-00047,"New York, NY",46000.0,87000.0,annual_assumed,Original salary: $46K-$87K (Glassdoor est.); currency: USD; period: annual_assumed,"Estimated minimum below USD 60,000",False
DA-00048,"New York, NY",46000.0,87000.0,annual_assumed,Original salary: $46K-$87K (Glassdoor est.); currency: USD; period: annual_assumed,"Estimated minimum below USD 60,000",False
DA-00049,"New York, NY",46000.0,87000.0,annual_assumed,Original salary: $46K-$87K (Glassdoor est.); currency: USD; period: annual_assumed,"Estimated minimum below USD 60,000",False
DA-00050,"New York, NY",46000.0,87000.0,annual_assumed,Original salary: $46K-$87K (Glassdoor est.); currency: USD; period: annual_assumed,"Estimated minimum below USD 60,000",False
DA-00051,"New York, NY",46000.0,87000.0,annual_assumed,Original salary: $46K-$87K (Glassdoor est.); currency: USD; period: annual_assumed,"Estimated minimum below USD 60,000",False
DA-00052,"Jersey City, NJ",46000.0,87000.0,annual_assumed,Original salary: $46K-$87K (Glassdoor est.); currency: USD; period: annual_assumed,"Estimated minimum below USD 60,000",False
DA-00053,"New York, NY",46000.0,87000.0,annual_assumed,Original salary: $46K-$87K (Glassdoor est.); currency: USD; period: annual_assumed,"Estimated minimum below USD 60,000",False
DA-00054,"Weehawken, NJ",46000.0,87000.0,annual_assumed,Original salary: $46K-$87K (Glassdoor est.); currency: USD; period: annual_assumed,"Estimated minimum below USD 60,000",False
DA-00055,"New York, NY",46000.0,87000.0,annual_assumed,Original salary: $46K-$87K (Glassdoor est.); currency: USD; period: annual_assumed,"Estimated minimum below USD 60,000",False
DA-00056,"New York, NY",46000.0,87000.0,annual_assumed,Original salary: $46K-$87K (Glassdoor est.); currency: USD; period: annual_assumed,"Estimated minimum below USD 60,000",False
DA-00057,"New York, NY",46000.0,87000.0,annual_assumed,Original salary: $46K-$87K (Glassdoor est.); currency: USD; period: annual_assumed,"Estimated minimum below USD 60,000",False
DA-00058,"New York, NY",46000.0,87000.0,annual_assumed,Original salary: $46K-$87K (Glassdoor est.); currency: USD; period: annual_assumed,"Estimated minimum below USD 60,000",False
DA-00059,"New York, NY",46000.0,87000.0,annual_assumed,Original salary: $46K-$87K (Glassdoor est.); currency: USD; period: annual_assumed,"Estimated minimum below USD 60,000",False
DA-00060,"New York, NY",51000.0,88000.0,annual_assumed,Original salary: $51K-$88K (Glassdoor est.); currency: USD; period: annual_assumed,"Estimated minimum below USD 60,000",False
DA-00061,"New York, NY",51000.0,88000.0,annual_assumed,Original salary: $51K-$88K (Glassdoor est.); currency: USD; period: annual_assumed,"Estimated minimum below USD 60,000",False
DA-00062,"New York, NY",51000.0,88000.0,annual_assumed,Original salary: $51K-$88K (Glassdoor est.); currency: USD; period: annual_assumed,"Estimated minimum below USD 60,000",False
DA-00063,"New York, NY",51000.0,88000.0,annual_assumed,Original salary: $51K-$88K (Glassdoor est.); currency: USD; period: annual_assumed,"Estimated minimum below USD 60,000",False
DA-00064,"New York, NY",51000.0,88000.0,annual_assumed,Original salary: $51K-$88K (Glassdoor est.); currency: USD; period: annual_assumed,"Estimated minimum below USD 60,000",False
DA-00065,"New York, NY",51000.0,88000.0,annual_assumed,Original salary: $51K-$88K (Glassdoor est.); currency: USD; period: annual_assumed,"Estimated minimum below USD 60,000",False
DA-00066,"New York, NY",51000.0,88000.0,annual_assumed,Original salary: $51K-$88K (Glassdoor est.); currency: USD; period: annual_assumed,"Estimated minimum below USD 60,000",False
DA-00067,"New York, NY",51000.0,88000.0,annual_assumed,Original salary: $51K-$88K (Glassdoor est.); currency: USD; period: annual_assumed,"Estimated minimum below USD 60,000",False
DA-00068,"New York, NY",51000.0,88000.0,annual_assumed,Original salary: $51K-$88K (Glassdoor est.); currency: USD; period: annual_assumed,"Estimated minimum below USD 60,000",False
DA-00069,"New York, NY",51000.0,88000.0,annual_assumed,Original salary: $51K-$88K (Glassdoor est.); currency: USD; period: annual_assumed,"Estimated minimum below USD 60,000",False
DA-00070,"New York, NY",51000.0,88000.0,annual_assumed,Original salary: $51K-$88K (Glassdoor est.); currency: USD; period: annual_assumed,"Estimated minimum below USD 60,000",False
DA-00071,"New York, NY",51000.0,88000.0,annual_assumed,Original salary: $51K-$88K (Glassdoor est.); currency: USD; period: annual_assumed,"Estimated minimum below USD 60,000",False
DA-00072,"New York, NY",51000.0,88000.0,annual_assumed,Original salary: $51K-$88K (Glassdoor est.); currency: USD; period: annual_assumed,"Estimated minimum below USD 60,000",False
DA-00073,"New York, NY",51000.0,88000.0,annual_assumed,Original salary: $51K-$88K (Glassdoor est.); currency: USD; period: annual_assumed,"Estimated minimum below USD 60,000",False
DA-00074,"New York, NY",51000.0,88000.0,annual_assumed,Original salary: $51K-$88K (Glassdoor est.); currency: USD; period: annual_assumed,"Estimated minimum below USD 60,000",False
DA-00075,"New York, NY",51000.0,88000.0,annual_assumed,Original salary: $51K-$88K (Glassdoor est.); currency: USD; period: annual_assumed,"Estimated minimum below USD 60,000",False
DA-00076,"New York, NY",51000.0,88000.0,annual_assumed,Original salary: $51K-$88K (Glassdoor est.); currency: USD; period: annual_assumed,"Estimated minimum below USD 60,000",False
DA-00077,"Jersey City, NJ",51000.0,88000.0,annual_assumed,Original salary: $51K-$88K (Glassdoor est.); currency: USD; period: annual_assumed,"Estimated minimum below USD 60,000",False
DA-00078,"New York, NY",51000.0,88000.0,annual_assumed,Original salary: $51K-$88K (Glassdoor est.); currency: USD; period: annual_assumed,"Estimated minimum below USD 60,000",False
DA-00079,"New York, NY",51000.0,88000.0,annual_assumed,Original salary: $51K-$88K (Glassdoor est.); currency: USD; period: annual_assumed,"Estimated minimum below USD 60,000",False
DA-00080,"New York, NY",51000.0,88000.0,annual_assumed,Original salary: $51K-$88K (Glassdoor est.); currency: USD; period: annual_assumed,"Estimated minimum below USD 60,000",False
DA-00081,"New York, NY",51000.0,88000.0,annual_assumed,Original salary: $51K-$88K (Glassdoor est.); currency: USD; period: annual_assumed,"Estimated minimum below USD 60,000",False
DA-00082,"New York, NY",51000.0,88000.0,annual_assumed,Original salary: $51K-$88K (Glassdoor est.); currency: USD; period: annual_assumed,"Estimated minimum below USD 60,000",False
DA-00083,"New York, NY",51000.0,88000.0,annual_assumed,Original salary: $51K-$88K (Glassdoor est.); currency: USD; period: annual_assumed,"Estimated minimum below USD 60,000",False
DA-00084,"New York, NY",51000.0,88000.0,annual_assumed,Original salary: $51K-$88K (Glassdoor est.); currency: USD; period: annual_assumed,"Estimated minimum below USD 60,000",False
DA-00085,"New York, NY",51000.0,88000.0,annual_assumed,Original salary: $51K-$88K (Glassdoor est.); currency: USD; period: annual_assumed,"Estimated minimum below USD 60,000",False
DA-00086,"New York, NY",51000.0,88000.0,annual_assumed,Original salary: $51K-$88K (Glassdoor est.); currency: USD; period: annual_assumed,"Estimated minimum below USD 60,000",False
DA-00087,"New York, NY",51000.0,88000.0,annual_assumed,Original salary: $51K-$88K (Glassdoor est.); currency: USD; period: annual_assumed,"Estimated minimum below USD 60,000",False
DA-00088,"New York, NY",51000.0,88000.0,annual_assumed,Original salary: $51K-$88K (Glassdoor est.); currency: USD; period: annual_assumed,"Estimated minimum below USD 60,000",False
DA-00089,"New York, NY",51000.0,88000.0,annual_assumed,Original salary: $51K-$88K (Glassdoor est.); currency: USD; period: annual_assumed,"Estimated minimum below USD 60,000",False
DA-00090,"New York, NY",51000.0,87000.0,annual_assumed,Original salary: $51K-$87K (Glassdoor est.); currency: USD; period: annual_assumed,"Estimated minimum below USD 60,000",False
DA-00091,"New York, NY",51000.0,87000.0,annual_assumed,Original salary: $51K-$87K (Glassdoor est.); currency: USD; period: annual_assumed,"Estimated minimum below USD 60,000",False
DA-00092,"New York, NY",51000.0,87000.0,annual_assumed,Original salary: $51K-$87K (Glassdoor est.); currency: USD; period: annual_assumed,"Estimated minimum below USD 60,000",False
DA-00093,"New York, NY",51000.0,87000.0,annual_assumed,Original salary: $51K-$87K (Glassdoor est.); currency: USD; period: annual_assumed,"Estimated minimum below USD 60,000",False
DA-00094,"Jersey City, NJ",51000.0,87000.0,annual_assumed,Original salary: $51K-$87K (Glassdoor est.); currency: USD; period: annual_assumed,"Estimated minimum below USD 60,000",False
DA-00095,"New York, NY",51000.0,87000.0,annual_assumed,Original salary: $51K-$87K (Glassdoor est.); currency: USD; period: annual_assumed,"Estimated minimum below USD 60,000",False
DA-00096,"New York, NY",51000.0,87000.0,annual_assumed,Original salary: $51K-$87K (Glassdoor est.); currency: USD; period: annual_assumed,"Estimated minimum below USD 60,000",False
DA-00097,"New York, NY",51000.0,87000.0,annual_assumed,Original salary: $51K-$87K (Glassdoor est.); currency: USD; period: annual_assumed,"Estimated minimum below USD 60,000",False
DA-00098,"Brooklyn, NY",51000.0,87000.0,annual_assumed,Original salary: $51K-$87K (Glassdoor est.); currency: USD; period: annual_assumed,"Estimated minimum below USD 60,000",False
DA-00099,"New York, NY",51000.0,87000.0,annual_assumed,Original salary: $51K-$87K (Glassdoor est.); currency: USD; period: annual_assumed,"Estimated minimum below USD 60,000",False
DA-00100,"New York, NY",51000.0,87000.0,annual_assumed,Original salary: $51K-$87K (Glassdoor est.); currency: USD; period: annual_assumed,"Estimated minimum below USD 60,000",False
DA-00101,"New York, NY",51000.0,87000.0,annual_assumed,Original salary: $51K-$87K (Glassdoor est.); currency: USD; period: annual_assumed,"Estimated minimum below USD 60,000",False
DA-00102,"New York, NY",51000.0,87000.0,annual_assumed,Original salary: $51K-$87K (Glassdoor est.); currency: USD; period: annual_assumed,"Estimated minimum below USD 60,000",False
DA-00103,"New York, NY",51000.0,87000.0,annual_assumed,Original salary: $51K-$87K (Glassdoor est.); currency: USD; period: annual_assumed,"Estimated minimum below USD 60,000",False
DA-00104,"Long Island City, NY",51000.0,87000.0,annual_assumed,Original salary: $51K-$87K (Glassdoor est.); currency: USD; period: annual_assumed,"Estimated minimum below USD 60,000",False
DA-00105,"New York, NY",51000.0,87000.0,annual_assumed,Original salary: $51K-$87K (Glassdoor est.); currency: USD; period: annual_assumed,"Estimated minimum below USD 60,000",False
DA-00106,"New York, NY",51000.0,87000.0,annual_assumed,Original salary: $51K-$87K (Glassdoor est.); currency: USD; period: annual_assumed,"Estimated minimum below USD 60,000",False
DA-00107,"New York, NY",51000.0,87000.0,annual_assumed,Original salary: $51K-$87K (Glassdoor est.); currency: USD; period: annual_assumed,"Estimated minimum below USD 60,000",False
DA-00108,"Brooklyn, NY",51000.0,87000.0,annual_assumed,Original salary: $51K-$87K (Glassdoor est.); currency: USD; period: annual_assumed,"Estimated minimum below USD 60,000",False
DA-00109,"Jersey City, NJ",51000.0,87000.0,annual_assumed,Original salary: $51K-$87K (Glassdoor est.); currency: USD; period: annual_assumed,"Estimated minimum below USD 60,000",False
DA-00110,"Jersey City, NJ",51000.0,87000.0,annual_assumed,Original salary: $51K-$87K (Glassdoor est.); currency: USD; period: annual_assumed,"Estimated minimum below USD 60,000",False
DA-00111,"New York, NY",51000.0,87000.0,annual_assumed,Original salary: $51K-$87K (Glassdoor est.); currency: USD; period: annual_assumed,"Estimated minimum below USD 60,000",False
DA-00112,"New York, NY",51000.0,87000.0,annual_assumed,Original salary: $51K-$87K (Glassdoor est.); currency: USD; period: annual_assumed,"Estimated minimum below USD 60,000",False
DA-00113,"New York, NY",51000.0,87000.0,annual_assumed,Original salary: $51K-$87K (Glassdoor est.); currency: USD; period: annual_assumed,"Estimated minimum below USD 60,000",False
DA-00114,"New York, NY",51000.0,87000.0,annual_assumed,Original salary: $51K-$87K (Glassdoor est.); currency: USD; period: annual_assumed,"Estimated minimum below USD 60,000",False
DA-00115,"Jersey City, NJ",51000.0,87000.0,annual_assumed,Original salary: $51K-$87K (Glassdoor est.); currency: USD; period: annual_assumed,"Estimated minimum below USD 60,000",False
DA-00116,"New York, NY",51000.0,87000.0,annual_assumed,Original salary: $51K-$87K (Glassdoor est.); currency: USD; period: annual_assumed,"Estimated minimum below USD 60,000",False
DA-00117,"Florham Park, NJ",51000.0,87000.0,annual_assumed,Original salary: $51K-$87K (Glassdoor est.); currency: USD; period: annual_assumed,"Estimated minimum below USD 60,000",False
DA-00118,"New York, NY",51000.0,87000.0,annual_assumed,Original salary: $51K-$87K (Glassdoor est.); currency: USD; period: annual_assumed,"Estimated minimum below USD 60,000",False
DA-00119,"New York, NY",51000.0,87000.0,annual_assumed,Original salary: $51K-$87K (Glassdoor est.); currency: USD; period: annual_assumed,"Estimated minimum below USD 60,000",False
DA-00120,"New York, NY",59000.0,85000.0,annual_assumed,Original salary: $59K-$85K (Glassdoor est.); currency: USD; period: annual_assumed,"Estimated minimum below USD 60,000",False
DA-00121,"New York, NY",59000.0,85000.0,annual_assumed,Original salary: $59K-$85K (Glassdoor est.); currency: USD; period: annual_assumed,"Estimated minimum below USD 60,000",False
DA-00122,"New York, NY",59000.0,85000.0,annual_assumed,Original salary: $59K-$85K (Glassdoor est.); currency: USD; period: annual_assumed,"Estimated minimum below USD 60,000",False
DA-00123,"Jersey City, NJ",59000.0,85000.0,annual_assumed,Original salary: $59K-$85K (Glassdoor est.); currency: USD; period: annual_assumed,"Estimated minimum below USD 60,000",False
DA-00124,"New York, NY",59000.0,85000.0,annual_assumed,Original salary: $59K-$85K (Glassdoor est.); currency: USD; period: annual_assumed,"Estimated minimum below USD 60,000",False
DA-00125,"New York, NY",59000.0,85000.0,annual_assumed,Original salary: $59K-$85K (Glassdoor est.); currency: USD; period: annual_assumed,"Estimated minimum below USD 60,000",False
DA-00126,"Manhasset, NY",59000.0,85000.0,annual_assumed,Original salary: $59K-$85K (Glassdoor est.); currency: USD; period: annual_assumed,"Estimated minimum below USD 60,000",False
DA-00127,"New York, NY",59000.0,85000.0,annual_assumed,Original salary: $59K-$85K (Glassdoor est.); currency: USD; period: annual_assumed,"Estimated minimum below USD 60,000",False
DA-00128,"New York, NY",59000.0,85000.0,annual_assumed,Original salary: $59K-$85K (Glassdoor est.); currency: USD; period: annual_assumed,"Estimated minimum below USD 60,000",False
DA-00129,"New York, NY",59000.0,85000.0,annual_assumed,Original salary: $59K-$85K (Glassdoor est.); currency: USD; period: annual_assumed,"Estimated minimum below USD 60,000",False
DA-00130,"New York, NY",59000.0,85000.0,annual_assumed,Original salary: $59K-$85K (Glassdoor est.); currency: USD; period: annual_assumed,"Estimated minimum below USD 60,000",False
DA-00131,"New York, NY",59000.0,85000.0,annual_assumed,Original salary: $59K-$85K (Glassdoor est.); currency: USD; period: annual_assumed,"Estimated minimum below USD 60,000",False
DA-00132,"Newark, NJ",59000.0,85000.0,annual_assumed,Original salary: $59K-$85K (Glassdoor est.); currency: USD; period: annual_assumed,"Estimated minimum below USD 60,000",False
DA-00133,"New York, NY",59000.0,85000.0,annual_assumed,Original salary: $59K-$85K (Glassdoor est.); currency: USD; period: annual_assumed,"Estimated minimum below USD 60,000",False
DA-00134,"New York, NY",59000.0,85000.0,annual_assumed,Original salary: $59K-$85K (Glassdoor est.); currency: USD; period: annual_assumed,"Estimated minimum below USD 60,000",False
DA-00135,"Jersey City, NJ",59000.0,85000.0,annual_assumed,Original salary: $59K-$85K (Glassdoor est.); currency: USD; period: annual_assumed,"Estimated minimum below USD 60,000",False
DA-00136,"New York, NY",59000.0,85000.0,annual_assumed,Original salary: $59K-$85K (Glassdoor est.); currency: USD; period: annual_assumed,"Estimated minimum below USD 60,000",False
DA-00137,"Brooklyn, NY",59000.0,85000.0,annual_assumed,Original salary: $59K-$85K (Glassdoor est.); currency: USD; period: annual_assumed,"Estimated minimum below USD 60,000",False
DA-00138,"New York, NY",59000.0,85000.0,annual_assumed,Original salary: $59K-$85K (Glassdoor est.); currency: USD; period: annual_assumed,"Estimated minimum below USD 60,000",False
DA-00139,"New York, NY",59000.0,85000.0,annual_assumed,Original salary: $59K-$85K (Glassdoor est.); currency: USD; period: annual_assumed,"Estimated minimum below USD 60,000",False
DA-00140,"New York, NY",59000.0,85000.0,annual_assumed,Original salary: $59K-$85K (Glassdoor est.); currency: USD; period: annual_assumed,"Estimated minimum below USD 60,000",False
DA-00141,"New York, NY",59000.0,85000.0,annual_assumed,Original salary: $59K-$85K (Glassdoor est.); currency: USD; period: annual_assumed,"Estimated minimum below USD 60,000",False
DA-00142,"New York, NY",59000.0,85000.0,annual_assumed,Original salary: $59K-$85K (Glassdoor est.); currency: USD; period: annual_assumed,"Estimated minimum below USD 60,000",False
DA-00143,"Queens Village, NY",59000.0,85000.0,annual_assumed,Original salary: $59K-$85K (Glassdoor est.); currency: USD; period: annual_assumed,"Estimated minimum below USD 60,000",False
DA-00144,"New York, NY",59000.0,85000.0,annual_assumed,Original salary: $59K-$85K (Glassdoor est.); currency: USD; period: annual_assumed,"Estimated minimum below USD 60,000",False
DA-00145,"New York, NY",59000.0,85000.0,annual_assumed,Original salary: $59K-$85K (Glassdoor est.); currency: USD; period: annual_assumed,"Estimated minimum below USD 60,000",False
DA-00146,"New York, NY",59000.0,85000.0,annual_assumed,Original salary: $59K-$85K (Glassdoor est.); currency: USD; period: annual_assumed,"Estimated minimum below USD 60,000",False
DA-00147,"New York, NY",59000.0,85000.0,annual_assumed,Original salary: $59K-$85K (Glassdoor est.); currency: USD; period: annual_assumed,"Estimated minimum below USD 60,000",False
DA-00148,"Brooklyn, NY",59000.0,85000.0,annual_assumed,Original salary: $59K-$85K (Glassdoor est.); currency: USD; period: annual_assumed,"Estimated minimum below USD 60,000",False
DA-00149,"New York, NY",59000.0,85000.0,annual_assumed,Original salary: $59K-$85K (Glassdoor est.); currency: USD; period: annual_assumed,"Estimated minimum below USD 60,000",False
DA-00150,"New York, NY",43000.0,76000.0,annual_assumed,Original salary: $43K-$76K (Glassdoor est.); currency: USD; period: annual_assumed,"Estimated minimum below USD 60,000",False
DA-00151,"New York, NY",43000.0,76000.0,annual_assumed,Original salary: $43K-$76K (Glassdoor est.); currency: USD; period: annual_assumed,"Estimated minimum below USD 60,000",False
DA-00152,"New York, NY",43000.0,76000.0,annual_assumed,Original salary: $43K-$76K (Glassdoor est.); currency: USD; period: annual_assumed,"Estimated minimum below USD 60,000",False
DA-00153,"New York, NY",43000.0,76000.0,annual_assumed,Original salary: $43K-$76K (Glassdoor est.); currency: USD; period: annual_assumed,"Estimated minimum below USD 60,000",False
DA-00154,"New York, NY",43000.0,76000.0,annual_assumed,Original salary: $43K-$76K (Glassdoor est.); currency: USD; period: annual_assumed,"Estimated minimum below USD 60,000",False
DA-00155,"New York, NY",43000.0,76000.0,annual_assumed,Original salary: $43K-$76K (Glassdoor est.); currency: USD; period: annual_assumed,"Estimated minimum below USD 60,000",False
DA-00156,"New York, NY",43000.0,76000.0,annual_assumed,Original salary: $43K-$76K (Glassdoor est.); currency: USD; period: annual_assumed,"Estimated minimum below USD 60,000",False
DA-00157,"New York, NY",43000.0,76000.0,annual_assumed,Original salary: $43K-$76K (Glassdoor est.); currency: USD; period: annual_assumed,"Estimated minimum below USD 60,000",False
DA-00158,"New York, NY",43000.0,76000.0,annual_assumed,Original salary: $43K-$76K (Glassdoor est.); currency: USD; period: annual_assumed,"Estimated minimum below USD 60,000",False
DA-00159,"New York, NY",43000.0,76000.0,annual_assumed,Original salary: $43K-$76K (Glassdoor est.); currency: USD; period: annual_assumed,"Estimated minimum below USD 60,000",False
DA-00160,"Newark, NJ",43000.0,76000.0,annual_assumed,Original salary: $43K-$76K (Glassdoor est.); currency: USD; period: annual_assumed,"Estimated minimum below USD 60,000",False
DA-00161,"New York, NY",43000.0,76000.0,annual_assumed,Original salary: $43K-$76K (Glassdoor est.); currency: USD; period: annual_assumed,"Estimated minimum below USD 60,000",False
DA-00162,"New York, NY",43000.0,76000.0,annual_assumed,Original salary: $43K-$76K (Glassdoor est.); currency: USD; period: annual_assumed,"Estimated minimum below USD 60,000",False
DA-00163,"New York, NY",43000.0,76000.0,annual_assumed,Original salary: $43K-$76K (Glassdoor est.); currency: USD; period: annual_assumed,"Estimated minimum below USD 60,000",False
DA-00164,"New York, NY",43000.0,76000.0,annual_assumed,Original salary: $43K-$76K (Glassdoor est.); currency: USD; period: annual_assumed,"Estimated minimum below USD 60,000",False
DA-00165,"New York, NY",43000.0,76000.0,annual_assumed,Original salary: $43K-$76K (Glassdoor est.); currency: USD; period: annual_assumed,"Estimated minimum below USD 60,000",False
DA-00166,"New York, NY",43000.0,76000.0,annual_assumed,Original salary: $43K-$76K (Glassdoor est.); currency: USD; period: annual_assumed,"Estimated minimum below USD 60,000",False
DA-00167,"Brooklyn, NY",43000.0,76000.0,annual_assumed,Original salary: $43K-$76K (Glassdoor est.); currency: USD; period: annual_assumed,"Estimated minimum below USD 60,000",False
DA-00168,"New York, NY",43000.0,76000.0,annual_assumed,Original salary: $43K-$76K (Glassdoor est.); currency: USD; period: annual_assumed,"Estimated minimum below USD 60,000",False
DA-00169,"Brooklyn, NY",43000.0,76000.0,annual_assumed,Original salary: $43K-$76K (Glassdoor est.); currency: USD; period: annual_assumed,"Estimated minimum below USD 60,000",False
DA-00170,"Weehawken, NJ",43000.0,76000.0,annual_assumed,Original salary: $43K-$76K (Glassdoor est.); currency: USD; period: annual_assumed,"Estimated minimum below USD 60,000",False
DA-00171,"New York, NY",43000.0,76000.0,annual_assumed,Original salary: $43K-$76K (Glassdoor est.); currency: USD; period: annual_assumed,"Estimated minimum below USD 60,000",False
DA-00172,"New York, NY",43000.0,76000.0,annual_assumed,Original salary: $43K-$76K (Glassdoor est.); currency: USD; period: annual_assumed,"Estimated minimum below USD 60,000",False
DA-00173,"New York, NY",43000.0,76000.0,annual_assumed,Original salary: $43K-$76K (Glassdoor est.); currency: USD; period: annual_assumed,"Estimated minimum below USD 60,000",False
DA-00174,"New York, NY",43000.0,76000.0,annual_assumed,Original salary: $43K-$76K (Glassdoor est.); currency: USD; period: annual_assumed,"Estimated minimum below USD 60,000",False
DA-00175,"Haworth, NJ",43000.0,76000.0,annual_assumed,Original salary: $43K-$76K (Glassdoor est.); currency: USD; period: annual_assumed,"Estimated minimum below USD 60,000",False
DA-00176,"Fort Lee, NJ",43000.0,76000.0,annual_assumed,Original salary: $43K-$76K (Glassdoor est.); currency: USD; period: annual_assumed,"Estimated minimum below USD 60,000",False
DA-00177,"New York, NY",43000.0,76000.0,annual_assumed,Original salary: $43K-$76K (Glassdoor est.); currency: USD; period: annual_assumed,"Estimated minimum below USD 60,000",False
DA-00178,"New York, NY",43000.0,76000.0,annual_assumed,Original salary: $43K-$76K (Glassdoor est.); currency: USD; period: annual_assumed,"Estimated minimum below USD 60,000",False
DA-00179,"New York, NY",43000.0,76000.0,annual_assumed,Original salary: $43K-$76K (Glassdoor est.); currency: USD; period: annual_assumed,"Estimated minimum below USD 60,000",False
DA-00180,"New York, NY",43000.0,76000.0,annual_assumed,Original salary: $43K-$76K (Glassdoor est.); currency: USD; period: annual_assumed,"Estimated minimum below USD 60,000",False
DA-00181,"New York, NY",60000.0,110000.0,annual_assumed,Original salary: $60K-$110K (Glassdoor est.); currency: USD; period: annual_assumed,"Eligible: estimated minimum >= USD 60,000",True
DA-00182,"New York, NY",60000.0,110000.0,annual_assumed,Original salary: $60K-$110K (Glassdoor est.); currency: USD; period: annual_assumed,"Eligible: estimated minimum >= USD 60,000",True
DA-00183,"New York, NY",60000.0,110000.0,annual_assumed,Original salary: $60K-$110K (Glassdoor est.); currency: USD; period: annual_assumed,"Eligible: estimated minimum >= USD 60,000",True
DA-00184,"New York, NY",60000.0,110000.0,annual_assumed,Original salary: $60K-$110K (Glassdoor est.); currency: USD; period: annual_assumed,"Eligible: estimated minimum >= USD 60,000",True
DA-00185,"New York, NY",60000.0,110000.0,annual_assumed,Original salary: $60K-$110K (Glassdoor est.); currency: USD; period: annual_assumed,"Eligible: estimated minimum >= USD 60,000",True
DA-00186,"Jersey City, NJ",60000.0,110000.0,annual_assumed,Original salary: $60K-$110K (Glassdoor est.); currency: USD; period: annual_assumed,"Eligible: estimated minimum >= USD 60,000",True
DA-00187,"Jersey City, NJ",60000.0,110000.0,annual_assumed,Original salary: $60K-$110K (Glassdoor est.); currency: USD; period: annual_assumed,"Eligible: estimated minimum >= USD 60,000",True
DA-00188,"New York, NY",60000.0,110000.0,annual_assumed,Original salary: $60K-$110K (Glassdoor est.); currency: USD; period: annual_assumed,"Eligible: estimated minimum >= USD 60,000",True
DA-00189,"New York, NY",60000.0,110000.0,annual_assumed,Original salary: $60K-$110K (Glassdoor est.); currency: USD; period: annual_assumed,"Eligible: estimated minimum >= USD 60,000",True
DA-00190,"New York, NY",60000.0,110000.0,annual_assumed,Original salary: $60K-$110K (Glassdoor est.); currency: USD; period: annual_assumed,"Eligible: estimated minimum >= USD 60,000",True
DA-00191,"Weehawken, NJ",60000.0,110000.0,annual_assumed,Original salary: $60K-$110K (Glassdoor est.); currency: USD; period: annual_assumed,"Eligible: estimated minimum >= USD 60,000",True
DA-00192,"New York, NY",60000.0,110000.0,annual_assumed,Original salary: $60K-$110K (Glassdoor est.); currency: USD; period: annual_assumed,"Eligible: estimated minimum >= USD 60,000",True
DA-00193,"New York, NY",60000.0,110000.0,annual_assumed,Original salary: $60K-$110K (Glassdoor est.); currency: USD; period: annual_assumed,"Eligible: estimated minimum >= USD 60,000",True
DA-00194,"Newark, NJ",60000.0,110000.0,annual_assumed,Original salary: $60K-$110K (Glassdoor est.); currency: USD; period: annual_assumed,"Eligible: estimated minimum >= USD 60,000",True
DA-00195,"New York, NY",60000.0,110000.0,annual_assumed,Original salary: $60K-$110K (Glassdoor est.); currency: USD; period: annual_assumed,"Eligible: estimated minimum >= USD 60,000",True
DA-00196,"New York, NY",60000.0,110000.0,annual_assumed,Original salary: $60K-$110K (Glassdoor est.); currency: USD; period: annual_assumed,"Eligible: estimated minimum >= USD 60,000",True
DA-00197,"New York, NY",60000.0,110000.0,annual_assumed,Original salary: $60K-$110K (Glassdoor est.); currency: USD; period: annual_assumed,"Eligible: estimated minimum >= USD 60,000",True
DA-00198,"Jersey City, NJ",60000.0,110000.0,annual_assumed,Original salary: $60K-$110K (Glassdoor est.); currency: USD; period: annual_assumed,"Eligible: estimated minimum >= USD 60,000",True
DA-00199,"South Plainfield, NJ",60000.0,110000.0,annual_assumed,Original salary: $60K-$110K (Glassdoor est.); currency: USD; period: annual_assumed,"Eligible: estimated minimum >= USD 60,000",True
DA-00200,"New York, NY",60000.0,110000.0,annual_assumed,Original salary: $60K-$110K (Glassdoor est.); currency: USD; period: annual_assumed,"Eligible: estimated minimum >= USD 60,000",True
DA-00201,"New York, NY",60000.0,110000.0,annual_assumed,Original salary: $60K-$110K (Glassdoor est.); currency: USD; period: annual_assumed,"Eligible: estimated minimum >= USD 60,000",True
DA-00202,"New York, NY",60000.0,110000.0,annual_assumed,Original salary: $60K-$110K (Glassdoor est.); currency: USD; period: annual_assumed,"Eligible: estimated minimum >= USD 60,000",True
DA-00203,"New York, NY",60000.0,110000.0,annual_assumed,Original salary: $60K-$110K (Glassdoor est.); currency: USD; period: annual_assumed,"Eligible: estimated minimum >= USD 60,000",True
DA-00204,"New York, NY",60000.0,110000.0,annual_assumed,Original salary: $60K-$110K (Glassdoor est.); currency: USD; period: annual_assumed,"Eligible: estimated minimum >= USD 60,000",True
DA-00205,"New York, NY",60000.0,110000.0,annual_assumed,Original salary: $60K-$110K (Glassdoor est.); currency: USD; period: annual_assumed,"Eligible: estimated minimum >= USD 60,000",True
DA-00206,"New York, NY",60000.0,110000.0,annual_assumed,Original salary: $60K-$110K (Glassdoor est.); currency: USD; period: annual_assumed,"Eligible: estimated minimum >= USD 60,000",True
DA-00207,"New York, NY",60000.0,110000.0,annual_assumed,Original salary: $60K-$110K (Glassdoor est.); currency: USD; period: annual_assumed,"Eligible: estimated minimum >= USD 60,000",True
DA-00208,"New York, NY",60000.0,110000.0,annual_assumed,Original salary: $60K-$110K (Glassdoor est.); currency: USD; period: annual_assumed,"Eligible: estimated minimum >= USD 60,000",True
DA-00209,"New York, NY",60000.0,110000.0,annual_assumed,Original salary: $60K-$110K (Glassdoor est.); currency: USD; period: annual_assumed,"Eligible: estimated minimum >= USD 60,000",True
DA-00210,"New York, NY",60000.0,110000.0,annual_assumed,Original salary: $60K-$110K (Glassdoor est.); currency: USD; period: annual_assumed,"Eligible: estimated minimum >= USD 60,000",True
DA-00211,"New York, NY",41000.0,78000.0,annual_assumed,Original salary: $41K-$78K (Glassdoor est.); currency: USD; period: annual_assumed,"Estimated minimum below USD 60,000",False
DA-00212,"New York, NY",41000.0,78000.0,annual_assumed,Original salary: $41K-$78K (Glassdoor est.); currency: USD; period: annual_assumed,"Estimated minimum below USD 60,000",False
DA-00213,"New York, NY",41000.0,78000.0,annual_assumed,Original salary: $41K-$78K (Glassdoor est.); currency: USD; period: annual_assumed,"Estimated minimum below USD 60,000",False
DA-00214,"New York, NY",41000.0,78000.0,annual_assumed,Original salary: $41K-$78K (Glassdoor est.); currency: USD; period: annual_assumed,"Estimated minimum below USD 60,000",False
DA-00215,"Bronx, NY",41000.0,78000.0,annual_assumed,Original salary: $41K-$78K (Glassdoor est.); currency: USD; period: annual_assumed,"Estimated minimum below USD 60,000",False
DA-00216,"New York, NY",41000.0,78000.0,annual_assumed,Original salary: $41K-$78K (Glassdoor est.); currency: USD; period: annual_assumed,"Estimated minimum below USD 60,000",False
DA-00217,"New York, NY",41000.0,78000.0,annual_assumed,Original salary: $41K-$78K (Glassdoor est.); currency: USD; period: annual_assumed,"Estimated minimum below USD 60,000",False
DA-00218,"New York, NY",41000.0,78000.0,annual_assumed,Original salary: $41K-$78K (Glassdoor est.); currency: USD; period: annual_assumed,"Estimated minimum below USD 60,000",False
DA-00219,"New York, NY",41000.0,78000.0,annual_assumed,Original salary: $41K-$78K (Glassdoor est.); currency: USD; period: annual_assumed,"Estimated minimum below USD 60,000",False
DA-00220,"New York, NY",41000.0,78000.0,annual_assumed,Original salary: $41K-$78K (Glassdoor est.); currency: USD; period: annual_assumed,"Estimated minimum below USD 60,000",False
DA-00221,"Jersey City, NJ",41000.0,78000.0,annual_assumed,Original salary: $41K-$78K (Glassdoor est.); currency: USD; period: annual_assumed,"Estimated minimum below USD 60,000",False
DA-00222,"New York, NY",41000.0,78000.0,annual_assumed,Original salary: $41K-$78K (Glassdoor est.); currency: USD; period: annual_assumed,"Estimated minimum below USD 60,000",False
DA-00223,"Little Ferry, NJ",41000.0,78000.0,annual_assumed,Original salary: $41K-$78K (Glassdoor est.); currency: USD; period: annual_assumed,"Estimated minimum below USD 60,000",False
DA-00224,"New York, NY",41000.0,78000.0,annual_assumed,Original salary: $41K-$78K (Glassdoor est.); currency: USD; period: annual_assumed,"Estimated minimum below USD 60,000",False
DA-00225,"New York, NY",41000.0,78000.0,annual_assumed,Original salary: $41K-$78K (Glassdoor est.); currency: USD; period: annual_assumed,"Estimated minimum below USD 60,000",False
DA-00226,"New York, NY",41000.0,78000.0,annual_assumed,Original salary: $41K-$78K (Glassdoor est.); currency: USD; period: annual_assumed,"Estimated minimum below USD 60,000",False
DA-00227,"New York, NY",41000.0,78000.0,annual_assumed,Original salary: $41K-$78K (Glassdoor est.); currency: USD; period: annual_assumed,"Estimated minimum below USD 60,000",False
DA-00228,"New York, NY",41000.0,78000.0,annual_assumed,Original salary: $41K-$78K (Glassdoor est.); currency: USD; period: annual_assumed,"Estimated minimum below USD 60,000",False
DA-00229,"Newark, NJ",41000.0,78000.0,annual_assumed,Original salary: $41K-$78K (Glassdoor est.); currency: USD; period: annual_assumed,"Estimated minimum below USD 60,000",False
DA-00230,"New York, NY",41000.0,78000.0,annual_assumed,Original salary: $41K-$78K (Glassdoor est.); currency: USD; period: annual_assumed,"Estimated minimum below USD 60,000",False
DA-00231,"Jersey City, NJ",41000.0,78000.0,annual_assumed,Original salary: $41K-$78K (Glassdoor est.); currency: USD; period: annual_assumed,"Estimated minimum below USD 60,000",False
DA-00232,"Jersey City, NJ",41000.0,78000.0,annual_assumed,Original salary: $41K-$78K (Glassdoor est.); currency: USD; period: annual_assumed,"Estimated minimum below USD 60,000",False
DA-00233,"Jersey City, NJ",41000.0,78000.0,annual_assumed,Original salary: $41K-$78K (Glassdoor est.); currency: USD; period: annual_assumed,"Estimated minimum below USD 60,000",False
DA-00234,"Lake Success, NY",41000.0,78000.0,annual_assumed,Original salary: $41K-$78K (Glassdoor est.); currency: USD; period: annual_assumed,"Estimated minimum below USD 60,000",False
DA-00235,"New York, NY",41000.0,78000.0,annual_assumed,Original salary: $41K-$78K (Glassdoor est.); currency: USD; period: annual_assumed,"Estimated minimum below USD 60,000",False
DA-00236,"New York, NY",41000.0,78000.0,annual_assumed,Original salary: $41K-$78K (Glassdoor est.); currency: USD; period: annual_assumed,"Estimated minimum below USD 60,000",False
DA-00237,"New York, NY",41000.0,78000.0,annual_assumed,Original salary: $41K-$78K (Glassdoor est.); currency: USD; period: annual_assumed,"Estimated minimum below USD 60,000",False
DA-00238,"Lake Success, NY",41000.0,78000.0,annual_assumed,Original salary: $41K-$78K (Glassdoor est.); currency: USD; period: annual_assumed,"Estimated minimum below USD 60,000",False
DA-00239,"New York, NY",41000.0,78000.0,annual_assumed,Original salary: $41K-$78K (Glassdoor est.); currency: USD; period: annual_assumed,"Estimated minimum below USD 60,000",False
DA-00240,"Jersey City, NJ",45000.0,88000.0,annual_assumed,Original salary: $45K-$88K (Glassdoor est.); currency: USD; period: annual_assumed,"Estimated minimum below USD 60,000",False
DA-00241,"Lake Success, NY",45000.0,88000.0,annual_assumed,Original salary: $45K-$88K (Glassdoor est.); currency: USD; period: annual_assumed,"Estimated minimum below USD 60,000",False
DA-00242,"New York, NY",45000.0,88000.0,annual_assumed,Original salary: $45K-$88K (Glassdoor est.); currency: USD; period: annual_assumed,"Estimated minimum below USD 60,000",False
DA-00243,"New York, NY",45000.0,88000.0,annual_assumed,Original salary: $45K-$88K (Glassdoor est.); currency: USD; period: annual_assumed,"Estimated minimum below USD 60,000",False
DA-00244,"New York, NY",45000.0,88000.0,annual_assumed,Original salary: $45K-$88K (Glassdoor est.); currency: USD; period: annual_assumed,"Estimated minimum below USD 60,000",False
DA-00245,"New York, NY",45000.0,88000.0,annual_assumed,Original salary: $45K-$88K (Glassdoor est.); currency: USD; period: annual_assumed,"Estimated minimum below USD 60,000",False
DA-00246,"Newark, NJ",45000.0,88000.0,annual_assumed,Original salary: $45K-$88K (Glassdoor est.); currency: USD; period: annual_assumed,"Estimated minimum below USD 60,000",False
DA-00247,"Lake Success, NY",45000.0,88000.0,annual_assumed,Original salary: $45K-$88K (Glassdoor est.); currency: USD; period: annual_assumed,"Estimated minimum below USD 60,000",False
DA-00248,"New York, NY",45000.0,88000.0,annual_assumed,Original salary: $45K-$88K (Glassdoor est.); currency: USD; period: annual_assumed,"Estimated minimum below USD 60,000",False
DA-00249,"New York, NY",45000.0,88000.0,annual_assumed,Original salary: $45K-$88K (Glassdoor est.); currency: USD; period: annual_assumed,"Estimated minimum below USD 60,000",False
DA-00250,"New York, NY",45000.0,88000.0,annual_assumed,Original salary: $45K-$88K (Glassdoor est.); currency: USD; period: annual_assumed,"Estimated minimum below USD 60,000",False
DA-00251,"New York, NY",73000.0,127000.0,annual_assumed,Original salary: $73K-$127K (Glassdoor est.); currency: USD; period: annual_assumed,"Eligible: estimated minimum >= USD 60,000",True
DA-00252,"New York, NY",73000.0,127000.0,annual_assumed,Original salary: $73K-$127K (Glassdoor est.); currency: USD; period: annual_assumed,"Eligible: estimated minimum >= USD 60,000",True
DA-00253,"New York, NY",73000.0,127000.0,annual_assumed,Original salary: $73K-$127K (Glassdoor est.); currency: USD; period: annual_assumed,"Eligible: estimated minimum >= USD 60,000",True
DA-00254,"New York, NY",73000.0,127000.0,annual_assumed,Original salary: $73K-$127K (Glassdoor est.); currency: USD; period: annual_assumed,"Eligible: estimated minimum >= USD 60,000",True
DA-00255,"New York, NY",73000.0,127000.0,annual_assumed,Original salary: $73K-$127K (Glassdoor est.); currency: USD; period: annual_assumed,"Eligible: estimated minimum >= USD 60,000",True
DA-00256,"New York, NY",73000.0,127000.0,annual_assumed,Original salary: $73K-$127K (Glassdoor est.); currency: USD; period: annual_assumed,"Eligible: estimated minimum >= USD 60,000",True
DA-00257,"New York, NY",73000.0,127000.0,annual_assumed,Original salary: $73K-$127K (Glassdoor est.); currency: USD; period: annual_assumed,"Eligible: estimated minimum >= USD 60,000",True
DA-00258,"New York, NY",73000.0,127000.0,annual_assumed,Original salary: $73K-$127K (Glassdoor est.); currency: USD; period: annual_assumed,"Eligible: estimated minimum >= USD 60,000",True
DA-00259,"New York, NY",73000.0,127000.0,annual_assumed,Original salary: $73K-$127K (Glassdoor est.); currency: USD; period: annual_assumed,"Eligible: estimated minimum >= USD 60,000",True
DA-00260,"New York, NY",73000.0,127000.0,annual_assumed,Original salary: $73K-$127K (Glassdoor est.); currency: USD; period: annual_assumed,"Eligible: estimated minimum >= USD 60,000",True
DA-00261,"Summit, NJ",73000.0,127000.0,annual_assumed,Original salary: $73K-$127K (Glassdoor est.); currency: USD; period: annual_assumed,"Eligible: estimated minimum >= USD 60,000",True
DA-00262,"New York, NY",73000.0,127000.0,annual_assumed,Original salary: $73K-$127K (Glassdoor est.); currency: USD; period: annual_assumed,"Eligible: estimated minimum >= USD 60,000",True
DA-00263,"New York, NY",73000.0,127000.0,annual_assumed,Original salary: $73K-$127K (Glassdoor est.); currency: USD; period: annual_assumed,"Eligible: estimated minimum >= USD 60,000",True
DA-00264,"New York, NY",73000.0,127000.0,annual_assumed,Original salary: $73K-$127K (Glassdoor est.); currency: USD; period: annual_assumed,"Eligible: estimated minimum >= USD 60,000",True
DA-00265,"New York, NY",84000.0,90000.0,annual_assumed,Original salary: $84K-$90K (Glassdoor est.); currency: USD; period: annual_assumed,"Eligible: estimated minimum >= USD 60,000",True
DA-00266,"New York, NY",84000.0,90000.0,annual_assumed,Original salary: $84K-$90K (Glassdoor est.); currency: USD; period: annual_assumed,"Eligible: estimated minimum >= USD 60,000",True
DA-00267,"New York, NY",84000.0,90000.0,annual_assumed,Original salary: $84K-$90K (Glassdoor est.); currency: USD; period: annual_assumed,"Eligible: estimated minimum >= USD 60,000",True
DA-00268,"New York, NY",84000.0,90000.0,annual_assumed,Original salary: $84K-$90K (Glassdoor est.); currency: USD; period: annual_assumed,"Eligible: estimated minimum >= USD 60,000",True
DA-00269,"Haworth, NJ",84000.0,90000.0,annual_assumed,Original salary: $84K-$90K (Glassdoor est.); currency: USD; period: annual_assumed,"Eligible: estimated minimum >= USD 60,000",True
DA-00270,"New York, NY",84000.0,90000.0,annual_assumed,Original salary: $84K-$90K (Glassdoor est.); currency: USD; period: annual_assumed,"Eligible: estimated minimum >= USD 60,000",True
DA-00271,"New York, NY",84000.0,90000.0,annual_assumed,Original salary: $84K-$90K (Glassdoor est.); currency: USD; period: annual_assumed,"Eligible: estimated minimum >= USD 60,000",True
DA-00272,"Jersey City, NJ",84000.0,90000.0,annual_assumed,Original salary: $84K-$90K (Glassdoor est.); currency: USD; period: annual_assumed,"Eligible: estimated minimum >= USD 60,000",True
DA-00273,"New York, NY",84000.0,90000.0,annual_assumed,Original salary: $84K-$90K (Glassdoor est.); currency: USD; period: annual_assumed,"Eligible: estimated minimum >= USD 60,000",True
DA-00274,"New York, NY",84000.0,90000.0,annual_assumed,Original salary: $84K-$90K (Glassdoor est.); currency: USD; period: annual_assumed,"Eligible: estimated minimum >= USD 60,000",True
DA-00275,"Jersey City, NJ",84000.0,90000.0,annual_assumed,Original salary: $84K-$90K (Glassdoor est.); currency: USD; period: annual_assumed,"Eligible: estimated minimum >= USD 60,000",True
DA-00276,"New York, NY",84000.0,90000.0,annual_assumed,Original salary: $84K-$90K (Glassdoor est.); currency: USD; period: annual_assumed,"Eligible: estimated minimum >= USD 60,000",True
DA-00277,"Manhasset, NY",84000.0,90000.0,annual_assumed,Original salary: $84K-$90K (Glassdoor est.); currency: USD; period: annual_assumed,"Eligible: estimated minimum >= USD 60,000",True
DA-00278,"New York, NY",84000.0,90000.0,annual_assumed,Original salary: $84K-$90K (Glassdoor est.); currency: USD; period: annual_assumed,"Eligible: estimated minimum >= USD 60,000",True
DA-00279,"Valley Stream, NY",84000.0,90000.0,annual_assumed,Original salary: $84K-$90K (Glassdoor est.); currency: USD; period: annual_assumed,"Eligible: estimated minimum >= USD 60,000",True
DA-00280,"New York, NY",84000.0,90000.0,annual_assumed,Original salary: $84K-$90K (Glassdoor est.); currency: USD; period: annual_assumed,"Eligible: estimated minimum >= USD 60,000",True
DA-00281,"Lake Success, NY",84000.0,90000.0,annual_assumed,Original salary: $84K-$90K (Glassdoor est.); currency: USD; period: annual_assumed,"Eligible: estimated minimum >= USD 60,000",True
DA-00282,"Jersey City, NJ",84000.0,90000.0,annual_assumed,Original salary: $84K-$90K (Glassdoor est.); currency: USD; period: annual_assumed,"Eligible: estimated minimum >= USD 60,000",True
DA-00283,"New York, NY",27000.0,52000.0,annual_assumed,Original salary: $27K-$52K (Glassdoor est.); currency: USD; period: annual_assumed,"Estimated minimum below USD 60,000",False
DA-00284,"Fairfield, NJ",27000.0,52000.0,annual_assumed,Original salary: $27K-$52K (Glassdoor est.); currency: USD; period: annual_assumed,"Estimated minimum below USD 60,000",False
DA-00285,"New York, NY",27000.0,52000.0,annual_assumed,Original salary: $27K-$52K (Glassdoor est.); currency: USD; period: annual_assumed,"Estimated minimum below USD 60,000",False
DA-00286,"New York, NY",27000.0,52000.0,annual_assumed,Original salary: $27K-$52K (Glassdoor est.); currency: USD; period: annual_assumed,"Estimated minimum below USD 60,000",False
DA-00287,"New York, NY",27000.0,52000.0,annual_assumed,Original salary: $27K-$52K (Glassdoor est.); currency: USD; period: annual_assumed,"Estimated minimum below USD 60,000",False
DA-00288,"New York, NY",27000.0,52000.0,annual_assumed,Original salary: $27K-$52K (Glassdoor est.); currency: USD; period: annual_assumed,"Estimated minimum below USD 60,000",False
DA-00289,"Brooklyn, NY",27000.0,52000.0,annual_assumed,Original salary: $27K-$52K (Glassdoor est.); currency: USD; period: annual_assumed,"Estimated minimum below USD 60,000",False
DA-00290,"New York, NY",27000.0,52000.0,annual_assumed,Original salary: $27K-$52K (Glassdoor est.); currency: USD; period: annual_assumed,"Estimated minimum below USD 60,000",False
DA-00291,"New York, NY",27000.0,52000.0,annual_assumed,Original salary: $27K-$52K (Glassdoor est.); currency: USD; period: annual_assumed,"Estimated minimum below USD 60,000",False
DA-00292,"New York, NY",27000.0,52000.0,annual_assumed,Original salary: $27K-$52K (Glassdoor est.); currency: USD; period: annual_assumed,"Estimated minimum below USD 60,000",False
DA-00293,"New York, NY",27000.0,52000.0,annual_assumed,Original salary: $27K-$52K (Glassdoor est.); currency: USD; period: annual_assumed,"Estimated minimum below USD 60,000",False
DA-00294,"New York, NY",27000.0,52000.0,annual_assumed,Original salary: $27K-$52K (Glassdoor est.); currency: USD; period: annual_assumed,"Estimated minimum below USD 60,000",False
DA-00295,"New York, NY",27000.0,52000.0,annual_assumed,Original salary: $27K-$52K (Glassdoor est.); currency: USD; period: annual_assumed,"Estimated minimum below USD 60,000",False
DA-00296,"Summit, NJ",27000.0,52000.0,annual_assumed,Original salary: $27K-$52K (Glassdoor est.); currency: USD; period: annual_assumed,"Estimated minimum below USD 60,000",False
DA-00297,"Berkeley Heights, NJ",27000.0,52000.0,annual_assumed,Original salary: $27K-$52K (Glassdoor est.); currency: USD; period: annual_assumed,"Estimated minimum below USD 60,000",False
DA-00298,"Jersey City, NJ",27000.0,52000.0,annual_assumed,Original salary: $27K-$52K (Glassdoor est.); currency: USD; period: annual_assumed,"Estimated minimum below USD 60,000",False
DA-00299,"New York, NY",27000.0,52000.0,annual_assumed,Original salary: $27K-$52K (Glassdoor est.); currency: USD; period: annual_assumed,"Estimated minimum below USD 60,000",False
DA-00300,"Jersey City, NJ",27000.0,52000.0,annual_assumed,Original salary: $27K-$52K (Glassdoor est.); currency: USD; period: annual_assumed,"Estimated minimum below USD 60,000",False
DA-00301,"New York, NY",27000.0,52000.0,annual_assumed,Original salary: $27K-$52K (Glassdoor est.); currency: USD; period: annual_assumed,"Estimated minimum below USD 60,000",False
DA-00302,"Brooklyn, NY",27000.0,52000.0,annual_assumed,Original salary: $27K-$52K (Glassdoor est.); currency: USD; period: annual_assumed,"Estimated minimum below USD 60,000",False
DA-00303,"Jersey City, NJ",27000.0,52000.0,annual_assumed,Original salary: $27K-$52K (Glassdoor est.); currency: USD; period: annual_assumed,"Estimated minimum below USD 60,000",False
DA-00304,"Essex Fells, NJ",27000.0,52000.0,annual_assumed,Original salary: $27K-$52K (Glassdoor est.); currency: USD; period: annual_assumed,"Estimated minimum below USD 60,000",False
DA-00305,"New York, NY",27000.0,52000.0,annual_assumed,Original salary: $27K-$52K (Glassdoor est.); currency: USD; period: annual_assumed,"Estimated minimum below USD 60,000",False
DA-00306,"Jersey City, NJ",27000.0,52000.0,annual_assumed,Original salary: $27K-$52K (Glassdoor est.); currency: USD; period: annual_assumed,"Estimated minimum below USD 60,000",False
DA-00307,"New York, NY",27000.0,52000.0,annual_assumed,Original salary: $27K-$52K (Glassdoor est.); currency: USD; period: annual_assumed,"Estimated minimum below USD 60,000",False
DA-00308,"New York, NY",27000.0,52000.0,annual_assumed,Original salary: $27K-$52K (Glassdoor est.); currency: USD; period: annual_assumed,"Estimated minimum below USD 60,000",False
DA-00309,"New York, NY",27000.0,52000.0,annual_assumed,Original salary: $27K-$52K (Glassdoor est.); currency: USD; period: annual_assumed,"Estimated minimum below USD 60,000",False
DA-00310,"New York, NY",27000.0,52000.0,annual_assumed,Original salary: $27K-$52K (Glassdoor est.); currency: USD; period: annual_assumed,"Estimated minimum below USD 60,000",False
DA-00311,"South Plainfield, NJ",27000.0,52000.0,annual_assumed,Original salary: $27K-$52K (Glassdoor est.); currency: USD; period: annual_assumed,"Estimated minimum below USD 60,000",False
DA-00312,"Franklin Lakes, NJ",27000.0,52000.0,annual_assumed,Original salary: $27K-$52K (Glassdoor est.); currency: USD; period: annual_assumed,"Estimated minimum below USD 60,000",False
DA-00313,"Lake Success, NY",42000.0,74000.0,annual_assumed,Original salary: $42K-$74K (Glassdoor est.); currency: USD; period: annual_assumed,"Estimated minimum below USD 60,000",False
DA-00314,"New York, NY",42000.0,74000.0,annual_assumed,Original salary: $42K-$74K (Glassdoor est.); currency: USD; period: annual_assumed,"Estimated minimum below USD 60,000",False
DA-00315,"Brooklyn, NY",42000.0,74000.0,annual_assumed,Original salary: $42K-$74K (Glassdoor est.); currency: USD; period: annual_assumed,"Estimated minimum below USD 60,000",False
DA-00316,"New York, NY",42000.0,74000.0,annual_assumed,Original salary: $42K-$74K (Glassdoor est.); currency: USD; period: annual_assumed,"Estimated minimum below USD 60,000",False
DA-00317,"Newark, NJ",42000.0,74000.0,annual_assumed,Original salary: $42K-$74K (Glassdoor est.); currency: USD; period: annual_assumed,"Estimated minimum below USD 60,000",False
DA-00318,"New York, NY",42000.0,74000.0,annual_assumed,Original salary: $42K-$74K (Glassdoor est.); currency: USD; period: annual_assumed,"Estimated minimum below USD 60,000",False
DA-00319,"New York, NY",42000.0,74000.0,annual_assumed,Original salary: $42K-$74K (Glassdoor est.); currency: USD; period: annual_assumed,"Estimated minimum below USD 60,000",False
DA-00320,"New York, NY",42000.0,74000.0,annual_assumed,Original salary: $42K-$74K (Glassdoor est.); currency: USD; period: annual_assumed,"Estimated minimum below USD 60,000",False
DA-00321,"New York, NY",42000.0,74000.0,annual_assumed,Original salary: $42K-$74K (Glassdoor est.); currency: USD; period: annual_assumed,"Estimated minimum below USD 60,000",False
DA-00322,"Mount Vernon, NY",42000.0,74000.0,annual_assumed,Original salary: $42K-$74K (Glassdoor est.); currency: USD; period: annual_assumed,"Estimated minimum below USD 60,000",False
DA-00323,"Jersey City, NJ",42000.0,74000.0,annual_assumed,Original salary: $42K-$74K (Glassdoor est.); currency: USD; period: annual_assumed,"Estimated minimum below USD 60,000",False
DA-00324,"New York, NY",42000.0,74000.0,annual_assumed,Original salary: $42K-$74K (Glassdoor est.); currency: USD; period: annual_assumed,"Estimated minimum below USD 60,000",False
DA-00325,"New York, NY",42000.0,74000.0,annual_assumed,Original salary: $42K-$74K (Glassdoor est.); currency: USD; period: annual_assumed,"Estimated minimum below USD 60,000",False
DA-00326,"New York, NY",42000.0,74000.0,annual_assumed,Original salary: $42K-$74K (Glassdoor est.); currency: USD; period: annual_assumed,"Estimated minimum below USD 60,000",False
DA-00327,"New York, NY",42000.0,74000.0,annual_assumed,Original salary: $42K-$74K (Glassdoor est.); currency: USD; period: annual_assumed,"Estimated minimum below USD 60,000",False
DA-00328,"New York, NY",42000.0,74000.0,annual_assumed,Original salary: $42K-$74K (Glassdoor est.); currency: USD; period: annual_assumed,"Estimated minimum below USD 60,000",False
DA-00329,"New York, NY",42000.0,74000.0,annual_assumed,Original salary: $42K-$74K (Glassdoor est.); currency: USD; period: annual_assumed,"Estimated minimum below USD 60,000",False
DA-00330,"New York, NY",42000.0,74000.0,annual_assumed,Original salary: $42K-$74K (Glassdoor est.); currency: USD; period: annual_assumed,"Estimated minimum below USD 60,000",False
DA-00331,"New York, NY",42000.0,74000.0,annual_assumed,Original salary: $42K-$74K (Glassdoor est.); currency: USD; period: annual_assumed,"Estimated minimum below USD 60,000",False
DA-00332,"New York, NY",42000.0,74000.0,annual_assumed,Original salary: $42K-$74K (Glassdoor est.); currency: USD; period: annual_assumed,"Estimated minimum below USD 60,000",False
DA-00333,"New York, NY",42000.0,74000.0,annual_assumed,Original salary: $42K-$74K (Glassdoor est.); currency: USD; period: annual_assumed,"Estimated minimum below USD 60,000",False
DA-00334,"Jersey City, NJ",42000.0,74000.0,annual_assumed,Original salary: $42K-$74K (Glassdoor est.); currency: USD; period: annual_assumed,"Estimated minimum below USD 60,000",False
DA-00335,"New York, NY",42000.0,74000.0,annual_assumed,Original salary: $42K-$74K (Glassdoor est.); currency: USD; period: annual_assumed,"Estimated minimum below USD 60,000",False
DA-00336,"New York, NY",42000.0,74000.0,annual_assumed,Original salary: $42K-$74K (Glassdoor est.); currency: USD; period: annual_assumed,"Estimated minimum below USD 60,000",False
DA-00337,"New York, NY",42000.0,74000.0,annual_assumed,Original salary: $42K-$74K (Glassdoor est.); currency: USD; period: annual_assumed,"Estimated minimum below USD 60,000",False
DA-00338,"Newark, NJ",42000.0,74000.0,annual_assumed,Original salary: $42K-$74K (Glassdoor est.); currency: USD; period: annual_assumed,"Estimated minimum below USD 60,000",False
DA-00339,"Lake Success, NY",42000.0,74000.0,annual_assumed,Original salary: $42K-$74K (Glassdoor est.); currency: USD; period: annual_assumed,"Estimated minimum below USD 60,000",False
DA-00340,"New York, NY",77000.0,132000.0,annual_assumed,Original salary: $77K-$132K (Glassdoor est.); currency: USD; period: annual_assumed,"Eligible: estimated minimum >= USD 60,000",True
DA-00341,"New York, NY",77000.0,132000.0,annual_assumed,Original salary: $77K-$132K (Glassdoor est.); currency: USD; period: annual_assumed,"Eligible: estimated minimum >= USD 60,000",True
DA-00342,"New York, NY",77000.0,132000.0,annual_assumed,Original salary: $77K-$132K (Glassdoor est.); currency: USD; period: annual_assumed,"Eligible: estimated minimum >= USD 60,000",True
DA-00343,"New York, NY",77000.0,132000.0,annual_assumed,Original salary: $77K-$132K (Glassdoor est.); currency: USD; period: annual_assumed,"Eligible: estimated minimum >= USD 60,000",True
DA-00344,"New York, NY",77000.0,132000.0,annual_assumed,Original salary: $77K-$132K (Glassdoor est.); currency: USD; period: annual_assumed,"Eligible: estimated minimum >= USD 60,000",True
DA-00345,"New York, NY",77000.0,132000.0,annual_assumed,Original salary: $77K-$132K (Glassdoor est.); currency: USD; period: annual_assumed,"Eligible: estimated minimum >= USD 60,000",True
DA-00346,"New York, NY",77000.0,132000.0,annual_assumed,Original salary: $77K-$132K (Glassdoor est.); currency: USD; period: annual_assumed,"Eligible: estimated minimum >= USD 60,000",True
DA-00347,"New York, NY",77000.0,132000.0,annual_assumed,Original salary: $77K-$132K (Glassdoor est.); currency: USD; period: annual_assumed,"Eligible: estimated minimum >= USD 60,000",True
DA-00348,"New York, NY",77000.0,132000.0,annual_assumed,Original salary: $77K-$132K (Glassdoor est.); currency: USD; period: annual_assumed,"Eligible: estimated minimum >= USD 60,000",True
DA-00349,"New York, NY",77000.0,132000.0,annual_assumed,Original salary: $77K-$132K (Glassdoor est.); currency: USD; period: annual_assumed,"Eligible: estimated minimum >= USD 60,000",True
DA-00350,"New York, NY",77000.0,132000.0,annual_assumed,Original salary: $77K-$132K (Glassdoor est.); currency: USD; period: annual_assumed,"Eligible: estimated minimum >= USD 60,000",True
DA-00351,"Jersey City, NJ",77000.0,132000.0,annual_assumed,Original salary: $77K-$132K (Glassdoor est.); currency: USD; period: annual_assumed,"Eligible: estimated minimum >= USD 60,000",True
DA-00352,"New York, NY",77000.0,132000.0,annual_assumed,Original salary: $77K-$132K (Glassdoor est.); currency: USD; period: annual_assumed,"Eligible: estimated minimum >= USD 60,000",True
DA-00353,"Secaucus, NJ",77000.0,132000.0,annual_assumed,Original salary: $77K-$132K (Glassdoor est.); currency: USD; period: annual_assumed,"Eligible: estimated minimum >= USD 60,000",True
DA-00354,"New York, NY",77000.0,132000.0,annual_assumed,Original salary: $77K-$132K (Glassdoor est.); currency: USD; period: annual_assumed,"Eligible: estimated minimum >= USD 60,000",True
DA-00355,"New York, NY",77000.0,132000.0,annual_assumed,Original salary: $77K-$132K (Glassdoor est.); currency: USD; period: annual_assumed,"Eligible: estimated minimum >= USD 60,000",True
DA-00356,"New York, NY",77000.0,132000.0,annual_assumed,Original salary: $77K-$132K (Glassdoor est.); currency: USD; period: annual_assumed,"Eligible: estimated minimum >= USD 60,000",True
DA-00357,"New York, NY",77000.0,132000.0,annual_assumed,Original salary: $77K-$132K (Glassdoor est.); currency: USD; period: annual_assumed,"Eligible: estimated minimum >= USD 60,000",True
DA-00358,"Brooklyn, NY",77000.0,132000.0,annual_assumed,Original salary: $77K-$132K (Glassdoor est.); currency: USD; period: annual_assumed,"Eligible: estimated minimum >= USD 60,000",True
DA-00359,"West Orange, NJ",77000.0,132000.0,annual_assumed,Original salary: $77K-$132K (Glassdoor est.); currency: USD; period: annual_assumed,"Eligible: estimated minimum >= USD 60,000",True
DA-00360,"New York, NY",77000.0,132000.0,annual_assumed,Original salary: $77K-$132K (Glassdoor est.); currency: USD; period: annual_assumed,"Eligible: estimated minimum >= USD 60,000",True
DA-00361,"Jersey City, NJ",77000.0,132000.0,annual_assumed,Original salary: $77K-$132K (Glassdoor est.); currency: USD; period: annual_assumed,"Eligible: estimated minimum >= USD 60,000",True
DA-00362,"Newark, NJ",77000.0,132000.0,annual_assumed,Original salary: $77K-$132K (Glassdoor est.); currency: USD; period: annual_assumed,"Eligible: estimated minimum >= USD 60,000",True
DA-00363,"New York, NY",77000.0,132000.0,annual_assumed,Original salary: $77K-$132K (Glassdoor est.); currency: USD; period: annual_assumed,"Eligible: estimated minimum >= USD 60,000",True
DA-00364,"Far Rockaway, NY",77000.0,132000.0,annual_assumed,Original salary: $77K-$132K (Glassdoor est.); currency: USD; period: annual_assumed,"Eligible: estimated minimum >= USD 60,000",True
DA-00365,"New York, NY",77000.0,132000.0,annual_assumed,Original salary: $77K-$132K (Glassdoor est.); currency: USD; period: annual_assumed,"Eligible: estimated minimum >= USD 60,000",True
DA-00366,"Lake Success, NY",77000.0,132000.0,annual_assumed,Original salary: $77K-$132K (Glassdoor est.); currency: USD; period: annual_assumed,"Eligible: estimated minimum >= USD 60,000",True
DA-00367,"Long Island City, NY",77000.0,132000.0,annual_assumed,Original salary: $77K-$132K (Glassdoor est.); currency: USD; period: annual_assumed,"Eligible: estimated minimum >= USD 60,000",True
DA-00368,"Jersey City, NJ",77000.0,132000.0,annual_assumed,Original salary: $77K-$132K (Glassdoor est.); currency: USD; period: annual_assumed,"Eligible: estimated minimum >= USD 60,000",True
DA-00369,"New York, NY",98000.0,114000.0,annual_assumed,Original salary: $98K-$114K (Glassdoor est.); currency: USD; period: annual_assumed,"Eligible: estimated minimum >= USD 60,000",True
DA-00370,"Florham Park, NJ",98000.0,114000.0,annual_assumed,Original salary: $98K-$114K (Glassdoor est.); currency: USD; period: annual_assumed,"Eligible: estimated minimum >= USD 60,000",True
DA-00371,"New York, NY",98000.0,114000.0,annual_assumed,Original salary: $98K-$114K (Glassdoor est.); currency: USD; period: annual_assumed,"Eligible: estimated minimum >= USD 60,000",True
DA-00372,"Florham Park, NJ",98000.0,114000.0,annual_assumed,Original salary: $98K-$114K (Glassdoor est.); currency: USD; period: annual_assumed,"Eligible: estimated minimum >= USD 60,000",True
DA-00373,"Woodbridge, NJ",98000.0,114000.0,annual_assumed,Original salary: $98K-$114K (Glassdoor est.); currency: USD; period: annual_assumed,"Eligible: estimated minimum >= USD 60,000",True
DA-00374,"New York, NY",98000.0,114000.0,annual_assumed,Original salary: $98K-$114K (Glassdoor est.); currency: USD; period: annual_assumed,"Eligible: estimated minimum >= USD 60,000",True
DA-00375,"New York, NY",98000.0,114000.0,annual_assumed,Original salary: $98K-$114K (Glassdoor est.); currency: USD; period: annual_assumed,"Eligible: estimated minimum >= USD 60,000",True
DA-00376,"Parsippany, NJ",98000.0,114000.0,annual_assumed,Original salary: $98K-$114K (Glassdoor est.); currency: USD; period: annual_assumed,"Eligible: estimated minimum >= USD 60,000",True
DA-00377,"New York, NY",98000.0,114000.0,annual_assumed,Original salary: $98K-$114K (Glassdoor est.); currency: USD; period: annual_assumed,"Eligible: estimated minimum >= USD 60,000",True
DA-00378,"New York, NY",98000.0,114000.0,annual_assumed,Original salary: $98K-$114K (Glassdoor est.); currency: USD; period: annual_assumed,"Eligible: estimated minimum >= USD 60,000",True
DA-00379,"New York, NY",98000.0,114000.0,annual_assumed,Original salary: $98K-$114K (Glassdoor est.); currency: USD; period: annual_assumed,"Eligible: estimated minimum >= USD 60,000",True
DA-00380,"Whippany, NJ",98000.0,114000.0,annual_assumed,Original salary: $98K-$114K (Glassdoor est.); currency: USD; period: annual_assumed,"Eligible: estimated minimum >= USD 60,000",True
DA-00381,"New York, NY",98000.0,114000.0,annual_assumed,Original salary: $98K-$114K (Glassdoor est.); currency: USD; period: annual_assumed,"Eligible: estimated minimum >= USD 60,000",True
DA-00382,"New York, NY",98000.0,114000.0,annual_assumed,Original salary: $98K-$114K (Glassdoor est.); currency: USD; period: annual_assumed,"Eligible: estimated minimum >= USD 60,000",True
DA-00383,"Great Neck, NY",98000.0,114000.0,annual_assumed,Original salary: $98K-$114K (Glassdoor est.); currency: USD; period: annual_assumed,"Eligible: estimated minimum >= USD 60,000",True
DA-00384,"New York, NY",98000.0,114000.0,annual_assumed,Original salary: $98K-$114K (Glassdoor est.); currency: USD; period: annual_assumed,"Eligible: estimated minimum >= USD 60,000",True
DA-00385,"New York, NY",98000.0,114000.0,annual_assumed,Original salary: $98K-$114K (Glassdoor est.); currency: USD; period: annual_assumed,"Eligible: estimated minimum >= USD 60,000",True
DA-00386,"New York, NY",98000.0,114000.0,annual_assumed,Original salary: $98K-$114K (Glassdoor est.); currency: USD; period: annual_assumed,"Eligible: estimated minimum >= USD 60,000",True
DA-00387,"Florham Park, NJ",98000.0,114000.0,annual_assumed,Original salary: $98K-$114K (Glassdoor est.); currency: USD; period: annual_assumed,"Eligible: estimated minimum >= USD 60,000",True
DA-00388,"Jersey City, NJ",98000.0,114000.0,annual_assumed,Original salary: $98K-$114K (Glassdoor est.); currency: USD; period: annual_assumed,"Eligible: estimated minimum >= USD 60,000",True
DA-00389,"Lake Success, NY",98000.0,114000.0,annual_assumed,Original salary: $98K-$114K (Glassdoor est.); currency: USD; period: annual_assumed,"Eligible: estimated minimum >= USD 60,000",True
DA-00390,"New York, NY",98000.0,114000.0,annual_assumed,Original salary: $98K-$114K (Glassdoor est.); currency: USD; period: annual_assumed,"Eligible: estimated minimum >= USD 60,000",True
DA-00391,"New York, NY",98000.0,114000.0,annual_assumed,Original salary: $98K-$114K (Glassdoor est.); currency: USD; period: annual_assumed,"Eligible: estimated minimum >= USD 60,000",True
DA-00392,"New York, NY",98000.0,114000.0,annual_assumed,Original salary: $98K-$114K (Glassdoor est.); currency: USD; period: annual_assumed,"Eligible: estimated minimum >= USD 60,000",True
DA-00393,"Hoboken, NJ",98000.0,114000.0,annual_assumed,Original salary: $98K-$114K (Glassdoor est.); currency: USD; period: annual_assumed,"Eligible: estimated minimum >= USD 60,000",True
DA-00394,"New York, NY",98000.0,114000.0,annual_assumed,Original salary: $98K-$114K (Glassdoor est.); currency: USD; period: annual_assumed,"Eligible: estimated minimum >= USD 60,000",True
DA-00395,"New York, NY",98000.0,114000.0,annual_assumed,Original salary: $98K-$114K (Glassdoor est.); currency: USD; period: annual_assumed,"Eligible: estimated minimum >= USD 60,000",True
DA-00396,"Hoboken, NJ",98000.0,114000.0,annual_assumed,Original salary: $98K-$114K (Glassdoor est.); currency: USD; period: annual_assumed,"Eligible: estimated minimum >= USD 60,000",True
DA-00397,"West Orange, NJ",98000.0,114000.0,annual_assumed,Original salary: $98K-$114K (Glassdoor est.); currency: USD; period: annual_assumed,"Eligible: estimated minimum >= USD 60,000",True
DA-00398,"New York, NY",98000.0,114000.0,annual_assumed,Original salary: $98K-$114K (Glassdoor est.); currency: USD; period: annual_assumed,"Eligible: estimated minimum >= USD 60,000",True
DA-00399,"New York, NY",48000.0,96000.0,annual_assumed,Original salary: $48K-$96K (Glassdoor est.); currency: USD; period: annual_assumed,"Estimated minimum below USD 60,000",False
DA-00400,"Jersey City, NJ",48000.0,96000.0,annual_assumed,Original salary: $48K-$96K (Glassdoor est.); currency: USD; period: annual_assumed,"Estimated minimum below USD 60,000",False
DA-00401,"Staten Island, NY",48000.0,96000.0,annual_assumed,Original salary: $48K-$96K (Glassdoor est.); currency: USD; period: annual_assumed,"Estimated minimum below USD 60,000",False
DA-00402,"New York, NY",48000.0,96000.0,annual_assumed,Original salary: $48K-$96K (Glassdoor est.); currency: USD; period: annual_assumed,"Estimated minimum below USD 60,000",False
DA-00403,"New York, NY",48000.0,96000.0,annual_assumed,Original salary: $48K-$96K (Glassdoor est.); currency: USD; period: annual_assumed,"Estimated minimum below USD 60,000",False
DA-00404,"New York, NY",48000.0,96000.0,annual_assumed,Original salary: $48K-$96K (Glassdoor est.); currency: USD; period: annual_assumed,"Estimated minimum below USD 60,000",False
DA-00405,"Harrison, NY",48000.0,96000.0,annual_assumed,Original salary: $48K-$96K (Glassdoor est.); currency: USD; period: annual_assumed,"Estimated minimum below USD 60,000",False
DA-00406,"Florham Park, NJ",48000.0,96000.0,annual_assumed,Original salary: $48K-$96K (Glassdoor est.); currency: USD; period: annual_assumed,"Estimated minimum below USD 60,000",False
DA-00407,"Jersey City, NJ",48000.0,96000.0,annual_assumed,Original salary: $48K-$96K (Glassdoor est.); currency: USD; period: annual_assumed,"Estimated minimum below USD 60,000",False
DA-00408,"Brooklyn, NY",48000.0,96000.0,annual_assumed,Original salary: $48K-$96K (Glassdoor est.); currency: USD; period: annual_assumed,"Estimated minimum below USD 60,000",False
DA-00409,"New York, NY",48000.0,96000.0,annual_assumed,Original salary: $48K-$96K (Glassdoor est.); currency: USD; period: annual_assumed,"Estimated minimum below USD 60,000",False
DA-00410,"New York, NY",48000.0,96000.0,annual_assumed,Original salary: $48K-$96K (Glassdoor est.); currency: USD; period: annual_assumed,"Estimated minimum below USD 60,000",False
DA-00411,"Iselin, NJ",48000.0,96000.0,annual_assumed,Original salary: $48K-$96K (Glassdoor est.); currency: USD; period: annual_assumed,"Estimated minimum below USD 60,000",False
DA-00412,"Montvale, NJ",48000.0,96000.0,annual_assumed,Original salary: $48K-$96K (Glassdoor est.); currency: USD; period: annual_assumed,"Estimated minimum below USD 60,000",False
DA-00413,"Whippany, NJ",48000.0,96000.0,annual_assumed,Original salary: $48K-$96K (Glassdoor est.); currency: USD; period: annual_assumed,"Estimated minimum below USD 60,000",False
DA-00414,"Woodcliff Lake, NJ",48000.0,96000.0,annual_assumed,Original salary: $48K-$96K (Glassdoor est.); currency: USD; period: annual_assumed,"Estimated minimum below USD 60,000",False
DA-00415,"New York, NY",48000.0,96000.0,annual_assumed,Original salary: $48K-$96K (Glassdoor est.); currency: USD; period: annual_assumed,"Estimated minimum below USD 60,000",False
DA-00416,"Brooklyn, NY",48000.0,96000.0,annual_assumed,Original salary: $48K-$96K (Glassdoor est.); currency: USD; period: annual_assumed,"Estimated minimum below USD 60,000",False
DA-00417,"Bronx, NY",48000.0,96000.0,annual_assumed,Original salary: $48K-$96K (Glassdoor est.); currency: USD; period: annual_assumed,"Estimated minimum below USD 60,000",False
DA-00418,"Parsippany, NJ",48000.0,96000.0,annual_assumed,Original salary: $48K-$96K (Glassdoor est.); currency: USD; period: annual_assumed,"Estimated minimum below USD 60,000",False
DA-00419,"Franklin Lakes, NJ",48000.0,96000.0,annual_assumed,Original salary: $48K-$96K (Glassdoor est.); currency: USD; period: annual_assumed,"Estimated minimum below USD 60,000",False
DA-00420,"New York, NY",48000.0,96000.0,annual_assumed,Original salary: $48K-$96K (Glassdoor est.); currency: USD; period: annual_assumed,"Estimated minimum below USD 60,000",False
DA-00421,"Salt Lake City, UT",26000.0,47000.0,annual_assumed,Original salary: $26K-$47K (Glassdoor est.); currency: USD; period: annual_assumed,"Estimated minimum below USD 60,000",False
DA-00422,"West Jordan, UT",26000.0,47000.0,annual_assumed,Original salary: $26K-$47K (Glassdoor est.); currency: USD; period: annual_assumed,"Estimated minimum below USD 60,000",False
DA-00423,"Salt Lake City, UT",26000.0,47000.0,annual_assumed,Original salary: $26K-$47K (Glassdoor est.); currency: USD; period: annual_assumed,"Estimated minimum below USD 60,000",False
DA-00424,"Salt Lake City, UT",26000.0,47000.0,annual_assumed,Original salary: $26K-$47K (Glassdoor est.); currency: USD; period: annual_assumed,"Estimated minimum below USD 60,000",False
DA-00425,"Salt Lake City, UT",26000.0,47000.0,annual_assumed,Original salary: $26K-$47K (Glassdoor est.); currency: USD; period: annual_assumed,"Estimated minimum below USD 60,000",False
DA-00426,"Salt Lake City, UT",26000.0,47000.0,annual_assumed,Original salary: $26K-$47K (Glassdoor est.); currency: USD; period: annual_assumed,"Estimated minimum below USD 60,000",False
DA-00427,"Salt Lake City, UT",26000.0,47000.0,annual_assumed,Original salary: $26K-$47K (Glassdoor est.); currency: USD; period: annual_assumed,"Estimated minimum below USD 60,000",False
DA-00428,"Lehi, UT",26000.0,47000.0,annual_assumed,Original salary: $26K-$47K (Glassdoor est.); currency: USD; period: annual_assumed,"Estimated minimum below USD 60,000",False
DA-00429,"Salt Lake City, UT",26000.0,47000.0,annual_assumed,Original salary: $26K-$47K (Glassdoor est.); currency: USD; period: annual_assumed,"Estimated minimum below USD 60,000",False
DA-00430,"Salt Lake City, UT",26000.0,47000.0,annual_assumed,Original salary: $26K-$47K (Glassdoor est.); currency: USD; period: annual_assumed,"Estimated minimum below USD 60,000",False
DA-00431,"Salt Lake City, UT",26000.0,47000.0,annual_assumed,Original salary: $26K-$47K (Glassdoor est.); currency: USD; period: annual_assumed,"Estimated minimum below USD 60,000",False
DA-00432,"Salt Lake City, UT",26000.0,47000.0,annual_assumed,Original salary: $26K-$47K (Glassdoor est.); currency: USD; period: annual_assumed,"Estimated minimum below USD 60,000",False
DA-00433,"Salt Lake City, UT",26000.0,47000.0,annual_assumed,Original salary: $26K-$47K (Glassdoor est.); currency: USD; period: annual_assumed,"Estimated minimum below USD 60,000",False
DA-00434,"Salt Lake City, UT",26000.0,47000.0,annual_assumed,Original salary: $26K-$47K (Glassdoor est.); currency: USD; period: annual_assumed,"Estimated minimum below USD 60,000",False
DA-00435,"Lehi, UT",26000.0,47000.0,annual_assumed,Original salary: $26K-$47K (Glassdoor est.); currency: USD; period: annual_assumed,"Estimated minimum below USD 60,000",False
DA-00436,"Salt Lake City, UT",26000.0,47000.0,annual_assumed,Original salary: $26K-$47K (Glassdoor est.); currency: USD; period: annual_assumed,"Estimated minimum below USD 60,000",False
DA-00437,"Salt Lake City, UT",26000.0,47000.0,annual_assumed,Original salary: $26K-$47K (Glassdoor est.); currency: USD; period: annual_assumed,"Estimated minimum below USD 60,000",False
DA-00438,"Salt Lake City, UT",26000.0,47000.0,annual_assumed,Original salary: $26K-$47K (Glassdoor est.); currency: USD; period: annual_assumed,"Estimated minimum below USD 60,000",False
DA-00439,"Salt Lake City, UT",26000.0,47000.0,annual_assumed,Original salary: $26K-$47K (Glassdoor est.); currency: USD; period: annual_assumed,"Estimated minimum below USD 60,000",False
DA-00440,"Salt Lake City, UT",26000.0,47000.0,annual_assumed,Original salary: $26K-$47K (Glassdoor est.); currency: USD; period: annual_assumed,"Estimated minimum below USD 60,000",False
DA-00441,"Draper, UT",26000.0,47000.0,annual_assumed,Original salary: $26K-$47K (Glassdoor est.); currency: USD; period: annual_assumed,"Estimated minimum below USD 60,000",False
DA-00442,"Lehi, UT",26000.0,47000.0,annual_assumed,Original salary: $26K-$47K (Glassdoor est.); currency: USD; period: annual_assumed,"Estimated minimum below USD 60,000",False
DA-00443,"American Fork, UT",26000.0,47000.0,annual_assumed,Original salary: $26K-$47K (Glassdoor est.); currency: USD; period: annual_assumed,"Estimated minimum below USD 60,000",False
DA-00444,"Salt Lake City, UT",26000.0,47000.0,annual_assumed,Original salary: $26K-$47K (Glassdoor est.); currency: USD; period: annual_assumed,"Estimated minimum below USD 60,000",False
DA-00445,"Sandy, UT",26000.0,47000.0,annual_assumed,Original salary: $26K-$47K (Glassdoor est.); currency: USD; period: annual_assumed,"Estimated minimum below USD 60,000",False
DA-00446,"Salt Lake City, UT",26000.0,47000.0,annual_assumed,Original salary: $26K-$47K (Glassdoor est.); currency: USD; period: annual_assumed,"Estimated minimum below USD 60,000",False
DA-00447,"Lehi, UT",26000.0,47000.0,annual_assumed,Original salary: $26K-$47K (Glassdoor est.); currency: USD; period: annual_assumed,"Estimated minimum below USD 60,000",False
DA-00448,"Riverton, UT",26000.0,47000.0,annual_assumed,Original salary: $26K-$47K (Glassdoor est.); currency: USD; period: annual_assumed,"Estimated minimum below USD 60,000",False
DA-00449,"Draper, UT",26000.0,47000.0,annual_assumed,Original salary: $26K-$47K (Glassdoor est.); currency: USD; period: annual_assumed,"Estimated minimum below USD 60,000",False
DA-00450,"Salt Lake City, UT",31000.0,59000.0,annual_assumed,Original salary: $31K-$59K (Glassdoor est.); currency: USD; period: annual_assumed,"Estimated minimum below USD 60,000",False
DA-00451,"Lehi, UT",31000.0,59000.0,annual_assumed,Original salary: $31K-$59K (Glassdoor est.); currency: USD; period: annual_assumed,"Estimated minimum below USD 60,000",False
DA-00452,"Salt Lake City, UT",31000.0,59000.0,annual_assumed,Original salary: $31K-$59K (Glassdoor est.); currency: USD; period: annual_assumed,"Estimated minimum below USD 60,000",False
DA-00453,"Salt Lake City, UT",31000.0,59000.0,annual_assumed,Original salary: $31K-$59K (Glassdoor est.); currency: USD; period: annual_assumed,"Estimated minimum below USD 60,000",False
DA-00454,"Reedley, CA",47000.0,81000.0,annual_assumed,Original salary: $47K-$81K (Glassdoor est.); currency: USD; period: annual_assumed,"Estimated minimum below USD 60,000",False
DA-00455,"Visalia, CA",47000.0,81000.0,annual_assumed,Original salary: $47K-$81K (Glassdoor est.); currency: USD; period: annual_assumed,"Estimated minimum below USD 60,000",False
DA-00456,"Hanford, CA",47000.0,81000.0,annual_assumed,Original salary: $47K-$81K (Glassdoor est.); currency: USD; period: annual_assumed,"Estimated minimum below USD 60,000",False
DA-00457,"Hampton, VA",43000.0,69000.0,annual_assumed,Original salary: $43K-$69K (Glassdoor est.); currency: USD; period: annual_assumed,"Estimated minimum below USD 60,000",False
DA-00458,"Hampton, VA",43000.0,69000.0,annual_assumed,Original salary: $43K-$69K (Glassdoor est.); currency: USD; period: annual_assumed,"Estimated minimum below USD 60,000",False
DA-00459,"Norfolk, VA",43000.0,69000.0,annual_assumed,Original salary: $43K-$69K (Glassdoor est.); currency: USD; period: annual_assumed,"Estimated minimum below USD 60,000",False
DA-00460,"Hampton, VA",43000.0,69000.0,annual_assumed,Original salary: $43K-$69K (Glassdoor est.); currency: USD; period: annual_assumed,"Estimated minimum below USD 60,000",False
DA-00461,"Hampton, VA",43000.0,69000.0,annual_assumed,Original salary: $43K-$69K (Glassdoor est.); currency: USD; period: annual_assumed,"Estimated minimum below USD 60,000",False
DA-00462,"Portsmouth, VA",43000.0,69000.0,annual_assumed,Original salary: $43K-$69K (Glassdoor est.); currency: USD; period: annual_assumed,"Estimated minimum below USD 60,000",False
DA-00463,"Norfolk, VA",43000.0,69000.0,annual_assumed,Original salary: $43K-$69K (Glassdoor est.); currency: USD; period: annual_assumed,"Estimated minimum below USD 60,000",False
DA-00464,"Norfolk, VA",43000.0,69000.0,annual_assumed,Original salary: $43K-$69K (Glassdoor est.); currency: USD; period: annual_assumed,"Estimated minimum below USD 60,000",False
DA-00465,"Norfolk, VA",43000.0,69000.0,annual_assumed,Original salary: $43K-$69K (Glassdoor est.); currency: USD; period: annual_assumed,"Estimated minimum below USD 60,000",False
DA-00466,"Hampton, VA",43000.0,69000.0,annual_assumed,Original salary: $43K-$69K (Glassdoor est.); currency: USD; period: annual_assumed,"Estimated minimum below USD 60,000",False
DA-00467,"Portsmouth, VA",43000.0,69000.0,annual_assumed,Original salary: $43K-$69K (Glassdoor est.); currency: USD; period: annual_assumed,"Estimated minimum below USD 60,000",False
DA-00468,"Chesapeake, VA",43000.0,69000.0,annual_assumed,Original salary: $43K-$69K (Glassdoor est.); currency: USD; period: annual_assumed,"Estimated minimum below USD 60,000",False
DA-00469,"Smithfield, VA",43000.0,69000.0,annual_assumed,Original salary: $43K-$69K (Glassdoor est.); currency: USD; period: annual_assumed,"Estimated minimum below USD 60,000",False
DA-00470,"Suffolk, VA",43000.0,69000.0,annual_assumed,Original salary: $43K-$69K (Glassdoor est.); currency: USD; period: annual_assumed,"Estimated minimum below USD 60,000",False
DA-00471,"Norfolk, VA",43000.0,69000.0,annual_assumed,Original salary: $43K-$69K (Glassdoor est.); currency: USD; period: annual_assumed,"Estimated minimum below USD 60,000",False
DA-00472,"Norfolk, VA",43000.0,69000.0,annual_assumed,Original salary: $43K-$69K (Glassdoor est.); currency: USD; period: annual_assumed,"Estimated minimum below USD 60,000",False
DA-00473,"Hampton, VA",43000.0,69000.0,annual_assumed,Original salary: $43K-$69K (Glassdoor est.); currency: USD; period: annual_assumed,"Estimated minimum below USD 60,000",False
DA-00474,"Norfolk, VA",43000.0,69000.0,annual_assumed,Original salary: $43K-$69K (Glassdoor est.); currency: USD; period: annual_assumed,"Estimated minimum below USD 60,000",False
DA-00475,"Hampton, VA",43000.0,69000.0,annual_assumed,Original salary: $43K-$69K (Glassdoor est.); currency: USD; period: annual_assumed,"Estimated minimum below USD 60,000",False
DA-00476,"Newport News, VA",43000.0,69000.0,annual_assumed,Original salary: $43K-$69K (Glassdoor est.); currency: USD; period: annual_assumed,"Estimated minimum below USD 60,000",False
DA-00477,"Hampton, VA",43000.0,69000.0,annual_assumed,Original salary: $43K-$69K (Glassdoor est.); currency: USD; period: annual_assumed,"Estimated minimum below USD 60,000",False
DA-00478,"Portsmouth, VA",43000.0,69000.0,annual_assumed,Original salary: $43K-$69K (Glassdoor est.); currency: USD; period: annual_assumed,"Estimated minimum below USD 60,000",False
DA-00479,"Newport News, VA",43000.0,69000.0,annual_assumed,Original salary: $43K-$69K (Glassdoor est.); currency: USD; period: annual_assumed,"Estimated minimum below USD 60,000",False
DA-00480,"Hampton, VA",43000.0,69000.0,annual_assumed,Original salary: $43K-$69K (Glassdoor est.); currency: USD; period: annual_assumed,"Estimated minimum below USD 60,000",False
DA-00481,"Hampton, VA",43000.0,69000.0,annual_assumed,Original salary: $43K-$69K (Glassdoor est.); currency: USD; period: annual_assumed,"Estimated minimum below USD 60,000",False
DA-00482,"Norfolk, VA",43000.0,69000.0,annual_assumed,Original salary: $43K-$69K (Glassdoor est.); currency: USD; period: annual_assumed,"Estimated minimum below USD 60,000",False
DA-00483,"Virginia Beach, VA",43000.0,69000.0,annual_assumed,Original salary: $43K-$69K (Glassdoor est.); currency: USD; period: annual_assumed,"Estimated minimum below USD 60,000",False
DA-00484,"Hampton, VA",43000.0,69000.0,annual_assumed,Original salary: $43K-$69K (Glassdoor est.); currency: USD; period: annual_assumed,"Estimated minimum below USD 60,000",False
DA-00485,"Yorktown, VA",43000.0,69000.0,annual_assumed,Original salary: $43K-$69K (Glassdoor est.); currency: USD; period: annual_assumed,"Estimated minimum below USD 60,000",False
DA-00486,"Portsmouth, VA",43000.0,69000.0,annual_assumed,Original salary: $43K-$69K (Glassdoor est.); currency: USD; period: annual_assumed,"Estimated minimum below USD 60,000",False
DA-00487,"Hampton, VA",49000.0,112000.0,annual_assumed,Original salary: $49K-$112K (Glassdoor est.); currency: USD; period: annual_assumed,"Estimated minimum below USD 60,000",False
DA-00488,"Chesapeake, VA",49000.0,112000.0,annual_assumed,Original salary: $49K-$112K (Glassdoor est.); currency: USD; period: annual_assumed,"Estimated minimum below USD 60,000",False
DA-00489,"Hampton, VA",49000.0,112000.0,annual_assumed,Original salary: $49K-$112K (Glassdoor est.); currency: USD; period: annual_assumed,"Estimated minimum below USD 60,000",False
DA-00490,"Norfolk, VA",49000.0,112000.0,annual_assumed,Original salary: $49K-$112K (Glassdoor est.); currency: USD; period: annual_assumed,"Estimated minimum below USD 60,000",False
DA-00491,"Norfolk, VA",49000.0,112000.0,annual_assumed,Original salary: $49K-$112K (Glassdoor est.); currency: USD; period: annual_assumed,"Estimated minimum below USD 60,000",False
DA-00492,"Norfolk, VA",49000.0,112000.0,annual_assumed,Original salary: $49K-$112K (Glassdoor est.); currency: USD; period: annual_assumed,"Estimated minimum below USD 60,000",False
DA-00493,"Norfolk, VA",49000.0,112000.0,annual_assumed,Original salary: $49K-$112K (Glassdoor est.); currency: USD; period: annual_assumed,"Estimated minimum below USD 60,000",False
DA-00494,"Fort Eustis, VA",49000.0,112000.0,annual_assumed,Original salary: $49K-$112K (Glassdoor est.); currency: USD; period: annual_assumed,"Estimated minimum below USD 60,000",False
DA-00495,"Portsmouth, VA",49000.0,112000.0,annual_assumed,Original salary: $49K-$112K (Glassdoor est.); currency: USD; period: annual_assumed,"Estimated minimum below USD 60,000",False
DA-00496,"Norfolk, VA",49000.0,112000.0,annual_assumed,Original salary: $49K-$112K (Glassdoor est.); currency: USD; period: annual_assumed,"Estimated minimum below USD 60,000",False
DA-00497,"Norfolk, VA",49000.0,112000.0,annual_assumed,Original salary: $49K-$112K (Glassdoor est.); currency: USD; period: annual_assumed,"Estimated minimum below USD 60,000",False
DA-00498,"Norfolk, VA",49000.0,112000.0,annual_assumed,Original salary: $49K-$112K (Glassdoor est.); currency: USD; period: annual_assumed,"Estimated minimum below USD 60,000",False
DA-00499,"Portsmouth, VA",49000.0,112000.0,annual_assumed,Original salary: $49K-$112K (Glassdoor est.); currency: USD; period: annual_assumed,"Estimated minimum below USD 60,000",False
DA-00500,"Norfolk, VA",49000.0,112000.0,annual_assumed,Original salary: $49K-$112K (Glassdoor est.); currency: USD; period: annual_assumed,"Estimated minimum below USD 60,000",False
DA-00501,"Chesapeake, VA",49000.0,112000.0,annual_assumed,Original salary: $49K-$112K (Glassdoor est.); currency: USD; period: annual_assumed,"Estimated minimum below USD 60,000",False
DA-00502,"Portsmouth, VA",49000.0,112000.0,annual_assumed,Original salary: $49K-$112K (Glassdoor est.); currency: USD; period: annual_assumed,"Estimated minimum below USD 60,000",False
DA-00503,"Norfolk, VA",49000.0,112000.0,annual_assumed,Original salary: $49K-$112K (Glassdoor est.); currency: USD; period: annual_assumed,"Estimated minimum below USD 60,000",False
DA-00504,"Norfolk, VA",49000.0,112000.0,annual_assumed,Original salary: $49K-$112K (Glassdoor est.); currency: USD; period: annual_assumed,"Estimated minimum below USD 60,000",False
DA-00505,"Gainesville, FL",30000.0,54000.0,annual_assumed,Original salary: $30K-$54K (Glassdoor est.); currency: USD; period: annual_assumed,"Estimated minimum below USD 60,000",False
DA-00506,"Gainesville, FL",30000.0,54000.0,annual_assumed,Original salary: $30K-$54K (Glassdoor est.); currency: USD; period: annual_assumed,"Estimated minimum below USD 60,000",False
DA-00507,"Gainesville, FL",30000.0,54000.0,annual_assumed,Original salary: $30K-$54K (Glassdoor est.); currency: USD; period: annual_assumed,"Estimated minimum below USD 60,000",False
DA-00508,"Gainesville, FL",30000.0,54000.0,annual_assumed,Original salary: $30K-$54K (Glassdoor est.); currency: USD; period: annual_assumed,"Estimated minimum below USD 60,000",False
DA-00509,"Alachua, FL",30000.0,54000.0,annual_assumed,Original salary: $30K-$54K (Glassdoor est.); currency: USD; period: annual_assumed,"Estimated minimum below USD 60,000",False
DA-00510,"Gainesville, FL",30000.0,54000.0,annual_assumed,Original salary: $30K-$54K (Glassdoor est.); currency: USD; period: annual_assumed,"Estimated minimum below USD 60,000",False
DA-00511,"Gainesville, FL",30000.0,54000.0,annual_assumed,Original salary: $30K-$54K (Glassdoor est.); currency: USD; period: annual_assumed,"Estimated minimum below USD 60,000",False
DA-00512,"Gainesville, FL",30000.0,54000.0,annual_assumed,Original salary: $30K-$54K (Glassdoor est.); currency: USD; period: annual_assumed,"Estimated minimum below USD 60,000",False
DA-00513,"El Segundo, CA",55000.0,103000.0,annual_assumed,Original salary: $55K-$103K (Glassdoor est.); currency: USD; period: annual_assumed,"Estimated minimum below USD 60,000",False
DA-00514,"Santa Monica, CA",55000.0,103000.0,annual_assumed,Original salary: $55K-$103K (Glassdoor est.); currency: USD; period: annual_assumed,"Estimated minimum below USD 60,000",False
DA-00515,"Los Angeles, CA",55000.0,103000.0,annual_assumed,Original salary: $55K-$103K (Glassdoor est.); currency: USD; period: annual_assumed,"Estimated minimum below USD 60,000",False
DA-00516,"Los Angeles, CA",55000.0,103000.0,annual_assumed,Original salary: $55K-$103K (Glassdoor est.); currency: USD; period: annual_assumed,"Estimated minimum below USD 60,000",False
DA-00517,"Hermosa Beach, CA",55000.0,103000.0,annual_assumed,Original salary: $55K-$103K (Glassdoor est.); currency: USD; period: annual_assumed,"Estimated minimum below USD 60,000",False
DA-00518,"Los Angeles, CA",55000.0,103000.0,annual_assumed,Original salary: $55K-$103K (Glassdoor est.); currency: USD; period: annual_assumed,"Estimated minimum below USD 60,000",False
DA-00519,"Gardena, CA",55000.0,103000.0,annual_assumed,Original salary: $55K-$103K (Glassdoor est.); currency: USD; period: annual_assumed,"Estimated minimum below USD 60,000",False
DA-00520,"Los Angeles, CA",55000.0,103000.0,annual_assumed,Original salary: $55K-$103K (Glassdoor est.); currency: USD; period: annual_assumed,"Estimated minimum below USD 60,000",False
DA-00521,"Los Angeles, CA",55000.0,103000.0,annual_assumed,Original salary: $55K-$103K (Glassdoor est.); currency: USD; period: annual_assumed,"Estimated minimum below USD 60,000",False
DA-00522,"Burbank, CA",55000.0,103000.0,annual_assumed,Original salary: $55K-$103K (Glassdoor est.); currency: USD; period: annual_assumed,"Estimated minimum below USD 60,000",False
DA-00523,"Los Angeles, CA",55000.0,103000.0,annual_assumed,Original salary: $55K-$103K (Glassdoor est.); currency: USD; period: annual_assumed,"Estimated minimum below USD 60,000",False
DA-00524,"Los Angeles, CA",55000.0,103000.0,annual_assumed,Original salary: $55K-$103K (Glassdoor est.); currency: USD; period: annual_assumed,"Estimated minimum below USD 60,000",False
DA-00525,"Los Angeles, CA",55000.0,103000.0,annual_assumed,Original salary: $55K-$103K (Glassdoor est.); currency: USD; period: annual_assumed,"Estimated minimum below USD 60,000",False
DA-00526,"Los Angeles, CA",55000.0,103000.0,annual_assumed,Original salary: $55K-$103K (Glassdoor est.); currency: USD; period: annual_assumed,"Estimated minimum below USD 60,000",False
DA-00527,"Los Angeles, CA",55000.0,103000.0,annual_assumed,Original salary: $55K-$103K (Glassdoor est.); currency: USD; period: annual_assumed,"Estimated minimum below USD 60,000",False
DA-00528,"Los Angeles, CA",55000.0,103000.0,annual_assumed,Original salary: $55K-$103K (Glassdoor est.); currency: USD; period: annual_assumed,"Estimated minimum below USD 60,000",False
DA-00529,"Los Angeles, CA",55000.0,103000.0,annual_assumed,Original salary: $55K-$103K (Glassdoor est.); currency: USD; period: annual_assumed,"Estimated minimum below USD 60,000",False
DA-00530,"Culver City, CA",55000.0,103000.0,annual_assumed,Original salary: $55K-$103K (Glassdoor est.); currency: USD; period: annual_assumed,"Estimated minimum below USD 60,000",False
DA-00531,"Los Angeles, CA",55000.0,103000.0,annual_assumed,Original salary: $55K-$103K (Glassdoor est.); currency: USD; period: annual_assumed,"Estimated minimum below USD 60,000",False
DA-00532,"Glendale, CA",55000.0,103000.0,annual_assumed,Original salary: $55K-$103K (Glassdoor est.); currency: USD; period: annual_assumed,"Estimated minimum below USD 60,000",False
DA-00533,"Los Angeles, CA",55000.0,103000.0,annual_assumed,Original salary: $55K-$103K (Glassdoor est.); currency: USD; period: annual_assumed,"Estimated minimum below USD 60,000",False
DA-00534,"Los Angeles, CA",55000.0,103000.0,annual_assumed,Original salary: $55K-$103K (Glassdoor est.); currency: USD; period: annual_assumed,"Estimated minimum below USD 60,000",False
DA-00535,"Los Angeles, CA",55000.0,103000.0,annual_assumed,Original salary: $55K-$103K (Glassdoor est.); currency: USD; period: annual_assumed,"Estimated minimum below USD 60,000",False
DA-00536,"El Segundo, CA",55000.0,103000.0,annual_assumed,Original salary: $55K-$103K (Glassdoor est.); currency: USD; period: annual_assumed,"Estimated minimum below USD 60,000",False
DA-00537,"El Segundo, CA",55000.0,103000.0,annual_assumed,Original salary: $55K-$103K (Glassdoor est.); currency: USD; period: annual_assumed,"Estimated minimum below USD 60,000",False
DA-00538,"El Segundo, CA",55000.0,103000.0,annual_assumed,Original salary: $55K-$103K (Glassdoor est.); currency: USD; period: annual_assumed,"Estimated minimum below USD 60,000",False
DA-00539,"Santa Monica, CA",55000.0,103000.0,annual_assumed,Original salary: $55K-$103K (Glassdoor est.); currency: USD; period: annual_assumed,"Estimated minimum below USD 60,000",False
DA-00540,"Los Angeles, CA",55000.0,103000.0,annual_assumed,Original salary: $55K-$103K (Glassdoor est.); currency: USD; period: annual_assumed,"Estimated minimum below USD 60,000",False
DA-00541,"Inglewood, CA",55000.0,103000.0,annual_assumed,Original salary: $55K-$103K (Glassdoor est.); currency: USD; period: annual_assumed,"Estimated minimum below USD 60,000",False
DA-00542,"Los Angeles, CA",37000.0,70000.0,annual_assumed,Original salary: $37K-$70K (Glassdoor est.); currency: USD; period: annual_assumed,"Estimated minimum below USD 60,000",False
DA-00543,"Glendale, CA",37000.0,70000.0,annual_assumed,Original salary: $37K-$70K (Glassdoor est.); currency: USD; period: annual_assumed,"Estimated minimum below USD 60,000",False
DA-00544,"Los Angeles, CA",37000.0,70000.0,annual_assumed,Original salary: $37K-$70K (Glassdoor est.); currency: USD; period: annual_assumed,"Estimated minimum below USD 60,000",False
DA-00545,"Los Angeles, CA",37000.0,70000.0,annual_assumed,Original salary: $37K-$70K (Glassdoor est.); currency: USD; period: annual_assumed,"Estimated minimum below USD 60,000",False
DA-00546,"Glendale, CA",37000.0,70000.0,annual_assumed,Original salary: $37K-$70K (Glassdoor est.); currency: USD; period: annual_assumed,"Estimated minimum below USD 60,000",False
DA-00547,"Los Angeles, CA",37000.0,70000.0,annual_assumed,Original salary: $37K-$70K (Glassdoor est.); currency: USD; period: annual_assumed,"Estimated minimum below USD 60,000",False
DA-00548,"Los Angeles, CA",37000.0,70000.0,annual_assumed,Original salary: $37K-$70K (Glassdoor est.); currency: USD; period: annual_assumed,"Estimated minimum below USD 60,000",False
DA-00549,"Venice, CA",37000.0,70000.0,annual_assumed,Original salary: $37K-$70K (Glassdoor est.); currency: USD; period: annual_assumed,"Estimated minimum below USD 60,000",False
DA-00550,"Pasadena, CA",37000.0,70000.0,annual_assumed,Original salary: $37K-$70K (Glassdoor est.); currency: USD; period: annual_assumed,"Estimated minimum below USD 60,000",False
DA-00551,"Pasadena, CA",37000.0,70000.0,annual_assumed,Original salary: $37K-$70K (Glassdoor est.); currency: USD; period: annual_assumed,"Estimated minimum below USD 60,000",False
DA-00552,"Santa Monica, CA",37000.0,70000.0,annual_assumed,Original salary: $37K-$70K (Glassdoor est.); currency: USD; period: annual_assumed,"Estimated minimum below USD 60,000",False
DA-00553,"El Segundo, CA",37000.0,70000.0,annual_assumed,Original salary: $37K-$70K (Glassdoor est.); currency: USD; period: annual_assumed,"Estimated minimum below USD 60,000",False
DA-00554,"Los Angeles, CA",37000.0,70000.0,annual_assumed,Original salary: $37K-$70K (Glassdoor est.); currency: USD; period: annual_assumed,"Estimated minimum below USD 60,000",False
DA-00555,"Cerritos, CA",37000.0,70000.0,annual_assumed,Original salary: $37K-$70K (Glassdoor est.); currency: USD; period: annual_assumed,"Estimated minimum below USD 60,000",False
DA-00556,"Los Angeles, CA",37000.0,70000.0,annual_assumed,Original salary: $37K-$70K (Glassdoor est.); currency: USD; period: annual_assumed,"Estimated minimum below USD 60,000",False
DA-00557,"Burbank, CA",37000.0,70000.0,annual_assumed,Original salary: $37K-$70K (Glassdoor est.); currency: USD; period: annual_assumed,"Estimated minimum below USD 60,000",False
DA-00558,"Carson, CA",37000.0,70000.0,annual_assumed,Original salary: $37K-$70K (Glassdoor est.); currency: USD; period: annual_assumed,"Estimated minimum below USD 60,000",False
DA-00559,"Irwindale, CA",37000.0,70000.0,annual_assumed,Original salary: $37K-$70K (Glassdoor est.); currency: USD; period: annual_assumed,"Estimated minimum below USD 60,000",False
DA-00560,"Los Angeles, CA",37000.0,70000.0,annual_assumed,Original salary: $37K-$70K (Glassdoor est.); currency: USD; period: annual_assumed,"Estimated minimum below USD 60,000",False
DA-00561,"Los Angeles, CA",37000.0,70000.0,annual_assumed,Original salary: $37K-$70K (Glassdoor est.); currency: USD; period: annual_assumed,"Estimated minimum below USD 60,000",False
DA-00562,"Los Angeles, CA",37000.0,70000.0,annual_assumed,Original salary: $37K-$70K (Glassdoor est.); currency: USD; period: annual_assumed,"Estimated minimum below USD 60,000",False
DA-00563,"Burbank, CA",37000.0,70000.0,annual_assumed,Original salary: $37K-$70K (Glassdoor est.); currency: USD; period: annual_assumed,"Estimated minimum below USD 60,000",False
DA-00564,"Los Angeles, CA",37000.0,70000.0,annual_assumed,Original salary: $37K-$70K (Glassdoor est.); currency: USD; period: annual_assumed,"Estimated minimum below USD 60,000",False
DA-00565,"Los Angeles, CA",37000.0,70000.0,annual_assumed,Original salary: $37K-$70K (Glassdoor est.); currency: USD; period: annual_assumed,"Estimated minimum below USD 60,000",False
DA-00566,"Pasadena, CA",37000.0,70000.0,annual_assumed,Original salary: $37K-$70K (Glassdoor est.); currency: USD; period: annual_assumed,"Estimated minimum below USD 60,000",False
DA-00567,"Anaheim, CA",37000.0,70000.0,annual_assumed,Original salary: $37K-$70K (Glassdoor est.); currency: USD; period: annual_assumed,"Estimated minimum below USD 60,000",False
DA-00568,"Burbank, CA",37000.0,70000.0,annual_assumed,Original salary: $37K-$70K (Glassdoor est.); currency: USD; period: annual_assumed,"Estimated minimum below USD 60,000",False
DA-00569,"El Segundo, CA",37000.0,70000.0,annual_assumed,Original salary: $37K-$70K (Glassdoor est.); currency: USD; period: annual_assumed,"Estimated minimum below USD 60,000",False
DA-00570,"Los Angeles, CA",37000.0,70000.0,annual_assumed,Original salary: $37K-$70K (Glassdoor est.); currency: USD; period: annual_assumed,"Estimated minimum below USD 60,000",False
DA-00571,"Irwindale, CA",57000.0,103000.0,annual_assumed,Original salary: $57K-$103K (Glassdoor est.); currency: USD; period: annual_assumed,"Estimated minimum below USD 60,000",False
DA-00572,"Los Angeles, CA",57000.0,103000.0,annual_assumed,Original salary: $57K-$103K (Glassdoor est.); currency: USD; period: annual_assumed,"Estimated minimum below USD 60,000",False
DA-00573,"Los Angeles, CA",57000.0,103000.0,annual_assumed,Original salary: $57K-$103K (Glassdoor est.); currency: USD; period: annual_assumed,"Estimated minimum below USD 60,000",False
DA-00574,"Beverly Hills, CA",57000.0,103000.0,annual_assumed,Original salary: $57K-$103K (Glassdoor est.); currency: USD; period: annual_assumed,"Estimated minimum below USD 60,000",False
DA-00575,"Los Angeles, CA",57000.0,103000.0,annual_assumed,Original salary: $57K-$103K (Glassdoor est.); currency: USD; period: annual_assumed,"Estimated minimum below USD 60,000",False
DA-00576,"Los Angeles, CA",57000.0,103000.0,annual_assumed,Original salary: $57K-$103K (Glassdoor est.); currency: USD; period: annual_assumed,"Estimated minimum below USD 60,000",False
DA-00577,"Anaheim, CA",57000.0,103000.0,annual_assumed,Original salary: $57K-$103K (Glassdoor est.); currency: USD; period: annual_assumed,"Estimated minimum below USD 60,000",False
DA-00578,"Long Beach, CA",57000.0,103000.0,annual_assumed,Original salary: $57K-$103K (Glassdoor est.); currency: USD; period: annual_assumed,"Estimated minimum below USD 60,000",False
DA-00579,"Los Angeles, CA",57000.0,103000.0,annual_assumed,Original salary: $57K-$103K (Glassdoor est.); currency: USD; period: annual_assumed,"Estimated minimum below USD 60,000",False
DA-00580,"Los Angeles, CA",57000.0,103000.0,annual_assumed,Original salary: $57K-$103K (Glassdoor est.); currency: USD; period: annual_assumed,"Estimated minimum below USD 60,000",False
DA-00581,"Los Angeles, CA",57000.0,103000.0,annual_assumed,Original salary: $57K-$103K (Glassdoor est.); currency: USD; period: annual_assumed,"Estimated minimum below USD 60,000",False
DA-00582,"Los Angeles, CA",57000.0,103000.0,annual_assumed,Original salary: $57K-$103K (Glassdoor est.); currency: USD; period: annual_assumed,"Estimated minimum below USD 60,000",False
DA-00583,"Los Angeles, CA",57000.0,103000.0,annual_assumed,Original salary: $57K-$103K (Glassdoor est.); currency: USD; period: annual_assumed,"Estimated minimum below USD 60,000",False
DA-00584,"Los Angeles, CA",57000.0,103000.0,annual_assumed,Original salary: $57K-$103K (Glassdoor est.); currency: USD; period: annual_assumed,"Estimated minimum below USD 60,000",False
DA-00585,"El Segundo, CA",57000.0,103000.0,annual_assumed,Original salary: $57K-$103K (Glassdoor est.); currency: USD; period: annual_assumed,"Estimated minimum below USD 60,000",False
DA-00586,"Los Angeles, CA",57000.0,103000.0,annual_assumed,Original salary: $57K-$103K (Glassdoor est.); currency: USD; period: annual_assumed,"Estimated minimum below USD 60,000",False
DA-00587,"Los Angeles, CA",57000.0,103000.0,annual_assumed,Original salary: $57K-$103K (Glassdoor est.); currency: USD; period: annual_assumed,"Estimated minimum below USD 60,000",False
DA-00588,"Northridge, CA",57000.0,103000.0,annual_assumed,Original salary: $57K-$103K (Glassdoor est.); currency: USD; period: annual_assumed,"Estimated minimum below USD 60,000",False
DA-00589,"Los Angeles, CA",57000.0,103000.0,annual_assumed,Original salary: $57K-$103K (Glassdoor est.); currency: USD; period: annual_assumed,"Estimated minimum below USD 60,000",False
DA-00590,"Los Angeles, CA",57000.0,103000.0,annual_assumed,Original salary: $57K-$103K (Glassdoor est.); currency: USD; period: annual_assumed,"Estimated minimum below USD 60,000",False
DA-00591,"Los Angeles, CA",57000.0,103000.0,annual_assumed,Original salary: $57K-$103K (Glassdoor est.); currency: USD; period: annual_assumed,"Estimated minimum below USD 60,000",False
DA-00592,"Los Angeles, CA",57000.0,103000.0,annual_assumed,Original salary: $57K-$103K (Glassdoor est.); currency: USD; period: annual_assumed,"Estimated minimum below USD 60,000",False
DA-00593,"Los Angeles, CA",57000.0,103000.0,annual_assumed,Original salary: $57K-$103K (Glassdoor est.); currency: USD; period: annual_assumed,"Estimated minimum below USD 60,000",False
DA-00594,"Los Angeles, CA",57000.0,103000.0,annual_assumed,Original salary: $57K-$103K (Glassdoor est.); currency: USD; period: annual_assumed,"Estimated minimum below USD 60,000",False
DA-00595,"Los Angeles, CA",57000.0,103000.0,annual_assumed,Original salary: $57K-$103K (Glassdoor est.); currency: USD; period: annual_assumed,"Estimated minimum below USD 60,000",False
DA-00596,"Los Angeles, CA",57000.0,103000.0,annual_assumed,Original salary: $57K-$103K (Glassdoor est.); currency: USD; period: annual_assumed,"Estimated minimum below USD 60,000",False
DA-00597,"El Segundo, CA",57000.0,103000.0,annual_assumed,Original salary: $57K-$103K (Glassdoor est.); currency: USD; period: annual_assumed,"Estimated minimum below USD 60,000",False
DA-00598,"Los Angeles, CA",57000.0,103000.0,annual_assumed,Original salary: $57K-$103K (Glassdoor est.); currency: USD; period: annual_assumed,"Estimated minimum below USD 60,000",False
DA-00599,"Venice, CA",57000.0,103000.0,annual_assumed,Original salary: $57K-$103K (Glassdoor est.); currency: USD; period: annual_assumed,"Estimated minimum below USD 60,000",False
DA-00600,"Los Angeles, CA",35000.0,45000.0,annual_assumed,Original salary: $35K-$45K (Glassdoor est.); currency: USD; period: annual_assumed,"Estimated minimum below USD 60,000",False
DA-00601,"Los Angeles, CA",35000.0,45000.0,annual_assumed,Original salary: $35K-$45K (Glassdoor est.); currency: USD; period: annual_assumed,"Estimated minimum below USD 60,000",False
DA-00602,"Pasadena, CA",35000.0,45000.0,annual_assumed,Original salary: $35K-$45K (Glassdoor est.); currency: USD; period: annual_assumed,"Estimated minimum below USD 60,000",False
DA-00603,"Los Angeles, CA",35000.0,45000.0,annual_assumed,Original salary: $35K-$45K (Glassdoor est.); currency: USD; period: annual_assumed,"Estimated minimum below USD 60,000",False
DA-00604,"El Segundo, CA",35000.0,45000.0,annual_assumed,Original salary: $35K-$45K (Glassdoor est.); currency: USD; period: annual_assumed,"Estimated minimum below USD 60,000",False
DA-00605,"Los Angeles, CA",35000.0,45000.0,annual_assumed,Original salary: $35K-$45K (Glassdoor est.); currency: USD; period: annual_assumed,"Estimated minimum below USD 60,000",False
DA-00606,"Los Angeles, CA",35000.0,45000.0,annual_assumed,Original salary: $35K-$45K (Glassdoor est.); currency: USD; period: annual_assumed,"Estimated minimum below USD 60,000",False
DA-00607,"Pasadena, CA",35000.0,45000.0,annual_assumed,Original salary: $35K-$45K (Glassdoor est.); currency: USD; period: annual_assumed,"Estimated minimum below USD 60,000",False
DA-00608,"Los Angeles, CA",35000.0,45000.0,annual_assumed,Original salary: $35K-$45K (Glassdoor est.); currency: USD; period: annual_assumed,"Estimated minimum below USD 60,000",False
DA-00609,"Los Angeles, CA",35000.0,45000.0,annual_assumed,Original salary: $35K-$45K (Glassdoor est.); currency: USD; period: annual_assumed,"Estimated minimum below USD 60,000",False
DA-00610,"Los Angeles, CA",35000.0,45000.0,annual_assumed,Original salary: $35K-$45K (Glassdoor est.); currency: USD; period: annual_assumed,"Estimated minimum below USD 60,000",False
DA-00611,"Los Angeles, CA",35000.0,45000.0,annual_assumed,Original salary: $35K-$45K (Glassdoor est.); currency: USD; period: annual_assumed,"Estimated minimum below USD 60,000",False
DA-00612,"Los Angeles, CA",35000.0,45000.0,annual_assumed,Original salary: $35K-$45K (Glassdoor est.); currency: USD; period: annual_assumed,"Estimated minimum below USD 60,000",False
DA-00613,"Los Angeles, CA",35000.0,45000.0,annual_assumed,Original salary: $35K-$45K (Glassdoor est.); currency: USD; period: annual_assumed,"Estimated minimum below USD 60,000",False
DA-00614,"Alhambra, CA",35000.0,45000.0,annual_assumed,Original salary: $35K-$45K (Glassdoor est.); currency: USD; period: annual_assumed,"Estimated minimum below USD 60,000",False
DA-00615,"Burbank, CA",35000.0,45000.0,annual_assumed,Original salary: $35K-$45K (Glassdoor est.); currency: USD; period: annual_assumed,"Estimated minimum below USD 60,000",False
DA-00616,"Long Beach, CA",35000.0,45000.0,annual_assumed,Original salary: $35K-$45K (Glassdoor est.); currency: USD; period: annual_assumed,"Estimated minimum below USD 60,000",False
DA-00617,"Santa Monica, CA",35000.0,45000.0,annual_assumed,Original salary: $35K-$45K (Glassdoor est.); currency: USD; period: annual_assumed,"Estimated minimum below USD 60,000",False
DA-00618,"Los Angeles, CA",35000.0,45000.0,annual_assumed,Original salary: $35K-$45K (Glassdoor est.); currency: USD; period: annual_assumed,"Estimated minimum below USD 60,000",False
DA-00619,"Los Angeles, CA",35000.0,45000.0,annual_assumed,Original salary: $35K-$45K (Glassdoor est.); currency: USD; period: annual_assumed,"Estimated minimum below USD 60,000",False
DA-00620,"Los Angeles, CA",35000.0,45000.0,annual_assumed,Original salary: $35K-$45K (Glassdoor est.); currency: USD; period: annual_assumed,"Estimated minimum below USD 60,000",False
DA-00621,"Los Angeles, CA",35000.0,45000.0,annual_assumed,Original salary: $35K-$45K (Glassdoor est.); currency: USD; period: annual_assumed,"Estimated minimum below USD 60,000",False
DA-00622,"Santa Monica, CA",35000.0,45000.0,annual_assumed,Original salary: $35K-$45K (Glassdoor est.); currency: USD; period: annual_assumed,"Estimated minimum below USD 60,000",False
DA-00623,"Los Angeles, CA",35000.0,45000.0,annual_assumed,Original salary: $35K-$45K (Glassdoor est.); currency: USD; period: annual_assumed,"Estimated minimum below USD 60,000",False
DA-00624,"El Segundo, CA",35000.0,45000.0,annual_assumed,Original salary: $35K-$45K (Glassdoor est.); currency: USD; period: annual_assumed,"Estimated minimum below USD 60,000",False
DA-00625,"Brea, CA",35000.0,45000.0,annual_assumed,Original salary: $35K-$45K (Glassdoor est.); currency: USD; period: annual_assumed,"Estimated minimum below USD 60,000",False
DA-00626,"Long Beach, CA",35000.0,45000.0,annual_assumed,Original salary: $35K-$45K (Glassdoor est.); currency: USD; period: annual_assumed,"Estimated minimum below USD 60,000",False
DA-00627,"El Segundo, CA",35000.0,45000.0,annual_assumed,Original salary: $35K-$45K (Glassdoor est.); currency: USD; period: annual_assumed,"Estimated minimum below USD 60,000",False
DA-00628,"Los Angeles, CA",42000.0,66000.0,annual_assumed,Original salary: $42K-$66K (Glassdoor est.); currency: USD; period: annual_assumed,"Estimated minimum below USD 60,000",False
DA-00629,"Duarte, CA",42000.0,66000.0,annual_assumed,Original salary: $42K-$66K (Glassdoor est.); currency: USD; period: annual_assumed,"Estimated minimum below USD 60,000",False
DA-00630,"Woodland Hills, CA",42000.0,66000.0,annual_assumed,Original salary: $42K-$66K (Glassdoor est.); currency: USD; period: annual_assumed,"Estimated minimum below USD 60,000",False
DA-00631,"Burbank, CA",42000.0,66000.0,annual_assumed,Original salary: $42K-$66K (Glassdoor est.); currency: USD; period: annual_assumed,"Estimated minimum below USD 60,000",False
DA-00632,"Los Angeles, CA",42000.0,66000.0,annual_assumed,Original salary: $42K-$66K (Glassdoor est.); currency: USD; period: annual_assumed,"Estimated minimum below USD 60,000",False
DA-00633,"Monterey Park, CA",42000.0,66000.0,annual_assumed,Original salary: $42K-$66K (Glassdoor est.); currency: USD; period: annual_assumed,"Estimated minimum below USD 60,000",False
DA-00634,"Burbank, CA",42000.0,66000.0,annual_assumed,Original salary: $42K-$66K (Glassdoor est.); currency: USD; period: annual_assumed,"Estimated minimum below USD 60,000",False
DA-00635,"El Segundo, CA",42000.0,66000.0,annual_assumed,Original salary: $42K-$66K (Glassdoor est.); currency: USD; period: annual_assumed,"Estimated minimum below USD 60,000",False
DA-00636,"Glendale, CA",42000.0,66000.0,annual_assumed,Original salary: $42K-$66K (Glassdoor est.); currency: USD; period: annual_assumed,"Estimated minimum below USD 60,000",False
DA-00637,"Santa Monica, CA",42000.0,66000.0,annual_assumed,Original salary: $42K-$66K (Glassdoor est.); currency: USD; period: annual_assumed,"Estimated minimum below USD 60,000",False
DA-00638,"Pasadena, CA",42000.0,66000.0,annual_assumed,Original salary: $42K-$66K (Glassdoor est.); currency: USD; period: annual_assumed,"Estimated minimum below USD 60,000",False
DA-00639,"Los Angeles, CA",42000.0,66000.0,annual_assumed,Original salary: $42K-$66K (Glassdoor est.); currency: USD; period: annual_assumed,"Estimated minimum below USD 60,000",False
DA-00640,"Pasadena, CA",42000.0,66000.0,annual_assumed,Original salary: $42K-$66K (Glassdoor est.); currency: USD; period: annual_assumed,"Estimated minimum below USD 60,000",False
DA-00641,"Woodland Hills, CA",42000.0,66000.0,annual_assumed,Original salary: $42K-$66K (Glassdoor est.); currency: USD; period: annual_assumed,"Estimated minimum below USD 60,000",False
DA-00642,"Burbank, CA",42000.0,66000.0,annual_assumed,Original salary: $42K-$66K (Glassdoor est.); currency: USD; period: annual_assumed,"Estimated minimum below USD 60,000",False
DA-00643,"Los Angeles, CA",42000.0,66000.0,annual_assumed,Original salary: $42K-$66K (Glassdoor est.); currency: USD; period: annual_assumed,"Estimated minimum below USD 60,000",False
DA-00644,"Culver City, CA",42000.0,66000.0,annual_assumed,Original salary: $42K-$66K (Glassdoor est.); currency: USD; period: annual_assumed,"Estimated minimum below USD 60,000",False
DA-00645,"Culver City, CA",42000.0,66000.0,annual_assumed,Original salary: $42K-$66K (Glassdoor est.); currency: USD; period: annual_assumed,"Estimated minimum below USD 60,000",False
DA-00646,"Cerritos, CA",42000.0,66000.0,annual_assumed,Original salary: $42K-$66K (Glassdoor est.); currency: USD; period: annual_assumed,"Estimated minimum below USD 60,000",False
DA-00647,"Burbank, CA",42000.0,66000.0,annual_assumed,Original salary: $42K-$66K (Glassdoor est.); currency: USD; period: annual_assumed,"Estimated minimum below USD 60,000",False
DA-00648,"Marina del Rey, CA",42000.0,66000.0,annual_assumed,Original salary: $42K-$66K (Glassdoor est.); currency: USD; period: annual_assumed,"Estimated minimum below USD 60,000",False
DA-00649,"Long Beach, CA",42000.0,66000.0,annual_assumed,Original salary: $42K-$66K (Glassdoor est.); currency: USD; period: annual_assumed,"Estimated minimum below USD 60,000",False
DA-00650,"Culver City, CA",42000.0,66000.0,annual_assumed,Original salary: $42K-$66K (Glassdoor est.); currency: USD; period: annual_assumed,"Estimated minimum below USD 60,000",False
DA-00651,"El Segundo, CA",42000.0,66000.0,annual_assumed,Original salary: $42K-$66K (Glassdoor est.); currency: USD; period: annual_assumed,"Estimated minimum below USD 60,000",False
DA-00652,"Arcadia, CA",42000.0,66000.0,annual_assumed,Original salary: $42K-$66K (Glassdoor est.); currency: USD; period: annual_assumed,"Estimated minimum below USD 60,000",False
DA-00653,"Beverly Hills, CA",42000.0,66000.0,annual_assumed,Original salary: $42K-$66K (Glassdoor est.); currency: USD; period: annual_assumed,"Estimated minimum below USD 60,000",False
DA-00654,"Torrance, CA",42000.0,66000.0,annual_assumed,Original salary: $42K-$66K (Glassdoor est.); currency: USD; period: annual_assumed,"Estimated minimum below USD 60,000",False
DA-00655,"Los Angeles, CA",42000.0,66000.0,annual_assumed,Original salary: $42K-$66K (Glassdoor est.); currency: USD; period: annual_assumed,"Estimated minimum below USD 60,000",False
DA-00656,"Panorama City, CA",42000.0,66000.0,annual_assumed,Original salary: $42K-$66K (Glassdoor est.); currency: USD; period: annual_assumed,"Estimated minimum below USD 60,000",False
DA-00657,"Long Beach, CA",42000.0,66000.0,annual_assumed,Original salary: $42K-$66K (Glassdoor est.); currency: USD; period: annual_assumed,"Estimated minimum below USD 60,000",False
DA-00658,"Glendale, CA",65000.0,81000.0,annual_assumed,Original salary: $65K-$81K (Glassdoor est.); currency: USD; period: annual_assumed,"Eligible: estimated minimum >= USD 60,000",True
DA-00659,"Glendale, CA",65000.0,81000.0,annual_assumed,Original salary: $65K-$81K (Glassdoor est.); currency: USD; period: annual_assumed,"Eligible: estimated minimum >= USD 60,000",True
DA-00660,"Los Angeles, CA",65000.0,81000.0,annual_assumed,Original salary: $65K-$81K (Glassdoor est.); currency: USD; period: annual_assumed,"Eligible: estimated minimum >= USD 60,000",True
DA-00661,"Signal Hill, CA",65000.0,81000.0,annual_assumed,Original salary: $65K-$81K (Glassdoor est.); currency: USD; period: annual_assumed,"Eligible: estimated minimum >= USD 60,000",True
DA-00662,"Long Beach, CA",65000.0,81000.0,annual_assumed,Original salary: $65K-$81K (Glassdoor est.); currency: USD; period: annual_assumed,"Eligible: estimated minimum >= USD 60,000",True
DA-00663,"Alhambra, CA",65000.0,81000.0,annual_assumed,Original salary: $65K-$81K (Glassdoor est.); currency: USD; period: annual_assumed,"Eligible: estimated minimum >= USD 60,000",True
DA-00664,"Azusa, CA",65000.0,81000.0,annual_assumed,Original salary: $65K-$81K (Glassdoor est.); currency: USD; period: annual_assumed,"Eligible: estimated minimum >= USD 60,000",True
DA-00665,"Burbank, CA",65000.0,81000.0,annual_assumed,Original salary: $65K-$81K (Glassdoor est.); currency: USD; period: annual_assumed,"Eligible: estimated minimum >= USD 60,000",True
DA-00666,"El Segundo, CA",65000.0,81000.0,annual_assumed,Original salary: $65K-$81K (Glassdoor est.); currency: USD; period: annual_assumed,"Eligible: estimated minimum >= USD 60,000",True
DA-00667,"Marina del Rey, CA",65000.0,81000.0,annual_assumed,Original salary: $65K-$81K (Glassdoor est.); currency: USD; period: annual_assumed,"Eligible: estimated minimum >= USD 60,000",True
DA-00668,"Woodland Hills, CA",65000.0,81000.0,annual_assumed,Original salary: $65K-$81K (Glassdoor est.); currency: USD; period: annual_assumed,"Eligible: estimated minimum >= USD 60,000",True
DA-00669,"Glendale, CA",65000.0,81000.0,annual_assumed,Original salary: $65K-$81K (Glassdoor est.); currency: USD; period: annual_assumed,"Eligible: estimated minimum >= USD 60,000",True
DA-00670,"Long Beach, CA",65000.0,81000.0,annual_assumed,Original salary: $65K-$81K (Glassdoor est.); currency: USD; period: annual_assumed,"Eligible: estimated minimum >= USD 60,000",True
DA-00671,"El Segundo, CA",65000.0,81000.0,annual_assumed,Original salary: $65K-$81K (Glassdoor est.); currency: USD; period: annual_assumed,"Eligible: estimated minimum >= USD 60,000",True
DA-00672,"Cerritos, CA",65000.0,81000.0,annual_assumed,Original salary: $65K-$81K (Glassdoor est.); currency: USD; period: annual_assumed,"Eligible: estimated minimum >= USD 60,000",True
DA-00673,"Cerritos, CA",65000.0,81000.0,annual_assumed,Original salary: $65K-$81K (Glassdoor est.); currency: USD; period: annual_assumed,"Eligible: estimated minimum >= USD 60,000",True
DA-00674,"El Segundo, CA",65000.0,81000.0,annual_assumed,Original salary: $65K-$81K (Glassdoor est.); currency: USD; period: annual_assumed,"Eligible: estimated minimum >= USD 60,000",True
DA-00675,"Los Angeles, CA",65000.0,81000.0,annual_assumed,Original salary: $65K-$81K (Glassdoor est.); currency: USD; period: annual_assumed,"Eligible: estimated minimum >= USD 60,000",True
DA-00676,"Los Angeles, CA",65000.0,81000.0,annual_assumed,Original salary: $65K-$81K (Glassdoor est.); currency: USD; period: annual_assumed,"Eligible: estimated minimum >= USD 60,000",True
DA-00677,"Glendale, CA",65000.0,81000.0,annual_assumed,Original salary: $65K-$81K (Glassdoor est.); currency: USD; period: annual_assumed,"Eligible: estimated minimum >= USD 60,000",True
DA-00678,"El Segundo, CA",65000.0,81000.0,annual_assumed,Original salary: $65K-$81K (Glassdoor est.); currency: USD; period: annual_assumed,"Eligible: estimated minimum >= USD 60,000",True
DA-00679,"Burbank, CA",65000.0,81000.0,annual_assumed,Original salary: $65K-$81K (Glassdoor est.); currency: USD; period: annual_assumed,"Eligible: estimated minimum >= USD 60,000",True
DA-00680,"Long Beach, CA",65000.0,81000.0,annual_assumed,Original salary: $65K-$81K (Glassdoor est.); currency: USD; period: annual_assumed,"Eligible: estimated minimum >= USD 60,000",True
DA-00681,"Santa Monica, CA",65000.0,81000.0,annual_assumed,Original salary: $65K-$81K (Glassdoor est.); currency: USD; period: annual_assumed,"Eligible: estimated minimum >= USD 60,000",True
DA-00682,"Long Beach, CA",65000.0,81000.0,annual_assumed,Original salary: $65K-$81K (Glassdoor est.); currency: USD; period: annual_assumed,"Eligible: estimated minimum >= USD 60,000",True
DA-00683,"Los Angeles, CA",65000.0,81000.0,annual_assumed,Original salary: $65K-$81K (Glassdoor est.); currency: USD; period: annual_assumed,"Eligible: estimated minimum >= USD 60,000",True
DA-00684,"City of Industry, CA",65000.0,81000.0,annual_assumed,Original salary: $65K-$81K (Glassdoor est.); currency: USD; period: annual_assumed,"Eligible: estimated minimum >= USD 60,000",True
DA-00685,"Northridge, CA",65000.0,81000.0,annual_assumed,Original salary: $65K-$81K (Glassdoor est.); currency: USD; period: annual_assumed,"Eligible: estimated minimum >= USD 60,000",True
DA-00686,"El Segundo, CA",65000.0,81000.0,annual_assumed,Original salary: $65K-$81K (Glassdoor est.); currency: USD; period: annual_assumed,"Eligible: estimated minimum >= USD 60,000",True
DA-00687,"Arcadia, CA",113000.0,132000.0,annual_assumed,Original salary: $113K-$132K (Glassdoor est.); currency: USD; period: annual_assumed,"Eligible: estimated minimum >= USD 60,000",True
DA-00688,"City of Industry, CA",113000.0,132000.0,annual_assumed,Original salary: $113K-$132K (Glassdoor est.); currency: USD; period: annual_assumed,"Eligible: estimated minimum >= USD 60,000",True
DA-00689,"Los Angeles, CA",113000.0,132000.0,annual_assumed,Original salary: $113K-$132K (Glassdoor est.); currency: USD; period: annual_assumed,"Eligible: estimated minimum >= USD 60,000",True
DA-00690,"Los Angeles, CA",113000.0,132000.0,annual_assumed,Original salary: $113K-$132K (Glassdoor est.); currency: USD; period: annual_assumed,"Eligible: estimated minimum >= USD 60,000",True
DA-00691,"Santa Monica, CA",113000.0,132000.0,annual_assumed,Original salary: $113K-$132K (Glassdoor est.); currency: USD; period: annual_assumed,"Eligible: estimated minimum >= USD 60,000",True
DA-00692,"City of Industry, CA",113000.0,132000.0,annual_assumed,Original salary: $113K-$132K (Glassdoor est.); currency: USD; period: annual_assumed,"Eligible: estimated minimum >= USD 60,000",True
DA-00693,"Burbank, CA",113000.0,132000.0,annual_assumed,Original salary: $113K-$132K (Glassdoor est.); currency: USD; period: annual_assumed,"Eligible: estimated minimum >= USD 60,000",True
DA-00694,"Burbank, CA",113000.0,132000.0,annual_assumed,Original salary: $113K-$132K (Glassdoor est.); currency: USD; period: annual_assumed,"Eligible: estimated minimum >= USD 60,000",True
DA-00695,"Long Beach, CA",113000.0,132000.0,annual_assumed,Original salary: $113K-$132K (Glassdoor est.); currency: USD; period: annual_assumed,"Eligible: estimated minimum >= USD 60,000",True
DA-00696,"Woodland Hills, CA",113000.0,132000.0,annual_assumed,Original salary: $113K-$132K (Glassdoor est.); currency: USD; period: annual_assumed,"Eligible: estimated minimum >= USD 60,000",True
DA-00697,"El Segundo, CA",113000.0,132000.0,annual_assumed,Original salary: $113K-$132K (Glassdoor est.); currency: USD; period: annual_assumed,"Eligible: estimated minimum >= USD 60,000",True
DA-00698,"Burbank, CA",113000.0,132000.0,annual_assumed,Original salary: $113K-$132K (Glassdoor est.); currency: USD; period: annual_assumed,"Eligible: estimated minimum >= USD 60,000",True
DA-00699,"Arcadia, CA",113000.0,132000.0,annual_assumed,Original salary: $113K-$132K (Glassdoor est.); currency: USD; period: annual_assumed,"Eligible: estimated minimum >= USD 60,000",True
DA-00700,"Woodland Hills, CA",113000.0,132000.0,annual_assumed,Original salary: $113K-$132K (Glassdoor est.); currency: USD; period: annual_assumed,"Eligible: estimated minimum >= USD 60,000",True
DA-00701,"Long Beach, CA",113000.0,132000.0,annual_assumed,Original salary: $113K-$132K (Glassdoor est.); currency: USD; period: annual_assumed,"Eligible: estimated minimum >= USD 60,000",True
DA-00702,"Burbank, CA",113000.0,132000.0,annual_assumed,Original salary: $113K-$132K (Glassdoor est.); currency: USD; period: annual_assumed,"Eligible: estimated minimum >= USD 60,000",True
DA-00703,"Burbank, CA",113000.0,132000.0,annual_assumed,Original salary: $113K-$132K (Glassdoor est.); currency: USD; period: annual_assumed,"Eligible: estimated minimum >= USD 60,000",True
DA-00704,"Gardena, CA",113000.0,132000.0,annual_assumed,Original salary: $113K-$132K (Glassdoor est.); currency: USD; period: annual_assumed,"Eligible: estimated minimum >= USD 60,000",True
DA-00705,"Long Beach, CA",113000.0,132000.0,annual_assumed,Original salary: $113K-$132K (Glassdoor est.); currency: USD; period: annual_assumed,"Eligible: estimated minimum >= USD 60,000",True
DA-00706,"Long Beach, CA",113000.0,132000.0,annual_assumed,Original salary: $113K-$132K (Glassdoor est.); currency: USD; period: annual_assumed,"Eligible: estimated minimum >= USD 60,000",True
DA-00707,"Los Angeles, CA",113000.0,132000.0,annual_assumed,Original salary: $113K-$132K (Glassdoor est.); currency: USD; period: annual_assumed,"Eligible: estimated minimum >= USD 60,000",True
DA-00708,"Burbank, CA",113000.0,132000.0,annual_assumed,Original salary: $113K-$132K (Glassdoor est.); currency: USD; period: annual_assumed,"Eligible: estimated minimum >= USD 60,000",True
DA-00709,"Woodland Hills, CA",113000.0,132000.0,annual_assumed,Original salary: $113K-$132K (Glassdoor est.); currency: USD; period: annual_assumed,"Eligible: estimated minimum >= USD 60,000",True
DA-00710,"Santa Monica, CA",113000.0,132000.0,annual_assumed,Original salary: $113K-$132K (Glassdoor est.); currency: USD; period: annual_assumed,"Eligible: estimated minimum >= USD 60,000",True
DA-00711,"Pico Rivera, CA",113000.0,132000.0,annual_assumed,Original salary: $113K-$132K (Glassdoor est.); currency: USD; period: annual_assumed,"Eligible: estimated minimum >= USD 60,000",True
DA-00712,"Whittier, CA",113000.0,132000.0,annual_assumed,Original salary: $113K-$132K (Glassdoor est.); currency: USD; period: annual_assumed,"Eligible: estimated minimum >= USD 60,000",True
DA-00713,"Anaheim, CA",113000.0,132000.0,annual_assumed,Original salary: $113K-$132K (Glassdoor est.); currency: USD; period: annual_assumed,"Eligible: estimated minimum >= USD 60,000",True
DA-00714,"Los Angeles, CA",113000.0,132000.0,annual_assumed,Original salary: $113K-$132K (Glassdoor est.); currency: USD; period: annual_assumed,"Eligible: estimated minimum >= USD 60,000",True
DA-00715,"Brea, CA",113000.0,132000.0,annual_assumed,Original salary: $113K-$132K (Glassdoor est.); currency: USD; period: annual_assumed,"Eligible: estimated minimum >= USD 60,000",True
DA-00716,"Anaheim, CA",42000.0,63000.0,annual_assumed,Original salary: $42K-$63K (Glassdoor est.); currency: USD; period: annual_assumed,"Estimated minimum below USD 60,000",False
DA-00717,"Anaheim, CA",42000.0,63000.0,annual_assumed,Original salary: $42K-$63K (Glassdoor est.); currency: USD; period: annual_assumed,"Estimated minimum below USD 60,000",False
DA-00718,"San Fernando, CA",42000.0,63000.0,annual_assumed,Original salary: $42K-$63K (Glassdoor est.); currency: USD; period: annual_assumed,"Estimated minimum below USD 60,000",False
DA-00719,"Anaheim, CA",42000.0,63000.0,annual_assumed,Original salary: $42K-$63K (Glassdoor est.); currency: USD; period: annual_assumed,"Estimated minimum below USD 60,000",False
DA-00720,"Chicago, IL",60000.0,66000.0,annual_assumed,Original salary: $60K-$66K (Glassdoor est.); currency: USD; period: annual_assumed,"Eligible: estimated minimum >= USD 60,000",True
DA-00721,"Chicago, IL",60000.0,66000.0,annual_assumed,Original salary: $60K-$66K (Glassdoor est.); currency: USD; period: annual_assumed,"Eligible: estimated minimum >= USD 60,000",True
DA-00722,"Chicago, IL",60000.0,66000.0,annual_assumed,Original salary: $60K-$66K (Glassdoor est.); currency: USD; period: annual_assumed,"Eligible: estimated minimum >= USD 60,000",True
DA-00723,"Chicago, IL",60000.0,66000.0,annual_assumed,Original salary: $60K-$66K (Glassdoor est.); currency: USD; period: annual_assumed,"Eligible: estimated minimum >= USD 60,000",True
DA-00724,"Chicago, IL",60000.0,66000.0,annual_assumed,Original salary: $60K-$66K (Glassdoor est.); currency: USD; period: annual_assumed,"Eligible: estimated minimum >= USD 60,000",True
DA-00725,"Downers Grove, IL",60000.0,66000.0,annual_assumed,Original salary: $60K-$66K (Glassdoor est.); currency: USD; period: annual_assumed,"Eligible: estimated minimum >= USD 60,000",True
DA-00726,"Chicago, IL",60000.0,66000.0,annual_assumed,Original salary: $60K-$66K (Glassdoor est.); currency: USD; period: annual_assumed,"Eligible: estimated minimum >= USD 60,000",True
DA-00727,"Chicago, IL",60000.0,66000.0,annual_assumed,Original salary: $60K-$66K (Glassdoor est.); currency: USD; period: annual_assumed,"Eligible: estimated minimum >= USD 60,000",True
DA-00728,"Chicago, IL",60000.0,66000.0,annual_assumed,Original salary: $60K-$66K (Glassdoor est.); currency: USD; period: annual_assumed,"Eligible: estimated minimum >= USD 60,000",True
DA-00729,"Chicago, IL",60000.0,66000.0,annual_assumed,Original salary: $60K-$66K (Glassdoor est.); currency: USD; period: annual_assumed,"Eligible: estimated minimum >= USD 60,000",True
DA-00730,"Chicago, IL",60000.0,66000.0,annual_assumed,Original salary: $60K-$66K (Glassdoor est.); currency: USD; period: annual_assumed,"Eligible: estimated minimum >= USD 60,000",True
DA-00731,"Chicago, IL",60000.0,66000.0,annual_assumed,Original salary: $60K-$66K (Glassdoor est.); currency: USD; period: annual_assumed,"Eligible: estimated minimum >= USD 60,000",True
DA-00732,"Chicago, IL",60000.0,66000.0,annual_assumed,Original salary: $60K-$66K (Glassdoor est.); currency: USD; period: annual_assumed,"Eligible: estimated minimum >= USD 60,000",True
DA-00733,"Chicago, IL",60000.0,66000.0,annual_assumed,Original salary: $60K-$66K (Glassdoor est.); currency: USD; period: annual_assumed,"Eligible: estimated minimum >= USD 60,000",True
DA-00734,"Downers Grove, IL",60000.0,66000.0,annual_assumed,Original salary: $60K-$66K (Glassdoor est.); currency: USD; period: annual_assumed,"Eligible: estimated minimum >= USD 60,000",True
DA-00735,"Downers Grove, IL",60000.0,66000.0,annual_assumed,Original salary: $60K-$66K (Glassdoor est.); currency: USD; period: annual_assumed,"Eligible: estimated minimum >= USD 60,000",True
DA-00736,"Broadview, IL",60000.0,66000.0,annual_assumed,Original salary: $60K-$66K (Glassdoor est.); currency: USD; period: annual_assumed,"Eligible: estimated minimum >= USD 60,000",True
DA-00737,"Chicago, IL",60000.0,66000.0,annual_assumed,Original salary: $60K-$66K (Glassdoor est.); currency: USD; period: annual_assumed,"Eligible: estimated minimum >= USD 60,000",True
DA-00738,"Chicago, IL",60000.0,66000.0,annual_assumed,Original salary: $60K-$66K (Glassdoor est.); currency: USD; period: annual_assumed,"Eligible: estimated minimum >= USD 60,000",True
DA-00739,"Chicago, IL",60000.0,66000.0,annual_assumed,Original salary: $60K-$66K (Glassdoor est.); currency: USD; period: annual_assumed,"Eligible: estimated minimum >= USD 60,000",True
DA-00740,"Chicago, IL",60000.0,66000.0,annual_assumed,Original salary: $60K-$66K (Glassdoor est.); currency: USD; period: annual_assumed,"Eligible: estimated minimum >= USD 60,000",True
DA-00741,"Chicago, IL",60000.0,66000.0,annual_assumed,Original salary: $60K-$66K (Glassdoor est.); currency: USD; period: annual_assumed,"Eligible: estimated minimum >= USD 60,000",True
DA-00742,"Downers Grove, IL",60000.0,66000.0,annual_assumed,Original salary: $60K-$66K (Glassdoor est.); currency: USD; period: annual_assumed,"Eligible: estimated minimum >= USD 60,000",True
DA-00743,"Broadview, IL",60000.0,66000.0,annual_assumed,Original salary: $60K-$66K (Glassdoor est.); currency: USD; period: annual_assumed,"Eligible: estimated minimum >= USD 60,000",True
DA-00744,"Chicago, IL",60000.0,66000.0,annual_assumed,Original salary: $60K-$66K (Glassdoor est.); currency: USD; period: annual_assumed,"Eligible: estimated minimum >= USD 60,000",True
DA-00745,"Chicago, IL",60000.0,66000.0,annual_assumed,Original salary: $60K-$66K (Glassdoor est.); currency: USD; period: annual_assumed,"Eligible: estimated minimum >= USD 60,000",True
DA-00746,"Chicago, IL",60000.0,66000.0,annual_assumed,Original salary: $60K-$66K (Glassdoor est.); currency: USD; period: annual_assumed,"Eligible: estimated minimum >= USD 60,000",True
DA-00747,"Chicago, IL",60000.0,66000.0,annual_assumed,Original salary: $60K-$66K (Glassdoor est.); currency: USD; period: annual_assumed,"Eligible: estimated minimum >= USD 60,000",True
DA-00748,"Chicago, IL",60000.0,66000.0,annual_assumed,Original salary: $60K-$66K (Glassdoor est.); currency: USD; period: annual_assumed,"Eligible: estimated minimum >= USD 60,000",True
DA-00749,"Chicago, IL",60000.0,66000.0,annual_assumed,Original salary: $60K-$66K (Glassdoor est.); currency: USD; period: annual_assumed,"Eligible: estimated minimum >= USD 60,000",True
DA-00750,"Chicago, IL",73000.0,82000.0,annual_assumed,Original salary: $73K-$82K (Glassdoor est.); currency: USD; period: annual_assumed,"Eligible: estimated minimum >= USD 60,000",True
DA-00751,"Chicago, IL",73000.0,82000.0,annual_assumed,Original salary: $73K-$82K (Glassdoor est.); currency: USD; period: annual_assumed,"Eligible: estimated minimum >= USD 60,000",True
DA-00752,"Woodridge, IL",73000.0,82000.0,annual_assumed,Original salary: $73K-$82K (Glassdoor est.); currency: USD; period: annual_assumed,"Eligible: estimated minimum >= USD 60,000",True
DA-00753,"Chicago, IL",73000.0,82000.0,annual_assumed,Original salary: $73K-$82K (Glassdoor est.); currency: USD; period: annual_assumed,"Eligible: estimated minimum >= USD 60,000",True
DA-00754,"Chicago, IL",73000.0,82000.0,annual_assumed,Original salary: $73K-$82K (Glassdoor est.); currency: USD; period: annual_assumed,"Eligible: estimated minimum >= USD 60,000",True
DA-00755,"Chicago, IL",73000.0,82000.0,annual_assumed,Original salary: $73K-$82K (Glassdoor est.); currency: USD; period: annual_assumed,"Eligible: estimated minimum >= USD 60,000",True
DA-00756,"Chicago, IL",73000.0,82000.0,annual_assumed,Original salary: $73K-$82K (Glassdoor est.); currency: USD; period: annual_assumed,"Eligible: estimated minimum >= USD 60,000",True
DA-00757,"Chicago, IL",73000.0,82000.0,annual_assumed,Original salary: $73K-$82K (Glassdoor est.); currency: USD; period: annual_assumed,"Eligible: estimated minimum >= USD 60,000",True
DA-00758,"Downers Grove, IL",73000.0,82000.0,annual_assumed,Original salary: $73K-$82K (Glassdoor est.); currency: USD; period: annual_assumed,"Eligible: estimated minimum >= USD 60,000",True
DA-00759,"Chicago, IL",73000.0,82000.0,annual_assumed,Original salary: $73K-$82K (Glassdoor est.); currency: USD; period: annual_assumed,"Eligible: estimated minimum >= USD 60,000",True
DA-00760,"Chicago, IL",73000.0,82000.0,annual_assumed,Original salary: $73K-$82K (Glassdoor est.); currency: USD; period: annual_assumed,"Eligible: estimated minimum >= USD 60,000",True
DA-00761,"Downers Grove, IL",73000.0,82000.0,annual_assumed,Original salary: $73K-$82K (Glassdoor est.); currency: USD; period: annual_assumed,"Eligible: estimated minimum >= USD 60,000",True
DA-00762,"Chicago, IL",73000.0,82000.0,annual_assumed,Original salary: $73K-$82K (Glassdoor est.); currency: USD; period: annual_assumed,"Eligible: estimated minimum >= USD 60,000",True
DA-00763,"Chicago, IL",73000.0,82000.0,annual_assumed,Original salary: $73K-$82K (Glassdoor est.); currency: USD; period: annual_assumed,"Eligible: estimated minimum >= USD 60,000",True
DA-00764,"Chicago, IL",73000.0,82000.0,annual_assumed,Original salary: $73K-$82K (Glassdoor est.); currency: USD; period: annual_assumed,"Eligible: estimated minimum >= USD 60,000",True
DA-00765,"Chicago, IL",73000.0,82000.0,annual_assumed,Original salary: $73K-$82K (Glassdoor est.); currency: USD; period: annual_assumed,"Eligible: estimated minimum >= USD 60,000",True
DA-00766,"Chicago, IL",73000.0,82000.0,annual_assumed,Original salary: $73K-$82K (Glassdoor est.); currency: USD; period: annual_assumed,"Eligible: estimated minimum >= USD 60,000",True
DA-00767,"Chicago, IL",73000.0,82000.0,annual_assumed,Original salary: $73K-$82K (Glassdoor est.); currency: USD; period: annual_assumed,"Eligible: estimated minimum >= USD 60,000",True
DA-00768,"Chicago, IL",73000.0,82000.0,annual_assumed,Original salary: $73K-$82K (Glassdoor est.); currency: USD; period: annual_assumed,"Eligible: estimated minimum >= USD 60,000",True
DA-00769,"Chicago, IL",73000.0,82000.0,annual_assumed,Original salary: $73K-$82K (Glassdoor est.); currency: USD; period: annual_assumed,"Eligible: estimated minimum >= USD 60,000",True
DA-00770,"Chicago, IL",73000.0,82000.0,annual_assumed,Original salary: $73K-$82K (Glassdoor est.); currency: USD; period: annual_assumed,"Eligible: estimated minimum >= USD 60,000",True
DA-00771,"Chicago, IL",73000.0,82000.0,annual_assumed,Original salary: $73K-$82K (Glassdoor est.); currency: USD; period: annual_assumed,"Eligible: estimated minimum >= USD 60,000",True
DA-00772,"Chicago, IL",73000.0,82000.0,annual_assumed,Original salary: $73K-$82K (Glassdoor est.); currency: USD; period: annual_assumed,"Eligible: estimated minimum >= USD 60,000",True
DA-00773,"Chicago, IL",73000.0,82000.0,annual_assumed,Original salary: $73K-$82K (Glassdoor est.); currency: USD; period: annual_assumed,"Eligible: estimated minimum >= USD 60,000",True
DA-00774,"Chicago, IL",73000.0,82000.0,annual_assumed,Original salary: $73K-$82K (Glassdoor est.); currency: USD; period: annual_assumed,"Eligible: estimated minimum >= USD 60,000",True
DA-00775,"Chicago, IL",73000.0,82000.0,annual_assumed,Original salary: $73K-$82K (Glassdoor est.); currency: USD; period: annual_assumed,"Eligible: estimated minimum >= USD 60,000",True
DA-00776,"Chicago, IL",73000.0,82000.0,annual_assumed,Original salary: $73K-$82K (Glassdoor est.); currency: USD; period: annual_assumed,"Eligible: estimated minimum >= USD 60,000",True
DA-00777,"Chicago, IL",73000.0,82000.0,annual_assumed,Original salary: $73K-$82K (Glassdoor est.); currency: USD; period: annual_assumed,"Eligible: estimated minimum >= USD 60,000",True
DA-00778,"Chicago, IL",73000.0,82000.0,annual_assumed,Original salary: $73K-$82K (Glassdoor est.); currency: USD; period: annual_assumed,"Eligible: estimated minimum >= USD 60,000",True
DA-00779,"Burr Ridge, IL",67000.0,92000.0,annual_assumed,Original salary: $67K-$92K (Glassdoor est.); currency: USD; period: annual_assumed,"Eligible: estimated minimum >= USD 60,000",True
DA-00780,"Chicago, IL",67000.0,92000.0,annual_assumed,Original salary: $67K-$92K (Glassdoor est.); currency: USD; period: annual_assumed,"Eligible: estimated minimum >= USD 60,000",True
DA-00781,"Chicago, IL",67000.0,92000.0,annual_assumed,Original salary: $67K-$92K (Glassdoor est.); currency: USD; period: annual_assumed,"Eligible: estimated minimum >= USD 60,000",True
DA-00782,"Chicago, IL",67000.0,92000.0,annual_assumed,Original salary: $67K-$92K (Glassdoor est.); currency: USD; period: annual_assumed,"Eligible: estimated minimum >= USD 60,000",True
DA-00783,"Rolling Meadows, IL",67000.0,92000.0,annual_assumed,Original salary: $67K-$92K (Glassdoor est.); currency: USD; period: annual_assumed,"Eligible: estimated minimum >= USD 60,000",True
DA-00784,"Chicago, IL",67000.0,92000.0,annual_assumed,Original salary: $67K-$92K (Glassdoor est.); currency: USD; period: annual_assumed,"Eligible: estimated minimum >= USD 60,000",True
DA-00785,"Chicago, IL",67000.0,92000.0,annual_assumed,Original salary: $67K-$92K (Glassdoor est.); currency: USD; period: annual_assumed,"Eligible: estimated minimum >= USD 60,000",True
DA-00786,"Chicago, IL",67000.0,92000.0,annual_assumed,Original salary: $67K-$92K (Glassdoor est.); currency: USD; period: annual_assumed,"Eligible: estimated minimum >= USD 60,000",True
DA-00787,"Deerfield, IL",67000.0,92000.0,annual_assumed,Original salary: $67K-$92K (Glassdoor est.); currency: USD; period: annual_assumed,"Eligible: estimated minimum >= USD 60,000",True
DA-00788,"Chicago, IL",67000.0,92000.0,annual_assumed,Original salary: $67K-$92K (Glassdoor est.); currency: USD; period: annual_assumed,"Eligible: estimated minimum >= USD 60,000",True
DA-00789,"Chicago, IL",67000.0,92000.0,annual_assumed,Original salary: $67K-$92K (Glassdoor est.); currency: USD; period: annual_assumed,"Eligible: estimated minimum >= USD 60,000",True
DA-00790,"Chicago, IL",67000.0,92000.0,annual_assumed,Original salary: $67K-$92K (Glassdoor est.); currency: USD; period: annual_assumed,"Eligible: estimated minimum >= USD 60,000",True
DA-00791,"Chicago, IL",67000.0,92000.0,annual_assumed,Original salary: $67K-$92K (Glassdoor est.); currency: USD; period: annual_assumed,"Eligible: estimated minimum >= USD 60,000",True
DA-00792,"Chicago, IL",67000.0,92000.0,annual_assumed,Original salary: $67K-$92K (Glassdoor est.); currency: USD; period: annual_assumed,"Eligible: estimated minimum >= USD 60,000",True
DA-00793,"Chicago, IL",67000.0,92000.0,annual_assumed,Original salary: $67K-$92K (Glassdoor est.); currency: USD; period: annual_assumed,"Eligible: estimated minimum >= USD 60,000",True
DA-00794,"Chicago, IL",67000.0,92000.0,annual_assumed,Original salary: $67K-$92K (Glassdoor est.); currency: USD; period: annual_assumed,"Eligible: estimated minimum >= USD 60,000",True
DA-00795,"Chicago, IL",67000.0,92000.0,annual_assumed,Original salary: $67K-$92K (Glassdoor est.); currency: USD; period: annual_assumed,"Eligible: estimated minimum >= USD 60,000",True
DA-00796,"Chicago, IL",67000.0,92000.0,annual_assumed,Original salary: $67K-$92K (Glassdoor est.); currency: USD; period: annual_assumed,"Eligible: estimated minimum >= USD 60,000",True
DA-00797,"Chicago, IL",67000.0,92000.0,annual_assumed,Original salary: $67K-$92K (Glassdoor est.); currency: USD; period: annual_assumed,"Eligible: estimated minimum >= USD 60,000",True
DA-00798,"Chicago, IL",67000.0,92000.0,annual_assumed,Original salary: $67K-$92K (Glassdoor est.); currency: USD; period: annual_assumed,"Eligible: estimated minimum >= USD 60,000",True
DA-00799,"Northlake, IL",67000.0,92000.0,annual_assumed,Original salary: $67K-$92K (Glassdoor est.); currency: USD; period: annual_assumed,"Eligible: estimated minimum >= USD 60,000",True
DA-00800,"Chicago, IL",67000.0,92000.0,annual_assumed,Original salary: $67K-$92K (Glassdoor est.); currency: USD; period: annual_assumed,"Eligible: estimated minimum >= USD 60,000",True
DA-00801,"Northbrook, IL",67000.0,92000.0,annual_assumed,Original salary: $67K-$92K (Glassdoor est.); currency: USD; period: annual_assumed,"Eligible: estimated minimum >= USD 60,000",True
DA-00802,"Chicago, IL",67000.0,92000.0,annual_assumed,Original salary: $67K-$92K (Glassdoor est.); currency: USD; period: annual_assumed,"Eligible: estimated minimum >= USD 60,000",True
DA-00803,"Chicago, IL",67000.0,92000.0,annual_assumed,Original salary: $67K-$92K (Glassdoor est.); currency: USD; period: annual_assumed,"Eligible: estimated minimum >= USD 60,000",True
DA-00804,"Chicago, IL",67000.0,92000.0,annual_assumed,Original salary: $67K-$92K (Glassdoor est.); currency: USD; period: annual_assumed,"Eligible: estimated minimum >= USD 60,000",True
DA-00805,"Des Plaines, IL",67000.0,92000.0,annual_assumed,Original salary: $67K-$92K (Glassdoor est.); currency: USD; period: annual_assumed,"Eligible: estimated minimum >= USD 60,000",True
DA-00806,"Chicago, IL",67000.0,92000.0,annual_assumed,Original salary: $67K-$92K (Glassdoor est.); currency: USD; period: annual_assumed,"Eligible: estimated minimum >= USD 60,000",True
DA-00807,"Itasca, IL",67000.0,92000.0,annual_assumed,Original salary: $67K-$92K (Glassdoor est.); currency: USD; period: annual_assumed,"Eligible: estimated minimum >= USD 60,000",True
DA-00808,"Chicago, IL",42000.0,76000.0,annual_assumed,Original salary: $42K-$76K (Glassdoor est.); currency: USD; period: annual_assumed,"Estimated minimum below USD 60,000",False
DA-00809,"Evanston, IL",42000.0,76000.0,annual_assumed,Original salary: $42K-$76K (Glassdoor est.); currency: USD; period: annual_assumed,"Estimated minimum below USD 60,000",False
DA-00810,"Chicago, IL",42000.0,76000.0,annual_assumed,Original salary: $42K-$76K (Glassdoor est.); currency: USD; period: annual_assumed,"Estimated minimum below USD 60,000",False
DA-00811,"Northbrook, IL",42000.0,76000.0,annual_assumed,Original salary: $42K-$76K (Glassdoor est.); currency: USD; period: annual_assumed,"Estimated minimum below USD 60,000",False
DA-00812,"Chicago, IL",42000.0,76000.0,annual_assumed,Original salary: $42K-$76K (Glassdoor est.); currency: USD; period: annual_assumed,"Estimated minimum below USD 60,000",False
DA-00813,"Bridgeview, IL",42000.0,76000.0,annual_assumed,Original salary: $42K-$76K (Glassdoor est.); currency: USD; period: annual_assumed,"Estimated minimum below USD 60,000",False
DA-00814,"Chicago, IL",42000.0,76000.0,annual_assumed,Original salary: $42K-$76K (Glassdoor est.); currency: USD; period: annual_assumed,"Estimated minimum below USD 60,000",False
DA-00815,"Downers Grove, IL",42000.0,76000.0,annual_assumed,Original salary: $42K-$76K (Glassdoor est.); currency: USD; period: annual_assumed,"Estimated minimum below USD 60,000",False
DA-00816,"Chicago, IL",42000.0,76000.0,annual_assumed,Original salary: $42K-$76K (Glassdoor est.); currency: USD; period: annual_assumed,"Estimated minimum below USD 60,000",False
DA-00817,"Oak Brook, IL",42000.0,76000.0,annual_assumed,Original salary: $42K-$76K (Glassdoor est.); currency: USD; period: annual_assumed,"Estimated minimum below USD 60,000",False
DA-00818,"Chicago, IL",42000.0,76000.0,annual_assumed,Original salary: $42K-$76K (Glassdoor est.); currency: USD; period: annual_assumed,"Estimated minimum below USD 60,000",False
DA-00819,"Chicago, IL",42000.0,76000.0,annual_assumed,Original salary: $42K-$76K (Glassdoor est.); currency: USD; period: annual_assumed,"Estimated minimum below USD 60,000",False
DA-00820,"Chicago, IL",42000.0,76000.0,annual_assumed,Original salary: $42K-$76K (Glassdoor est.); currency: USD; period: annual_assumed,"Estimated minimum below USD 60,000",False
DA-00821,"Northbrook, IL",42000.0,76000.0,annual_assumed,Original salary: $42K-$76K (Glassdoor est.); currency: USD; period: annual_assumed,"Estimated minimum below USD 60,000",False
DA-00822,"Woodridge, IL",42000.0,76000.0,annual_assumed,Original salary: $42K-$76K (Glassdoor est.); currency: USD; period: annual_assumed,"Estimated minimum below USD 60,000",False
DA-00823,"Chicago, IL",42000.0,76000.0,annual_assumed,Original salary: $42K-$76K (Glassdoor est.); currency: USD; period: annual_assumed,"Estimated minimum below USD 60,000",False
DA-00824,"Oak Brook, IL",42000.0,76000.0,annual_assumed,Original salary: $42K-$76K (Glassdoor est.); currency: USD; period: annual_assumed,"Estimated minimum below USD 60,000",False
DA-00825,"Chicago, IL",42000.0,76000.0,annual_assumed,Original salary: $42K-$76K (Glassdoor est.); currency: USD; period: annual_assumed,"Estimated minimum below USD 60,000",False
DA-00826,"Chicago, IL",42000.0,76000.0,annual_assumed,Original salary: $42K-$76K (Glassdoor est.); currency: USD; period: annual_assumed,"Estimated minimum below USD 60,000",False
DA-00827,"Chicago, IL",42000.0,76000.0,annual_assumed,Original salary: $42K-$76K (Glassdoor est.); currency: USD; period: annual_assumed,"Estimated minimum below USD 60,000",False
DA-00828,"Chicago, IL",42000.0,76000.0,annual_assumed,Original salary: $42K-$76K (Glassdoor est.); currency: USD; period: annual_assumed,"Estimated minimum below USD 60,000",False
DA-00829,"Chicago, IL",42000.0,76000.0,annual_assumed,Original salary: $42K-$76K (Glassdoor est.); currency: USD; period: annual_assumed,"Estimated minimum below USD 60,000",False
DA-00830,"Downers Grove, IL",42000.0,76000.0,annual_assumed,Original salary: $42K-$76K (Glassdoor est.); currency: USD; period: annual_assumed,"Estimated minimum below USD 60,000",False
DA-00831,"Chicago, IL",42000.0,76000.0,annual_assumed,Original salary: $42K-$76K (Glassdoor est.); currency: USD; period: annual_assumed,"Estimated minimum below USD 60,000",False
DA-00832,"Chicago, IL",42000.0,76000.0,annual_assumed,Original salary: $42K-$76K (Glassdoor est.); currency: USD; period: annual_assumed,"Estimated minimum below USD 60,000",False
DA-00833,"Chicago, IL",42000.0,76000.0,annual_assumed,Original salary: $42K-$76K (Glassdoor est.); currency: USD; period: annual_assumed,"Estimated minimum below USD 60,000",False
DA-00834,"Chicago, IL",42000.0,76000.0,annual_assumed,Original salary: $42K-$76K (Glassdoor est.); currency: USD; period: annual_assumed,"Estimated minimum below USD 60,000",False
DA-00835,"Chicago, IL",42000.0,76000.0,annual_assumed,Original salary: $42K-$76K (Glassdoor est.); currency: USD; period: annual_assumed,"Estimated minimum below USD 60,000",False
DA-00836,"Chicago, IL",42000.0,76000.0,annual_assumed,Original salary: $42K-$76K (Glassdoor est.); currency: USD; period: annual_assumed,"Estimated minimum below USD 60,000",False
DA-00837,"Chicago, IL",42000.0,76000.0,annual_assumed,Original salary: $42K-$76K (Glassdoor est.); currency: USD; period: annual_assumed,"Estimated minimum below USD 60,000",False
DA-00838,"Chicago, IL",97000.0,129000.0,annual_assumed,Original salary: $97K-$129K (Glassdoor est.); currency: USD; period: annual_assumed,"Eligible: estimated minimum >= USD 60,000",True
DA-00839,"Chicago, IL",97000.0,129000.0,annual_assumed,Original salary: $97K-$129K (Glassdoor est.); currency: USD; period: annual_assumed,"Eligible: estimated minimum >= USD 60,000",True
DA-00840,"Chicago, IL",97000.0,129000.0,annual_assumed,Original salary: $97K-$129K (Glassdoor est.); currency: USD; period: annual_assumed,"Eligible: estimated minimum >= USD 60,000",True
DA-00841,"Chicago, IL",97000.0,129000.0,annual_assumed,Original salary: $97K-$129K (Glassdoor est.); currency: USD; period: annual_assumed,"Eligible: estimated minimum >= USD 60,000",True
DA-00842,"Chicago, IL",97000.0,129000.0,annual_assumed,Original salary: $97K-$129K (Glassdoor est.); currency: USD; period: annual_assumed,"Eligible: estimated minimum >= USD 60,000",True
DA-00843,"Maywood, IL",97000.0,129000.0,annual_assumed,Original salary: $97K-$129K (Glassdoor est.); currency: USD; period: annual_assumed,"Eligible: estimated minimum >= USD 60,000",True
DA-00844,"Chicago, IL",97000.0,129000.0,annual_assumed,Original salary: $97K-$129K (Glassdoor est.); currency: USD; period: annual_assumed,"Eligible: estimated minimum >= USD 60,000",True
DA-00845,"Northfield, IL",97000.0,129000.0,annual_assumed,Original salary: $97K-$129K (Glassdoor est.); currency: USD; period: annual_assumed,"Eligible: estimated minimum >= USD 60,000",True
DA-00846,"Chicago, IL",97000.0,129000.0,annual_assumed,Original salary: $97K-$129K (Glassdoor est.); currency: USD; period: annual_assumed,"Eligible: estimated minimum >= USD 60,000",True
DA-00847,"Chicago, IL",97000.0,129000.0,annual_assumed,Original salary: $97K-$129K (Glassdoor est.); currency: USD; period: annual_assumed,"Eligible: estimated minimum >= USD 60,000",True
DA-00848,"Glenview, IL",97000.0,129000.0,annual_assumed,Original salary: $97K-$129K (Glassdoor est.); currency: USD; period: annual_assumed,"Eligible: estimated minimum >= USD 60,000",True
DA-00849,"Chicago, IL",97000.0,129000.0,annual_assumed,Original salary: $97K-$129K (Glassdoor est.); currency: USD; period: annual_assumed,"Eligible: estimated minimum >= USD 60,000",True
DA-00850,"Chicago, IL",97000.0,129000.0,annual_assumed,Original salary: $97K-$129K (Glassdoor est.); currency: USD; period: annual_assumed,"Eligible: estimated minimum >= USD 60,000",True
DA-00851,"Chicago, IL",97000.0,129000.0,annual_assumed,Original salary: $97K-$129K (Glassdoor est.); currency: USD; period: annual_assumed,"Eligible: estimated minimum >= USD 60,000",True
DA-00852,"Chicago, IL",97000.0,129000.0,annual_assumed,Original salary: $97K-$129K (Glassdoor est.); currency: USD; period: annual_assumed,"Eligible: estimated minimum >= USD 60,000",True
DA-00853,"Chicago, IL",97000.0,129000.0,annual_assumed,Original salary: $97K-$129K (Glassdoor est.); currency: USD; period: annual_assumed,"Eligible: estimated minimum >= USD 60,000",True
DA-00854,"Chicago, IL",97000.0,129000.0,annual_assumed,Original salary: $97K-$129K (Glassdoor est.); currency: USD; period: annual_assumed,"Eligible: estimated minimum >= USD 60,000",True
DA-00855,"Chicago, IL",97000.0,129000.0,annual_assumed,Original salary: $97K-$129K (Glassdoor est.); currency: USD; period: annual_assumed,"Eligible: estimated minimum >= USD 60,000",True
DA-00856,"Deerfield, IL",97000.0,129000.0,annual_assumed,Original salary: $97K-$129K (Glassdoor est.); currency: USD; period: annual_assumed,"Eligible: estimated minimum >= USD 60,000",True
DA-00857,"Chicago, IL",97000.0,129000.0,annual_assumed,Original salary: $97K-$129K (Glassdoor est.); currency: USD; period: annual_assumed,"Eligible: estimated minimum >= USD 60,000",True
DA-00858,"Elk Grove Village, IL",97000.0,129000.0,annual_assumed,Original salary: $97K-$129K (Glassdoor est.); currency: USD; period: annual_assumed,"Eligible: estimated minimum >= USD 60,000",True
DA-00859,"Chicago, IL",97000.0,129000.0,annual_assumed,Original salary: $97K-$129K (Glassdoor est.); currency: USD; period: annual_assumed,"Eligible: estimated minimum >= USD 60,000",True
DA-00860,"Chicago, IL",97000.0,129000.0,annual_assumed,Original salary: $97K-$129K (Glassdoor est.); currency: USD; period: annual_assumed,"Eligible: estimated minimum >= USD 60,000",True
DA-00861,"Rolling Meadows, IL",97000.0,129000.0,annual_assumed,Original salary: $97K-$129K (Glassdoor est.); currency: USD; period: annual_assumed,"Eligible: estimated minimum >= USD 60,000",True
DA-00862,"Chicago, IL",97000.0,129000.0,annual_assumed,Original salary: $97K-$129K (Glassdoor est.); currency: USD; period: annual_assumed,"Eligible: estimated minimum >= USD 60,000",True
DA-00863,"Chicago, IL",97000.0,129000.0,annual_assumed,Original salary: $97K-$129K (Glassdoor est.); currency: USD; period: annual_assumed,"Eligible: estimated minimum >= USD 60,000",True
DA-00864,"Chicago, IL",97000.0,129000.0,annual_assumed,Original salary: $97K-$129K (Glassdoor est.); currency: USD; period: annual_assumed,"Eligible: estimated minimum >= USD 60,000",True
DA-00865,"Chicago, IL",97000.0,129000.0,annual_assumed,Original salary: $97K-$129K (Glassdoor est.); currency: USD; period: annual_assumed,"Eligible: estimated minimum >= USD 60,000",True
DA-00866,"Chicago, IL",97000.0,129000.0,annual_assumed,Original salary: $97K-$129K (Glassdoor est.); currency: USD; period: annual_assumed,"Eligible: estimated minimum >= USD 60,000",True
DA-00867,"Chicago, IL",97000.0,129000.0,annual_assumed,Original salary: $97K-$129K (Glassdoor est.); currency: USD; period: annual_assumed,"Eligible: estimated minimum >= USD 60,000",True
DA-00868,"Chicago, IL",68000.0,87000.0,annual_assumed,Original salary: $68K-$87K (Glassdoor est.); currency: USD; period: annual_assumed,"Eligible: estimated minimum >= USD 60,000",True
DA-00869,"Chicago, IL",68000.0,87000.0,annual_assumed,Original salary: $68K-$87K (Glassdoor est.); currency: USD; period: annual_assumed,"Eligible: estimated minimum >= USD 60,000",True
DA-00870,"Chicago, IL",68000.0,87000.0,annual_assumed,Original salary: $68K-$87K (Glassdoor est.); currency: USD; period: annual_assumed,"Eligible: estimated minimum >= USD 60,000",True
DA-00871,"Chicago, IL",68000.0,87000.0,annual_assumed,Original salary: $68K-$87K (Glassdoor est.); currency: USD; period: annual_assumed,"Eligible: estimated minimum >= USD 60,000",True
DA-00872,"Chicago, IL",68000.0,87000.0,annual_assumed,Original salary: $68K-$87K (Glassdoor est.); currency: USD; period: annual_assumed,"Eligible: estimated minimum >= USD 60,000",True
DA-00873,"Chicago, IL",68000.0,87000.0,annual_assumed,Original salary: $68K-$87K (Glassdoor est.); currency: USD; period: annual_assumed,"Eligible: estimated minimum >= USD 60,000",True
DA-00874,"Chicago, IL",68000.0,87000.0,annual_assumed,Original salary: $68K-$87K (Glassdoor est.); currency: USD; period: annual_assumed,"Eligible: estimated minimum >= USD 60,000",True
DA-00875,"Chicago, IL",68000.0,87000.0,annual_assumed,Original salary: $68K-$87K (Glassdoor est.); currency: USD; period: annual_assumed,"Eligible: estimated minimum >= USD 60,000",True
DA-00876,"Chicago, IL",68000.0,87000.0,annual_assumed,Original salary: $68K-$87K (Glassdoor est.); currency: USD; period: annual_assumed,"Eligible: estimated minimum >= USD 60,000",True
DA-00877,"Chicago, IL",68000.0,87000.0,annual_assumed,Original salary: $68K-$87K (Glassdoor est.); currency: USD; period: annual_assumed,"Eligible: estimated minimum >= USD 60,000",True
DA-00878,"Chicago, IL",68000.0,87000.0,annual_assumed,Original salary: $68K-$87K (Glassdoor est.); currency: USD; period: annual_assumed,"Eligible: estimated minimum >= USD 60,000",True
DA-00879,"Arlington Heights, IL",68000.0,87000.0,annual_assumed,Original salary: $68K-$87K (Glassdoor est.); currency: USD; period: annual_assumed,"Eligible: estimated minimum >= USD 60,000",True
DA-00880,"Deerfield, IL",68000.0,87000.0,annual_assumed,Original salary: $68K-$87K (Glassdoor est.); currency: USD; period: annual_assumed,"Eligible: estimated minimum >= USD 60,000",True
DA-00881,"Chicago, IL",68000.0,87000.0,annual_assumed,Original salary: $68K-$87K (Glassdoor est.); currency: USD; period: annual_assumed,"Eligible: estimated minimum >= USD 60,000",True
DA-00882,"Downers Grove, IL",68000.0,87000.0,annual_assumed,Original salary: $68K-$87K (Glassdoor est.); currency: USD; period: annual_assumed,"Eligible: estimated minimum >= USD 60,000",True
DA-00883,"Chicago, IL",68000.0,87000.0,annual_assumed,Original salary: $68K-$87K (Glassdoor est.); currency: USD; period: annual_assumed,"Eligible: estimated minimum >= USD 60,000",True
DA-00884,"Houston, TX",29000.0,38000.0,annual_assumed,Original salary: $29K-$38K (Glassdoor est.); currency: USD; period: annual_assumed,"Estimated minimum below USD 60,000",False
DA-00885,"Houston, TX",29000.0,38000.0,annual_assumed,Original salary: $29K-$38K (Glassdoor est.); currency: USD; period: annual_assumed,"Estimated minimum below USD 60,000",False
DA-00886,"Houston, TX",29000.0,38000.0,annual_assumed,Original salary: $29K-$38K (Glassdoor est.); currency: USD; period: annual_assumed,"Estimated minimum below USD 60,000",False
DA-00887,"Houston, TX",29000.0,38000.0,annual_assumed,Original salary: $29K-$38K (Glassdoor est.); currency: USD; period: annual_assumed,"Estimated minimum below USD 60,000",False
DA-00888,"Houston, TX",29000.0,38000.0,annual_assumed,Original salary: $29K-$38K (Glassdoor est.); currency: USD; period: annual_assumed,"Estimated minimum below USD 60,000",False
DA-00889,"Stafford, TX",29000.0,38000.0,annual_assumed,Original salary: $29K-$38K (Glassdoor est.); currency: USD; period: annual_assumed,"Estimated minimum below USD 60,000",False
DA-00890,"Houston, TX",29000.0,38000.0,annual_assumed,Original salary: $29K-$38K (Glassdoor est.); currency: USD; period: annual_assumed,"Estimated minimum below USD 60,000",False
DA-00891,"Houston, TX",29000.0,38000.0,annual_assumed,Original salary: $29K-$38K (Glassdoor est.); currency: USD; period: annual_assumed,"Estimated minimum below USD 60,000",False
DA-00892,"Houston, TX",29000.0,38000.0,annual_assumed,Original salary: $29K-$38K (Glassdoor est.); currency: USD; period: annual_assumed,"Estimated minimum below USD 60,000",False
DA-00893,"Houston, TX",29000.0,38000.0,annual_assumed,Original salary: $29K-$38K (Glassdoor est.); currency: USD; period: annual_assumed,"Estimated minimum below USD 60,000",False
DA-00894,"Houston, TX",29000.0,38000.0,annual_assumed,Original salary: $29K-$38K (Glassdoor est.); currency: USD; period: annual_assumed,"Estimated minimum below USD 60,000",False
DA-00895,"Houston, TX",29000.0,38000.0,annual_assumed,Original salary: $29K-$38K (Glassdoor est.); currency: USD; period: annual_assumed,"Estimated minimum below USD 60,000",False
DA-00896,"Houston, TX",29000.0,38000.0,annual_assumed,Original salary: $29K-$38K (Glassdoor est.); currency: USD; period: annual_assumed,"Estimated minimum below USD 60,000",False
DA-00897,"Houston, TX",29000.0,38000.0,annual_assumed,Original salary: $29K-$38K (Glassdoor est.); currency: USD; period: annual_assumed,"Estimated minimum below USD 60,000",False
DA-00898,"Houston, TX",29000.0,38000.0,annual_assumed,Original salary: $29K-$38K (Glassdoor est.); currency: USD; period: annual_assumed,"Estimated minimum below USD 60,000",False
DA-00899,"Pearland, TX",29000.0,38000.0,annual_assumed,Original salary: $29K-$38K (Glassdoor est.); currency: USD; period: annual_assumed,"Estimated minimum below USD 60,000",False
DA-00900,"Stafford, TX",29000.0,38000.0,annual_assumed,Original salary: $29K-$38K (Glassdoor est.); currency: USD; period: annual_assumed,"Estimated minimum below USD 60,000",False
DA-00901,"Houston, TX",29000.0,38000.0,annual_assumed,Original salary: $29K-$38K (Glassdoor est.); currency: USD; period: annual_assumed,"Estimated minimum below USD 60,000",False
DA-00902,"Houston, TX",29000.0,38000.0,annual_assumed,Original salary: $29K-$38K (Glassdoor est.); currency: USD; period: annual_assumed,"Estimated minimum below USD 60,000",False
DA-00903,"Houston, TX",29000.0,38000.0,annual_assumed,Original salary: $29K-$38K (Glassdoor est.); currency: USD; period: annual_assumed,"Estimated minimum below USD 60,000",False
DA-00904,"Houston, TX",29000.0,38000.0,annual_assumed,Original salary: $29K-$38K (Glassdoor est.); currency: USD; period: annual_assumed,"Estimated minimum below USD 60,000",False
DA-00905,"Houston, TX",29000.0,38000.0,annual_assumed,Original salary: $29K-$38K (Glassdoor est.); currency: USD; period: annual_assumed,"Estimated minimum below USD 60,000",False
DA-00906,"Houston, TX",29000.0,38000.0,annual_assumed,Original salary: $29K-$38K (Glassdoor est.); currency: USD; period: annual_assumed,"Estimated minimum below USD 60,000",False
DA-00907,"Houston, TX",29000.0,38000.0,annual_assumed,Original salary: $29K-$38K (Glassdoor est.); currency: USD; period: annual_assumed,"Estimated minimum below USD 60,000",False
DA-00908,"Houston, TX",29000.0,38000.0,annual_assumed,Original salary: $29K-$38K (Glassdoor est.); currency: USD; period: annual_assumed,"Estimated minimum below USD 60,000",False
DA-00909,"Houston, TX",29000.0,38000.0,annual_assumed,Original salary: $29K-$38K (Glassdoor est.); currency: USD; period: annual_assumed,"Estimated minimum below USD 60,000",False
DA-00910,"Houston, TX",29000.0,38000.0,annual_assumed,Original salary: $29K-$38K (Glassdoor est.); currency: USD; period: annual_assumed,"Estimated minimum below USD 60,000",False
DA-00911,"Houston, TX",29000.0,38000.0,annual_assumed,Original salary: $29K-$38K (Glassdoor est.); currency: USD; period: annual_assumed,"Estimated minimum below USD 60,000",False
DA-00912,"Houston, TX",29000.0,38000.0,annual_assumed,Original salary: $29K-$38K (Glassdoor est.); currency: USD; period: annual_assumed,"Estimated minimum below USD 60,000",False
DA-00913,"Houston, TX",47000.0,76000.0,annual_assumed,Original salary: $47K-$76K (Glassdoor est.); currency: USD; period: annual_assumed,"Estimated minimum below USD 60,000",False
DA-00914,"Houston, TX",47000.0,76000.0,annual_assumed,Original salary: $47K-$76K (Glassdoor est.); currency: USD; period: annual_assumed,"Estimated minimum below USD 60,000",False
DA-00915,"Houston, TX",47000.0,76000.0,annual_assumed,Original salary: $47K-$76K (Glassdoor est.); currency: USD; period: annual_assumed,"Estimated minimum below USD 60,000",False
DA-00916,"Houston, TX",47000.0,76000.0,annual_assumed,Original salary: $47K-$76K (Glassdoor est.); currency: USD; period: annual_assumed,"Estimated minimum below USD 60,000",False
DA-00917,"Houston, TX",47000.0,76000.0,annual_assumed,Original salary: $47K-$76K (Glassdoor est.); currency: USD; period: annual_assumed,"Estimated minimum below USD 60,000",False
DA-00918,"Houston, TX",47000.0,76000.0,annual_assumed,Original salary: $47K-$76K (Glassdoor est.); currency: USD; period: annual_assumed,"Estimated minimum below USD 60,000",False
DA-00919,"Houston, TX",47000.0,76000.0,annual_assumed,Original salary: $47K-$76K (Glassdoor est.); currency: USD; period: annual_assumed,"Estimated minimum below USD 60,000",False
DA-00920,"Houston, TX",47000.0,76000.0,annual_assumed,Original salary: $47K-$76K (Glassdoor est.); currency: USD; period: annual_assumed,"Estimated minimum below USD 60,000",False
DA-00921,"Houston, TX",47000.0,76000.0,annual_assumed,Original salary: $47K-$76K (Glassdoor est.); currency: USD; period: annual_assumed,"Estimated minimum below USD 60,000",False
DA-00922,"Houston, TX",47000.0,76000.0,annual_assumed,Original salary: $47K-$76K (Glassdoor est.); currency: USD; period: annual_assumed,"Estimated minimum below USD 60,000",False
DA-00923,"Houston, TX",47000.0,76000.0,annual_assumed,Original salary: $47K-$76K (Glassdoor est.); currency: USD; period: annual_assumed,"Estimated minimum below USD 60,000",False
DA-00924,"Houston, TX",47000.0,76000.0,annual_assumed,Original salary: $47K-$76K (Glassdoor est.); currency: USD; period: annual_assumed,"Estimated minimum below USD 60,000",False
DA-00925,"Houston, TX",47000.0,76000.0,annual_assumed,Original salary: $47K-$76K (Glassdoor est.); currency: USD; period: annual_assumed,"Estimated minimum below USD 60,000",False
DA-00926,"Houston, TX",47000.0,76000.0,annual_assumed,Original salary: $47K-$76K (Glassdoor est.); currency: USD; period: annual_assumed,"Estimated minimum below USD 60,000",False
DA-00927,"Houston, TX",47000.0,76000.0,annual_assumed,Original salary: $47K-$76K (Glassdoor est.); currency: USD; period: annual_assumed,"Estimated minimum below USD 60,000",False
DA-00928,"Houston, TX",47000.0,76000.0,annual_assumed,Original salary: $47K-$76K (Glassdoor est.); currency: USD; period: annual_assumed,"Estimated minimum below USD 60,000",False
DA-00929,"Houston, TX",47000.0,76000.0,annual_assumed,Original salary: $47K-$76K (Glassdoor est.); currency: USD; period: annual_assumed,"Estimated minimum below USD 60,000",False
DA-00930,"Houston, TX",47000.0,76000.0,annual_assumed,Original salary: $47K-$76K (Glassdoor est.); currency: USD; period: annual_assumed,"Estimated minimum below USD 60,000",False
DA-00931,"Houston, TX",47000.0,76000.0,annual_assumed,Original salary: $47K-$76K (Glassdoor est.); currency: USD; period: annual_assumed,"Estimated minimum below USD 60,000",False
DA-00932,"Houston, TX",47000.0,76000.0,annual_assumed,Original salary: $47K-$76K (Glassdoor est.); currency: USD; period: annual_assumed,"Estimated minimum below USD 60,000",False
DA-00933,"Houston, TX",47000.0,76000.0,annual_assumed,Original salary: $47K-$76K (Glassdoor est.); currency: USD; period: annual_assumed,"Estimated minimum below USD 60,000",False
DA-00934,"Houston, TX",47000.0,76000.0,annual_assumed,Original salary: $47K-$76K (Glassdoor est.); currency: USD; period: annual_assumed,"Estimated minimum below USD 60,000",False
DA-00935,"Houston, TX",47000.0,76000.0,annual_assumed,Original salary: $47K-$76K (Glassdoor est.); currency: USD; period: annual_assumed,"Estimated minimum below USD 60,000",False
DA-00936,"Sugar Land, TX",47000.0,76000.0,annual_assumed,Original salary: $47K-$76K (Glassdoor est.); currency: USD; period: annual_assumed,"Estimated minimum below USD 60,000",False
DA-00937,"Pasadena, TX",47000.0,76000.0,annual_assumed,Original salary: $47K-$76K (Glassdoor est.); currency: USD; period: annual_assumed,"Estimated minimum below USD 60,000",False
DA-00938,"Houston, TX",47000.0,76000.0,annual_assumed,Original salary: $47K-$76K (Glassdoor est.); currency: USD; period: annual_assumed,"Estimated minimum below USD 60,000",False
DA-00939,"Houston, TX",47000.0,76000.0,annual_assumed,Original salary: $47K-$76K (Glassdoor est.); currency: USD; period: annual_assumed,"Estimated minimum below USD 60,000",False
DA-00940,"Pearland, TX",47000.0,76000.0,annual_assumed,Original salary: $47K-$76K (Glassdoor est.); currency: USD; period: annual_assumed,"Estimated minimum below USD 60,000",False
DA-00941,"Houston, TX",74000.0,123000.0,annual_assumed,Original salary: $74K-$123K (Glassdoor est.); currency: USD; period: annual_assumed,"Eligible: estimated minimum >= USD 60,000",True
DA-00942,"Houston, TX",74000.0,123000.0,annual_assumed,Original salary: $74K-$123K (Glassdoor est.); currency: USD; period: annual_assumed,"Eligible: estimated minimum >= USD 60,000",True
DA-00943,"Houston, TX",74000.0,123000.0,annual_assumed,Original salary: $74K-$123K (Glassdoor est.); currency: USD; period: annual_assumed,"Eligible: estimated minimum >= USD 60,000",True
DA-00944,"Houston, TX",74000.0,123000.0,annual_assumed,Original salary: $74K-$123K (Glassdoor est.); currency: USD; period: annual_assumed,"Eligible: estimated minimum >= USD 60,000",True
DA-00945,"Pasadena, TX",74000.0,123000.0,annual_assumed,Original salary: $74K-$123K (Glassdoor est.); currency: USD; period: annual_assumed,"Eligible: estimated minimum >= USD 60,000",True
DA-00946,"Houston, TX",74000.0,123000.0,annual_assumed,Original salary: $74K-$123K (Glassdoor est.); currency: USD; period: annual_assumed,"Eligible: estimated minimum >= USD 60,000",True
DA-00947,"Houston, TX",74000.0,123000.0,annual_assumed,Original salary: $74K-$123K (Glassdoor est.); currency: USD; period: annual_assumed,"Eligible: estimated minimum >= USD 60,000",True
DA-00948,"Houston, TX",74000.0,123000.0,annual_assumed,Original salary: $74K-$123K (Glassdoor est.); currency: USD; period: annual_assumed,"Eligible: estimated minimum >= USD 60,000",True
DA-00949,"Houston, TX",74000.0,123000.0,annual_assumed,Original salary: $74K-$123K (Glassdoor est.); currency: USD; period: annual_assumed,"Eligible: estimated minimum >= USD 60,000",True
DA-00950,"Pearland, TX",74000.0,123000.0,annual_assumed,Original salary: $74K-$123K (Glassdoor est.); currency: USD; period: annual_assumed,"Eligible: estimated minimum >= USD 60,000",True
DA-00951,"Houston, TX",74000.0,123000.0,annual_assumed,Original salary: $74K-$123K (Glassdoor est.); currency: USD; period: annual_assumed,"Eligible: estimated minimum >= USD 60,000",True
DA-00952,"Houston, TX",74000.0,123000.0,annual_assumed,Original salary: $74K-$123K (Glassdoor est.); currency: USD; period: annual_assumed,"Eligible: estimated minimum >= USD 60,000",True
DA-00953,"Houston, TX",74000.0,123000.0,annual_assumed,Original salary: $74K-$123K (Glassdoor est.); currency: USD; period: annual_assumed,"Eligible: estimated minimum >= USD 60,000",True
DA-00954,"Houston, TX",74000.0,123000.0,annual_assumed,Original salary: $74K-$123K (Glassdoor est.); currency: USD; period: annual_assumed,"Eligible: estimated minimum >= USD 60,000",True
DA-00955,"Pearland, TX",74000.0,123000.0,annual_assumed,Original salary: $74K-$123K (Glassdoor est.); currency: USD; period: annual_assumed,"Eligible: estimated minimum >= USD 60,000",True
DA-00956,"Houston, TX",74000.0,123000.0,annual_assumed,Original salary: $74K-$123K (Glassdoor est.); currency: USD; period: annual_assumed,"Eligible: estimated minimum >= USD 60,000",True
DA-00957,"Spring, TX",74000.0,123000.0,annual_assumed,Original salary: $74K-$123K (Glassdoor est.); currency: USD; period: annual_assumed,"Eligible: estimated minimum >= USD 60,000",True
DA-00958,"Pearland, TX",74000.0,123000.0,annual_assumed,Original salary: $74K-$123K (Glassdoor est.); currency: USD; period: annual_assumed,"Eligible: estimated minimum >= USD 60,000",True
DA-00959,"Houston, TX",74000.0,123000.0,annual_assumed,Original salary: $74K-$123K (Glassdoor est.); currency: USD; period: annual_assumed,"Eligible: estimated minimum >= USD 60,000",True
DA-00960,"Sugar Land, TX",74000.0,123000.0,annual_assumed,Original salary: $74K-$123K (Glassdoor est.); currency: USD; period: annual_assumed,"Eligible: estimated minimum >= USD 60,000",True
DA-00961,"Houston, TX",74000.0,123000.0,annual_assumed,Original salary: $74K-$123K (Glassdoor est.); currency: USD; period: annual_assumed,"Eligible: estimated minimum >= USD 60,000",True
DA-00962,"Houston, TX",74000.0,123000.0,annual_assumed,Original salary: $74K-$123K (Glassdoor est.); currency: USD; period: annual_assumed,"Eligible: estimated minimum >= USD 60,000",True
DA-00963,"Houston, TX",74000.0,123000.0,annual_assumed,Original salary: $74K-$123K (Glassdoor est.); currency: USD; period: annual_assumed,"Eligible: estimated minimum >= USD 60,000",True
DA-00964,"Houston, TX",74000.0,123000.0,annual_assumed,Original salary: $74K-$123K (Glassdoor est.); currency: USD; period: annual_assumed,"Eligible: estimated minimum >= USD 60,000",True
DA-00965,"Houston, TX",74000.0,123000.0,annual_assumed,Original salary: $74K-$123K (Glassdoor est.); currency: USD; period: annual_assumed,"Eligible: estimated minimum >= USD 60,000",True
DA-00966,"Sugar Land, TX",74000.0,123000.0,annual_assumed,Original salary: $74K-$123K (Glassdoor est.); currency: USD; period: annual_assumed,"Eligible: estimated minimum >= USD 60,000",True
DA-00967,"Houston, TX",74000.0,123000.0,annual_assumed,Original salary: $74K-$123K (Glassdoor est.); currency: USD; period: annual_assumed,"Eligible: estimated minimum >= USD 60,000",True
DA-00968,"Houston, TX",74000.0,123000.0,annual_assumed,Original salary: $74K-$123K (Glassdoor est.); currency: USD; period: annual_assumed,"Eligible: estimated minimum >= USD 60,000",True
DA-00969,"Tempe, AZ",53000.0,94000.0,annual_assumed,Original salary: $53K-$94K (Glassdoor est.); currency: USD; period: annual_assumed,"Estimated minimum below USD 60,000",False
DA-00970,"Phoenix, AZ",53000.0,94000.0,annual_assumed,Original salary: $53K-$94K (Glassdoor est.); currency: USD; period: annual_assumed,"Estimated minimum below USD 60,000",False
DA-00971,"Phoenix, AZ",53000.0,94000.0,annual_assumed,Original salary: $53K-$94K (Glassdoor est.); currency: USD; period: annual_assumed,"Estimated minimum below USD 60,000",False
DA-00972,"Phoenix, AZ",53000.0,94000.0,annual_assumed,Original salary: $53K-$94K (Glassdoor est.); currency: USD; period: annual_assumed,"Estimated minimum below USD 60,000",False
DA-00973,"Phoenix, AZ",53000.0,94000.0,annual_assumed,Original salary: $53K-$94K (Glassdoor est.); currency: USD; period: annual_assumed,"Estimated minimum below USD 60,000",False
DA-00974,"Scottsdale, AZ",53000.0,94000.0,annual_assumed,Original salary: $53K-$94K (Glassdoor est.); currency: USD; period: annual_assumed,"Estimated minimum below USD 60,000",False
DA-00975,"Phoenix, AZ",53000.0,94000.0,annual_assumed,Original salary: $53K-$94K (Glassdoor est.); currency: USD; period: annual_assumed,"Estimated minimum below USD 60,000",False
DA-00976,"Phoenix, AZ",53000.0,94000.0,annual_assumed,Original salary: $53K-$94K (Glassdoor est.); currency: USD; period: annual_assumed,"Estimated minimum below USD 60,000",False
DA-00977,"Phoenix, AZ",53000.0,94000.0,annual_assumed,Original salary: $53K-$94K (Glassdoor est.); currency: USD; period: annual_assumed,"Estimated minimum below USD 60,000",False
DA-00978,"Phoenix, AZ",53000.0,94000.0,annual_assumed,Original salary: $53K-$94K (Glassdoor est.); currency: USD; period: annual_assumed,"Estimated minimum below USD 60,000",False
DA-00979,"Scottsdale, AZ",53000.0,94000.0,annual_assumed,Original salary: $53K-$94K (Glassdoor est.); currency: USD; period: annual_assumed,"Estimated minimum below USD 60,000",False
DA-00980,"Phoenix, AZ",53000.0,94000.0,annual_assumed,Original salary: $53K-$94K (Glassdoor est.); currency: USD; period: annual_assumed,"Estimated minimum below USD 60,000",False
DA-00981,"Tempe, AZ",53000.0,94000.0,annual_assumed,Original salary: $53K-$94K (Glassdoor est.); currency: USD; period: annual_assumed,"Estimated minimum below USD 60,000",False
DA-00982,"Phoenix, AZ",53000.0,94000.0,annual_assumed,Original salary: $53K-$94K (Glassdoor est.); currency: USD; period: annual_assumed,"Estimated minimum below USD 60,000",False
DA-00983,"Phoenix, AZ",53000.0,94000.0,annual_assumed,Original salary: $53K-$94K (Glassdoor est.); currency: USD; period: annual_assumed,"Estimated minimum below USD 60,000",False
DA-00984,"Tempe, AZ",53000.0,94000.0,annual_assumed,Original salary: $53K-$94K (Glassdoor est.); currency: USD; period: annual_assumed,"Estimated minimum below USD 60,000",False
DA-00985,"Phoenix, AZ",53000.0,94000.0,annual_assumed,Original salary: $53K-$94K (Glassdoor est.); currency: USD; period: annual_assumed,"Estimated minimum below USD 60,000",False
DA-00986,"Scottsdale, AZ",53000.0,94000.0,annual_assumed,Original salary: $53K-$94K (Glassdoor est.); currency: USD; period: annual_assumed,"Estimated minimum below USD 60,000",False
DA-00987,"Phoenix, AZ",53000.0,94000.0,annual_assumed,Original salary: $53K-$94K (Glassdoor est.); currency: USD; period: annual_assumed,"Estimated minimum below USD 60,000",False
DA-00988,"Phoenix, AZ",53000.0,94000.0,annual_assumed,Original salary: $53K-$94K (Glassdoor est.); currency: USD; period: annual_assumed,"Estimated minimum below USD 60,000",False
DA-00989,"Tempe, AZ",53000.0,94000.0,annual_assumed,Original salary: $53K-$94K (Glassdoor est.); currency: USD; period: annual_assumed,"Estimated minimum below USD 60,000",False
DA-00990,"Tempe, AZ",53000.0,94000.0,annual_assumed,Original salary: $53K-$94K (Glassdoor est.); currency: USD; period: annual_assumed,"Estimated minimum below USD 60,000",False
DA-00991,"Scottsdale, AZ",53000.0,94000.0,annual_assumed,Original salary: $53K-$94K (Glassdoor est.); currency: USD; period: annual_assumed,"Estimated minimum below USD 60,000",False
DA-00992,"Tempe, AZ",53000.0,94000.0,annual_assumed,Original salary: $53K-$94K (Glassdoor est.); currency: USD; period: annual_assumed,"Estimated minimum below USD 60,000",False
DA-00993,"Tempe, AZ",53000.0,94000.0,annual_assumed,Original salary: $53K-$94K (Glassdoor est.); currency: USD; period: annual_assumed,"Estimated minimum below USD 60,000",False
DA-00994,"Glendale, AZ",53000.0,94000.0,annual_assumed,Original salary: $53K-$94K (Glassdoor est.); currency: USD; period: annual_assumed,"Estimated minimum below USD 60,000",False
DA-00995,"Scottsdale, AZ",53000.0,94000.0,annual_assumed,Original salary: $53K-$94K (Glassdoor est.); currency: USD; period: annual_assumed,"Estimated minimum below USD 60,000",False
DA-00996,"Tempe, AZ",53000.0,94000.0,annual_assumed,Original salary: $53K-$94K (Glassdoor est.); currency: USD; period: annual_assumed,"Estimated minimum below USD 60,000",False
DA-00997,"Glendale, AZ",53000.0,94000.0,annual_assumed,Original salary: $53K-$94K (Glassdoor est.); currency: USD; period: annual_assumed,"Estimated minimum below USD 60,000",False
DA-00998,"Phoenix, AZ",46000.0,102000.0,annual_assumed,Original salary: $46K-$102K (Glassdoor est.); currency: USD; period: annual_assumed,"Estimated minimum below USD 60,000",False
DA-00999,"Tempe, AZ",46000.0,102000.0,annual_assumed,Original salary: $46K-$102K (Glassdoor est.); currency: USD; period: annual_assumed,"Estimated minimum below USD 60,000",False
DA-01000,"Tempe, AZ",46000.0,102000.0,annual_assumed,Original salary: $46K-$102K (Glassdoor est.); currency: USD; period: annual_assumed,"Estimated minimum below USD 60,000",False
DA-01001,"Phoenix, AZ",46000.0,102000.0,annual_assumed,Original salary: $46K-$102K (Glassdoor est.); currency: USD; period: annual_assumed,"Estimated minimum below USD 60,000",False
DA-01002,"Phoenix, AZ",46000.0,102000.0,annual_assumed,Original salary: $46K-$102K (Glassdoor est.); currency: USD; period: annual_assumed,"Estimated minimum below USD 60,000",False
DA-01003,"Tempe, AZ",46000.0,102000.0,annual_assumed,Original salary: $46K-$102K (Glassdoor est.); currency: USD; period: annual_assumed,"Estimated minimum below USD 60,000",False
DA-01004,"Tempe, AZ",46000.0,102000.0,annual_assumed,Original salary: $46K-$102K (Glassdoor est.); currency: USD; period: annual_assumed,"Estimated minimum below USD 60,000",False
DA-01005,"Phoenix, AZ",46000.0,102000.0,annual_assumed,Original salary: $46K-$102K (Glassdoor est.); currency: USD; period: annual_assumed,"Estimated minimum below USD 60,000",False
DA-01006,"Phoenix, AZ",46000.0,102000.0,annual_assumed,Original salary: $46K-$102K (Glassdoor est.); currency: USD; period: annual_assumed,"Estimated minimum below USD 60,000",False
DA-01007,"Chandler, AZ",46000.0,102000.0,annual_assumed,Original salary: $46K-$102K (Glassdoor est.); currency: USD; period: annual_assumed,"Estimated minimum below USD 60,000",False
DA-01008,"Phoenix, AZ",46000.0,102000.0,annual_assumed,Original salary: $46K-$102K (Glassdoor est.); currency: USD; period: annual_assumed,"Estimated minimum below USD 60,000",False
DA-01009,"Phoenix, AZ",46000.0,102000.0,annual_assumed,Original salary: $46K-$102K (Glassdoor est.); currency: USD; period: annual_assumed,"Estimated minimum below USD 60,000",False
DA-01010,"Phoenix, AZ",46000.0,102000.0,annual_assumed,Original salary: $46K-$102K (Glassdoor est.); currency: USD; period: annual_assumed,"Estimated minimum below USD 60,000",False
DA-01011,"Tempe, AZ",46000.0,102000.0,annual_assumed,Original salary: $46K-$102K (Glassdoor est.); currency: USD; period: annual_assumed,"Estimated minimum below USD 60,000",False
DA-01012,"Scottsdale, AZ",46000.0,102000.0,annual_assumed,Original salary: $46K-$102K (Glassdoor est.); currency: USD; period: annual_assumed,"Estimated minimum below USD 60,000",False
DA-01013,"Tempe, AZ",46000.0,102000.0,annual_assumed,Original salary: $46K-$102K (Glassdoor est.); currency: USD; period: annual_assumed,"Estimated minimum below USD 60,000",False
DA-01014,"Phoenix, AZ",46000.0,102000.0,annual_assumed,Original salary: $46K-$102K (Glassdoor est.); currency: USD; period: annual_assumed,"Estimated minimum below USD 60,000",False
DA-01015,"Phoenix, AZ",46000.0,102000.0,annual_assumed,Original salary: $46K-$102K (Glassdoor est.); currency: USD; period: annual_assumed,"Estimated minimum below USD 60,000",False
DA-01016,"Phoenix, AZ",46000.0,102000.0,annual_assumed,Original salary: $46K-$102K (Glassdoor est.); currency: USD; period: annual_assumed,"Estimated minimum below USD 60,000",False
DA-01017,"Tempe, AZ",46000.0,102000.0,annual_assumed,Original salary: $46K-$102K (Glassdoor est.); currency: USD; period: annual_assumed,"Estimated minimum below USD 60,000",False
DA-01018,"Mesa, AZ",46000.0,102000.0,annual_assumed,Original salary: $46K-$102K (Glassdoor est.); currency: USD; period: annual_assumed,"Estimated minimum below USD 60,000",False
DA-01019,"Scottsdale, AZ",46000.0,102000.0,annual_assumed,Original salary: $46K-$102K (Glassdoor est.); currency: USD; period: annual_assumed,"Estimated minimum below USD 60,000",False
DA-01020,"Tempe, AZ",46000.0,102000.0,annual_assumed,Original salary: $46K-$102K (Glassdoor est.); currency: USD; period: annual_assumed,"Estimated minimum below USD 60,000",False
DA-01021,"Phoenix, AZ",46000.0,102000.0,annual_assumed,Original salary: $46K-$102K (Glassdoor est.); currency: USD; period: annual_assumed,"Estimated minimum below USD 60,000",False
DA-01022,"Chandler, AZ",46000.0,102000.0,annual_assumed,Original salary: $46K-$102K (Glassdoor est.); currency: USD; period: annual_assumed,"Estimated minimum below USD 60,000",False
DA-01023,"Phoenix, AZ",46000.0,102000.0,annual_assumed,Original salary: $46K-$102K (Glassdoor est.); currency: USD; period: annual_assumed,"Estimated minimum below USD 60,000",False
DA-01024,"Phoenix, AZ",46000.0,102000.0,annual_assumed,Original salary: $46K-$102K (Glassdoor est.); currency: USD; period: annual_assumed,"Estimated minimum below USD 60,000",False
DA-01025,"Phoenix, AZ",46000.0,102000.0,annual_assumed,Original salary: $46K-$102K (Glassdoor est.); currency: USD; period: annual_assumed,"Estimated minimum below USD 60,000",False
DA-01026,"Tempe, AZ",43000.0,94000.0,annual_assumed,Original salary: $43K-$94K (Glassdoor est.); currency: USD; period: annual_assumed,"Estimated minimum below USD 60,000",False
DA-01027,"Phoenix, AZ",43000.0,94000.0,annual_assumed,Original salary: $43K-$94K (Glassdoor est.); currency: USD; period: annual_assumed,"Estimated minimum below USD 60,000",False
DA-01028,"Phoenix, AZ",43000.0,94000.0,annual_assumed,Original salary: $43K-$94K (Glassdoor est.); currency: USD; period: annual_assumed,"Estimated minimum below USD 60,000",False
DA-01029,"DC Ranch, AZ",43000.0,94000.0,annual_assumed,Original salary: $43K-$94K (Glassdoor est.); currency: USD; period: annual_assumed,"Estimated minimum below USD 60,000",False
DA-01030,"Tempe, AZ",43000.0,94000.0,annual_assumed,Original salary: $43K-$94K (Glassdoor est.); currency: USD; period: annual_assumed,"Estimated minimum below USD 60,000",False
DA-01031,"Phoenix, AZ",43000.0,94000.0,annual_assumed,Original salary: $43K-$94K (Glassdoor est.); currency: USD; period: annual_assumed,"Estimated minimum below USD 60,000",False
DA-01032,"Tempe, AZ",43000.0,94000.0,annual_assumed,Original salary: $43K-$94K (Glassdoor est.); currency: USD; period: annual_assumed,"Estimated minimum below USD 60,000",False
DA-01033,"Scottsdale, AZ",43000.0,94000.0,annual_assumed,Original salary: $43K-$94K (Glassdoor est.); currency: USD; period: annual_assumed,"Estimated minimum below USD 60,000",False
DA-01034,"Chandler, AZ",43000.0,94000.0,annual_assumed,Original salary: $43K-$94K (Glassdoor est.); currency: USD; period: annual_assumed,"Estimated minimum below USD 60,000",False
DA-01035,"Scottsdale, AZ",43000.0,94000.0,annual_assumed,Original salary: $43K-$94K (Glassdoor est.); currency: USD; period: annual_assumed,"Estimated minimum below USD 60,000",False
DA-01036,"Tempe, AZ",43000.0,94000.0,annual_assumed,Original salary: $43K-$94K (Glassdoor est.); currency: USD; period: annual_assumed,"Estimated minimum below USD 60,000",False
DA-01037,"Scottsdale, AZ",43000.0,94000.0,annual_assumed,Original salary: $43K-$94K (Glassdoor est.); currency: USD; period: annual_assumed,"Estimated minimum below USD 60,000",False
DA-01038,"Tempe, AZ",43000.0,94000.0,annual_assumed,Original salary: $43K-$94K (Glassdoor est.); currency: USD; period: annual_assumed,"Estimated minimum below USD 60,000",False
DA-01039,"Tempe, AZ",43000.0,94000.0,annual_assumed,Original salary: $43K-$94K (Glassdoor est.); currency: USD; period: annual_assumed,"Estimated minimum below USD 60,000",False
DA-01040,"Chandler, AZ",43000.0,94000.0,annual_assumed,Original salary: $43K-$94K (Glassdoor est.); currency: USD; period: annual_assumed,"Estimated minimum below USD 60,000",False
DA-01041,"Scottsdale, AZ",43000.0,94000.0,annual_assumed,Original salary: $43K-$94K (Glassdoor est.); currency: USD; period: annual_assumed,"Estimated minimum below USD 60,000",False
DA-01042,"Tempe, AZ",43000.0,94000.0,annual_assumed,Original salary: $43K-$94K (Glassdoor est.); currency: USD; period: annual_assumed,"Estimated minimum below USD 60,000",False
DA-01043,"Phoenix, AZ",43000.0,94000.0,annual_assumed,Original salary: $43K-$94K (Glassdoor est.); currency: USD; period: annual_assumed,"Estimated minimum below USD 60,000",False
DA-01044,"Tempe, AZ",43000.0,94000.0,annual_assumed,Original salary: $43K-$94K (Glassdoor est.); currency: USD; period: annual_assumed,"Estimated minimum below USD 60,000",False
DA-01045,"Scottsdale, AZ",43000.0,94000.0,annual_assumed,Original salary: $43K-$94K (Glassdoor est.); currency: USD; period: annual_assumed,"Estimated minimum below USD 60,000",False
DA-01046,"Glendale, AZ",43000.0,94000.0,annual_assumed,Original salary: $43K-$94K (Glassdoor est.); currency: USD; period: annual_assumed,"Estimated minimum below USD 60,000",False
DA-01047,"Scottsdale, AZ",43000.0,94000.0,annual_assumed,Original salary: $43K-$94K (Glassdoor est.); currency: USD; period: annual_assumed,"Estimated minimum below USD 60,000",False
DA-01048,"Glendale, AZ",43000.0,94000.0,annual_assumed,Original salary: $43K-$94K (Glassdoor est.); currency: USD; period: annual_assumed,"Estimated minimum below USD 60,000",False
DA-01049,"Chandler, AZ",43000.0,94000.0,annual_assumed,Original salary: $43K-$94K (Glassdoor est.); currency: USD; period: annual_assumed,"Estimated minimum below USD 60,000",False
DA-01050,"Glendale, AZ",43000.0,94000.0,annual_assumed,Original salary: $43K-$94K (Glassdoor est.); currency: USD; period: annual_assumed,"Estimated minimum below USD 60,000",False
DA-01051,"Tempe, AZ",43000.0,94000.0,annual_assumed,Original salary: $43K-$94K (Glassdoor est.); currency: USD; period: annual_assumed,"Estimated minimum below USD 60,000",False
DA-01052,"Phoenix, AZ",43000.0,94000.0,annual_assumed,Original salary: $43K-$94K (Glassdoor est.); currency: USD; period: annual_assumed,"Estimated minimum below USD 60,000",False
DA-01053,"Chandler, AZ",43000.0,94000.0,annual_assumed,Original salary: $43K-$94K (Glassdoor est.); currency: USD; period: annual_assumed,"Estimated minimum below USD 60,000",False
DA-01054,"Chandler, AZ",43000.0,94000.0,annual_assumed,Original salary: $43K-$94K (Glassdoor est.); currency: USD; period: annual_assumed,"Estimated minimum below USD 60,000",False
DA-01055,"Mesa, AZ",45000.0,78000.0,annual_assumed,Original salary: $45K-$78K (Glassdoor est.); currency: USD; period: annual_assumed,"Estimated minimum below USD 60,000",False
DA-01056,"Tempe, AZ",45000.0,78000.0,annual_assumed,Original salary: $45K-$78K (Glassdoor est.); currency: USD; period: annual_assumed,"Estimated minimum below USD 60,000",False
DA-01057,"DC Ranch, AZ",45000.0,78000.0,annual_assumed,Original salary: $45K-$78K (Glassdoor est.); currency: USD; period: annual_assumed,"Estimated minimum below USD 60,000",False
DA-01058,"Tempe, AZ",45000.0,78000.0,annual_assumed,Original salary: $45K-$78K (Glassdoor est.); currency: USD; period: annual_assumed,"Estimated minimum below USD 60,000",False
DA-01059,"Tempe, AZ",45000.0,78000.0,annual_assumed,Original salary: $45K-$78K (Glassdoor est.); currency: USD; period: annual_assumed,"Estimated minimum below USD 60,000",False
DA-01060,"Phoenix, AZ",45000.0,78000.0,annual_assumed,Original salary: $45K-$78K (Glassdoor est.); currency: USD; period: annual_assumed,"Estimated minimum below USD 60,000",False
DA-01061,"Scottsdale, AZ",45000.0,78000.0,annual_assumed,Original salary: $45K-$78K (Glassdoor est.); currency: USD; period: annual_assumed,"Estimated minimum below USD 60,000",False
DA-01062,"Tempe, AZ",45000.0,78000.0,annual_assumed,Original salary: $45K-$78K (Glassdoor est.); currency: USD; period: annual_assumed,"Estimated minimum below USD 60,000",False
DA-01063,"Tempe, AZ",45000.0,78000.0,annual_assumed,Original salary: $45K-$78K (Glassdoor est.); currency: USD; period: annual_assumed,"Estimated minimum below USD 60,000",False
DA-01064,"Tempe, AZ",45000.0,78000.0,annual_assumed,Original salary: $45K-$78K (Glassdoor est.); currency: USD; period: annual_assumed,"Estimated minimum below USD 60,000",False
DA-01065,"Scottsdale, AZ",45000.0,78000.0,annual_assumed,Original salary: $45K-$78K (Glassdoor est.); currency: USD; period: annual_assumed,"Estimated minimum below USD 60,000",False
DA-01066,"King of Prussia, PA",41000.0,78000.0,annual_assumed,Original salary: $41K-$78K (Glassdoor est.); currency: USD; period: annual_assumed,"Estimated minimum below USD 60,000",False
DA-01067,"Plymouth Meeting, PA",41000.0,78000.0,annual_assumed,Original salary: $41K-$78K (Glassdoor est.); currency: USD; period: annual_assumed,"Estimated minimum below USD 60,000",False
DA-01068,"Blue Bell, PA",41000.0,78000.0,annual_assumed,Original salary: $41K-$78K (Glassdoor est.); currency: USD; period: annual_assumed,"Estimated minimum below USD 60,000",False
DA-01069,"Fort Washington, PA",41000.0,78000.0,annual_assumed,Original salary: $41K-$78K (Glassdoor est.); currency: USD; period: annual_assumed,"Estimated minimum below USD 60,000",False
DA-01070,"Philadelphia, PA",41000.0,78000.0,annual_assumed,Original salary: $41K-$78K (Glassdoor est.); currency: USD; period: annual_assumed,"Estimated minimum below USD 60,000",False
DA-01071,"Philadelphia, PA",41000.0,78000.0,annual_assumed,Original salary: $41K-$78K (Glassdoor est.); currency: USD; period: annual_assumed,"Estimated minimum below USD 60,000",False
DA-01072,"Philadelphia, PA",41000.0,78000.0,annual_assumed,Original salary: $41K-$78K (Glassdoor est.); currency: USD; period: annual_assumed,"Estimated minimum below USD 60,000",False
DA-01073,"Wilmington, DE",41000.0,78000.0,annual_assumed,Original salary: $41K-$78K (Glassdoor est.); currency: USD; period: annual_assumed,"Estimated minimum below USD 60,000",False
DA-01074,"King of Prussia, PA",41000.0,78000.0,annual_assumed,Original salary: $41K-$78K (Glassdoor est.); currency: USD; period: annual_assumed,"Estimated minimum below USD 60,000",False
DA-01075,"Malvern, PA",41000.0,78000.0,annual_assumed,Original salary: $41K-$78K (Glassdoor est.); currency: USD; period: annual_assumed,"Estimated minimum below USD 60,000",False
DA-01076,"Philadelphia, PA",41000.0,78000.0,annual_assumed,Original salary: $41K-$78K (Glassdoor est.); currency: USD; period: annual_assumed,"Estimated minimum below USD 60,000",False
DA-01077,"Philadelphia, PA",41000.0,78000.0,annual_assumed,Original salary: $41K-$78K (Glassdoor est.); currency: USD; period: annual_assumed,"Estimated minimum below USD 60,000",False
DA-01078,"Philadelphia, PA",41000.0,78000.0,annual_assumed,Original salary: $41K-$78K (Glassdoor est.); currency: USD; period: annual_assumed,"Estimated minimum below USD 60,000",False
DA-01079,"Philadelphia, PA",41000.0,78000.0,annual_assumed,Original salary: $41K-$78K (Glassdoor est.); currency: USD; period: annual_assumed,"Estimated minimum below USD 60,000",False
DA-01080,"Horsham, PA",41000.0,78000.0,annual_assumed,Original salary: $41K-$78K (Glassdoor est.); currency: USD; period: annual_assumed,"Estimated minimum below USD 60,000",False
DA-01081,"Camden, NJ",41000.0,78000.0,annual_assumed,Original salary: $41K-$78K (Glassdoor est.); currency: USD; period: annual_assumed,"Estimated minimum below USD 60,000",False
DA-01082,"Philadelphia, PA",41000.0,78000.0,annual_assumed,Original salary: $41K-$78K (Glassdoor est.); currency: USD; period: annual_assumed,"Estimated minimum below USD 60,000",False
DA-01083,"Philadelphia, PA",41000.0,78000.0,annual_assumed,Original salary: $41K-$78K (Glassdoor est.); currency: USD; period: annual_assumed,"Estimated minimum below USD 60,000",False
DA-01084,"Philadelphia, PA",41000.0,78000.0,annual_assumed,Original salary: $41K-$78K (Glassdoor est.); currency: USD; period: annual_assumed,"Estimated minimum below USD 60,000",False
DA-01085,"Philadelphia, PA",41000.0,78000.0,annual_assumed,Original salary: $41K-$78K (Glassdoor est.); currency: USD; period: annual_assumed,"Estimated minimum below USD 60,000",False
DA-01086,"Philadelphia, PA",41000.0,78000.0,annual_assumed,Original salary: $41K-$78K (Glassdoor est.); currency: USD; period: annual_assumed,"Estimated minimum below USD 60,000",False
DA-01087,"Feasterville Trevose, PA",41000.0,78000.0,annual_assumed,Original salary: $41K-$78K (Glassdoor est.); currency: USD; period: annual_assumed,"Estimated minimum below USD 60,000",False
DA-01088,"Philadelphia, PA",41000.0,78000.0,annual_assumed,Original salary: $41K-$78K (Glassdoor est.); currency: USD; period: annual_assumed,"Estimated minimum below USD 60,000",False
DA-01089,"Feasterville Trevose, PA",41000.0,78000.0,annual_assumed,Original salary: $41K-$78K (Glassdoor est.); currency: USD; period: annual_assumed,"Estimated minimum below USD 60,000",False
DA-01090,"Camden, NJ",41000.0,78000.0,annual_assumed,Original salary: $41K-$78K (Glassdoor est.); currency: USD; period: annual_assumed,"Estimated minimum below USD 60,000",False
DA-01091,"Philadelphia, PA",41000.0,78000.0,annual_assumed,Original salary: $41K-$78K (Glassdoor est.); currency: USD; period: annual_assumed,"Estimated minimum below USD 60,000",False
DA-01092,"Philadelphia, PA",41000.0,78000.0,annual_assumed,Original salary: $41K-$78K (Glassdoor est.); currency: USD; period: annual_assumed,"Estimated minimum below USD 60,000",False
DA-01093,"Philadelphia, PA",41000.0,78000.0,annual_assumed,Original salary: $41K-$78K (Glassdoor est.); currency: USD; period: annual_assumed,"Estimated minimum below USD 60,000",False
DA-01094,"Philadelphia, PA",38000.0,68000.0,annual_assumed,Original salary: $38K-$68K (Glassdoor est.); currency: USD; period: annual_assumed,"Estimated minimum below USD 60,000",False
DA-01095,"Philadelphia, PA",38000.0,68000.0,annual_assumed,Original salary: $38K-$68K (Glassdoor est.); currency: USD; period: annual_assumed,"Estimated minimum below USD 60,000",False
DA-01096,"Philadelphia, PA",38000.0,68000.0,annual_assumed,Original salary: $38K-$68K (Glassdoor est.); currency: USD; period: annual_assumed,"Estimated minimum below USD 60,000",False
DA-01097,"Philadelphia, PA",38000.0,68000.0,annual_assumed,Original salary: $38K-$68K (Glassdoor est.); currency: USD; period: annual_assumed,"Estimated minimum below USD 60,000",False
DA-01098,"Philadelphia, PA",38000.0,68000.0,annual_assumed,Original salary: $38K-$68K (Glassdoor est.); currency: USD; period: annual_assumed,"Estimated minimum below USD 60,000",False
DA-01099,"Philadelphia, PA",38000.0,68000.0,annual_assumed,Original salary: $38K-$68K (Glassdoor est.); currency: USD; period: annual_assumed,"Estimated minimum below USD 60,000",False
DA-01100,"Wilmington, DE",38000.0,68000.0,annual_assumed,Original salary: $38K-$68K (Glassdoor est.); currency: USD; period: annual_assumed,"Estimated minimum below USD 60,000",False
DA-01101,"Philadelphia, PA",38000.0,68000.0,annual_assumed,Original salary: $38K-$68K (Glassdoor est.); currency: USD; period: annual_assumed,"Estimated minimum below USD 60,000",False
DA-01102,"Radnor, PA",38000.0,68000.0,annual_assumed,Original salary: $38K-$68K (Glassdoor est.); currency: USD; period: annual_assumed,"Estimated minimum below USD 60,000",False
DA-01103,"Philadelphia, PA",38000.0,68000.0,annual_assumed,Original salary: $38K-$68K (Glassdoor est.); currency: USD; period: annual_assumed,"Estimated minimum below USD 60,000",False
DA-01104,"West Conshohocken, PA",38000.0,68000.0,annual_assumed,Original salary: $38K-$68K (Glassdoor est.); currency: USD; period: annual_assumed,"Estimated minimum below USD 60,000",False
DA-01105,"Philadelphia, PA",38000.0,68000.0,annual_assumed,Original salary: $38K-$68K (Glassdoor est.); currency: USD; period: annual_assumed,"Estimated minimum below USD 60,000",False
DA-01106,"Malvern, PA",38000.0,68000.0,annual_assumed,Original salary: $38K-$68K (Glassdoor est.); currency: USD; period: annual_assumed,"Estimated minimum below USD 60,000",False
DA-01107,"Philadelphia, PA",38000.0,68000.0,annual_assumed,Original salary: $38K-$68K (Glassdoor est.); currency: USD; period: annual_assumed,"Estimated minimum below USD 60,000",False
DA-01108,"King of Prussia, PA",38000.0,68000.0,annual_assumed,Original salary: $38K-$68K (Glassdoor est.); currency: USD; period: annual_assumed,"Estimated minimum below USD 60,000",False
DA-01109,"Wayne, PA",38000.0,68000.0,annual_assumed,Original salary: $38K-$68K (Glassdoor est.); currency: USD; period: annual_assumed,"Estimated minimum below USD 60,000",False
DA-01110,"Wilmington, DE",38000.0,68000.0,annual_assumed,Original salary: $38K-$68K (Glassdoor est.); currency: USD; period: annual_assumed,"Estimated minimum below USD 60,000",False
DA-01111,"Bensalem, PA",38000.0,68000.0,annual_assumed,Original salary: $38K-$68K (Glassdoor est.); currency: USD; period: annual_assumed,"Estimated minimum below USD 60,000",False
DA-01112,"Malvern, PA",38000.0,68000.0,annual_assumed,Original salary: $38K-$68K (Glassdoor est.); currency: USD; period: annual_assumed,"Estimated minimum below USD 60,000",False
DA-01113,"Philadelphia, PA",38000.0,68000.0,annual_assumed,Original salary: $38K-$68K (Glassdoor est.); currency: USD; period: annual_assumed,"Estimated minimum below USD 60,000",False
DA-01114,"Philadelphia, PA",38000.0,68000.0,annual_assumed,Original salary: $38K-$68K (Glassdoor est.); currency: USD; period: annual_assumed,"Estimated minimum below USD 60,000",False
DA-01115,"King of Prussia, PA",38000.0,68000.0,annual_assumed,Original salary: $38K-$68K (Glassdoor est.); currency: USD; period: annual_assumed,"Estimated minimum below USD 60,000",False
DA-01116,"Horsham, PA",38000.0,68000.0,annual_assumed,Original salary: $38K-$68K (Glassdoor est.); currency: USD; period: annual_assumed,"Estimated minimum below USD 60,000",False
DA-01117,"Exton, PA",38000.0,68000.0,annual_assumed,Original salary: $38K-$68K (Glassdoor est.); currency: USD; period: annual_assumed,"Estimated minimum below USD 60,000",False
DA-01118,"Philadelphia, PA",38000.0,68000.0,annual_assumed,Original salary: $38K-$68K (Glassdoor est.); currency: USD; period: annual_assumed,"Estimated minimum below USD 60,000",False
DA-01119,"Philadelphia, PA",38000.0,68000.0,annual_assumed,Original salary: $38K-$68K (Glassdoor est.); currency: USD; period: annual_assumed,"Estimated minimum below USD 60,000",False
DA-01120,"Wilmington, DE",38000.0,68000.0,annual_assumed,Original salary: $38K-$68K (Glassdoor est.); currency: USD; period: annual_assumed,"Estimated minimum below USD 60,000",False
DA-01121,"Doylestown, PA",38000.0,68000.0,annual_assumed,Original salary: $38K-$68K (Glassdoor est.); currency: USD; period: annual_assumed,"Estimated minimum below USD 60,000",False
DA-01122,"Wayne, PA",38000.0,68000.0,annual_assumed,Original salary: $38K-$68K (Glassdoor est.); currency: USD; period: annual_assumed,"Estimated minimum below USD 60,000",False
DA-01123,"Philadelphia, PA",37000.0,44000.0,annual_assumed,Original salary: $37K-$44K (Glassdoor est.); currency: USD; period: annual_assumed,"Estimated minimum below USD 60,000",False
DA-01124,"Doylestown, PA",37000.0,44000.0,annual_assumed,Original salary: $37K-$44K (Glassdoor est.); currency: USD; period: annual_assumed,"Estimated minimum below USD 60,000",False
DA-01125,"Philadelphia, PA",37000.0,44000.0,annual_assumed,Original salary: $37K-$44K (Glassdoor est.); currency: USD; period: annual_assumed,"Estimated minimum below USD 60,000",False
DA-01126,"Philadelphia, PA",37000.0,44000.0,annual_assumed,Original salary: $37K-$44K (Glassdoor est.); currency: USD; period: annual_assumed,"Estimated minimum below USD 60,000",False
DA-01127,"Allegheny West, PA",37000.0,44000.0,annual_assumed,Original salary: $37K-$44K (Glassdoor est.); currency: USD; period: annual_assumed,"Estimated minimum below USD 60,000",False
DA-01128,"Paoli, PA",37000.0,44000.0,annual_assumed,Original salary: $37K-$44K (Glassdoor est.); currency: USD; period: annual_assumed,"Estimated minimum below USD 60,000",False
DA-01129,"Doylestown, PA",37000.0,44000.0,annual_assumed,Original salary: $37K-$44K (Glassdoor est.); currency: USD; period: annual_assumed,"Estimated minimum below USD 60,000",False
DA-01130,"Horsham, PA",37000.0,44000.0,annual_assumed,Original salary: $37K-$44K (Glassdoor est.); currency: USD; period: annual_assumed,"Estimated minimum below USD 60,000",False
DA-01131,"Wilmington, DE",37000.0,44000.0,annual_assumed,Original salary: $37K-$44K (Glassdoor est.); currency: USD; period: annual_assumed,"Estimated minimum below USD 60,000",False
DA-01132,"Philadelphia, PA",37000.0,44000.0,annual_assumed,Original salary: $37K-$44K (Glassdoor est.); currency: USD; period: annual_assumed,"Estimated minimum below USD 60,000",False
DA-01133,"Chester Township, PA",37000.0,44000.0,annual_assumed,Original salary: $37K-$44K (Glassdoor est.); currency: USD; period: annual_assumed,"Estimated minimum below USD 60,000",False
DA-01134,"Conshohocken, PA",37000.0,44000.0,annual_assumed,Original salary: $37K-$44K (Glassdoor est.); currency: USD; period: annual_assumed,"Estimated minimum below USD 60,000",False
DA-01135,"West Chester, PA",37000.0,44000.0,annual_assumed,Original salary: $37K-$44K (Glassdoor est.); currency: USD; period: annual_assumed,"Estimated minimum below USD 60,000",False
DA-01136,"Malvern, PA",37000.0,44000.0,annual_assumed,Original salary: $37K-$44K (Glassdoor est.); currency: USD; period: annual_assumed,"Estimated minimum below USD 60,000",False
DA-01137,"Mount Laurel, NJ",37000.0,44000.0,annual_assumed,Original salary: $37K-$44K (Glassdoor est.); currency: USD; period: annual_assumed,"Estimated minimum below USD 60,000",False
DA-01138,"Ridley Park, PA",37000.0,44000.0,annual_assumed,Original salary: $37K-$44K (Glassdoor est.); currency: USD; period: annual_assumed,"Estimated minimum below USD 60,000",False
DA-01139,"Wayne, PA",37000.0,44000.0,annual_assumed,Original salary: $37K-$44K (Glassdoor est.); currency: USD; period: annual_assumed,"Estimated minimum below USD 60,000",False
DA-01140,"Mount Laurel, NJ",37000.0,44000.0,annual_assumed,Original salary: $37K-$44K (Glassdoor est.); currency: USD; period: annual_assumed,"Estimated minimum below USD 60,000",False
DA-01141,"Philadelphia, PA",37000.0,44000.0,annual_assumed,Original salary: $37K-$44K (Glassdoor est.); currency: USD; period: annual_assumed,"Estimated minimum below USD 60,000",False
DA-01142,"West Chester, PA",37000.0,44000.0,annual_assumed,Original salary: $37K-$44K (Glassdoor est.); currency: USD; period: annual_assumed,"Estimated minimum below USD 60,000",False
DA-01143,"Berwyn, PA",37000.0,44000.0,annual_assumed,Original salary: $37K-$44K (Glassdoor est.); currency: USD; period: annual_assumed,"Estimated minimum below USD 60,000",False
DA-01144,"Newtown, PA",37000.0,44000.0,annual_assumed,Original salary: $37K-$44K (Glassdoor est.); currency: USD; period: annual_assumed,"Estimated minimum below USD 60,000",False
DA-01145,"Philadelphia, PA",37000.0,44000.0,annual_assumed,Original salary: $37K-$44K (Glassdoor est.); currency: USD; period: annual_assumed,"Estimated minimum below USD 60,000",False
DA-01146,"Philadelphia, PA",37000.0,44000.0,annual_assumed,Original salary: $37K-$44K (Glassdoor est.); currency: USD; period: annual_assumed,"Estimated minimum below USD 60,000",False
DA-01147,"Horsham, PA",37000.0,44000.0,annual_assumed,Original salary: $37K-$44K (Glassdoor est.); currency: USD; period: annual_assumed,"Estimated minimum below USD 60,000",False
DA-01148,"Wilmington, DE",37000.0,44000.0,annual_assumed,Original salary: $37K-$44K (Glassdoor est.); currency: USD; period: annual_assumed,"Estimated minimum below USD 60,000",False
DA-01149,"Philadelphia, PA",37000.0,44000.0,annual_assumed,Original salary: $37K-$44K (Glassdoor est.); currency: USD; period: annual_assumed,"Estimated minimum below USD 60,000",False
DA-01150,"Horsham, PA",37000.0,44000.0,annual_assumed,Original salary: $37K-$44K (Glassdoor est.); currency: USD; period: annual_assumed,"Estimated minimum below USD 60,000",False
DA-01151,"Philadelphia, PA",37000.0,44000.0,annual_assumed,Original salary: $37K-$44K (Glassdoor est.); currency: USD; period: annual_assumed,"Estimated minimum below USD 60,000",False
DA-01152,"Philadelphia, PA",64000.0,113000.0,annual_assumed,Original salary: $64K-$113K (Glassdoor est.); currency: USD; period: annual_assumed,"Eligible: estimated minimum >= USD 60,000",True
DA-01153,"Plymouth Meeting, PA",64000.0,113000.0,annual_assumed,Original salary: $64K-$113K (Glassdoor est.); currency: USD; period: annual_assumed,"Eligible: estimated minimum >= USD 60,000",True
DA-01154,"Philadelphia, PA",64000.0,113000.0,annual_assumed,Original salary: $64K-$113K (Glassdoor est.); currency: USD; period: annual_assumed,"Eligible: estimated minimum >= USD 60,000",True
DA-01155,"Wayne, PA",64000.0,113000.0,annual_assumed,Original salary: $64K-$113K (Glassdoor est.); currency: USD; period: annual_assumed,"Eligible: estimated minimum >= USD 60,000",True
DA-01156,"Newtown Square, PA",64000.0,113000.0,annual_assumed,Original salary: $64K-$113K (Glassdoor est.); currency: USD; period: annual_assumed,"Eligible: estimated minimum >= USD 60,000",True
DA-01157,"Philadelphia, PA",64000.0,113000.0,annual_assumed,Original salary: $64K-$113K (Glassdoor est.); currency: USD; period: annual_assumed,"Eligible: estimated minimum >= USD 60,000",True
DA-01158,"Wayne, PA",64000.0,113000.0,annual_assumed,Original salary: $64K-$113K (Glassdoor est.); currency: USD; period: annual_assumed,"Eligible: estimated minimum >= USD 60,000",True
DA-01159,"Philadelphia, PA",64000.0,113000.0,annual_assumed,Original salary: $64K-$113K (Glassdoor est.); currency: USD; period: annual_assumed,"Eligible: estimated minimum >= USD 60,000",True
DA-01160,"Mount Laurel, NJ",64000.0,113000.0,annual_assumed,Original salary: $64K-$113K (Glassdoor est.); currency: USD; period: annual_assumed,"Eligible: estimated minimum >= USD 60,000",True
DA-01161,"Wayne, PA",64000.0,113000.0,annual_assumed,Original salary: $64K-$113K (Glassdoor est.); currency: USD; period: annual_assumed,"Eligible: estimated minimum >= USD 60,000",True
DA-01162,"Philadelphia, PA",64000.0,113000.0,annual_assumed,Original salary: $64K-$113K (Glassdoor est.); currency: USD; period: annual_assumed,"Eligible: estimated minimum >= USD 60,000",True
DA-01163,"Malvern, PA",64000.0,113000.0,annual_assumed,Original salary: $64K-$113K (Glassdoor est.); currency: USD; period: annual_assumed,"Eligible: estimated minimum >= USD 60,000",True
DA-01164,"Boothwyn, PA",64000.0,113000.0,annual_assumed,Original salary: $64K-$113K (Glassdoor est.); currency: USD; period: annual_assumed,"Eligible: estimated minimum >= USD 60,000",True
DA-01165,"Philadelphia, PA",64000.0,113000.0,annual_assumed,Original salary: $64K-$113K (Glassdoor est.); currency: USD; period: annual_assumed,"Eligible: estimated minimum >= USD 60,000",True
DA-01166,"Philadelphia, PA",64000.0,113000.0,annual_assumed,Original salary: $64K-$113K (Glassdoor est.); currency: USD; period: annual_assumed,"Eligible: estimated minimum >= USD 60,000",True
DA-01167,"Philadelphia, PA",64000.0,113000.0,annual_assumed,Original salary: $64K-$113K (Glassdoor est.); currency: USD; period: annual_assumed,"Eligible: estimated minimum >= USD 60,000",True
DA-01168,"King of Prussia, PA",64000.0,113000.0,annual_assumed,Original salary: $64K-$113K (Glassdoor est.); currency: USD; period: annual_assumed,"Eligible: estimated minimum >= USD 60,000",True
DA-01169,"Norristown, PA",64000.0,113000.0,annual_assumed,Original salary: $64K-$113K (Glassdoor est.); currency: USD; period: annual_assumed,"Eligible: estimated minimum >= USD 60,000",True
DA-01170,"West Point, PA",64000.0,113000.0,annual_assumed,Original salary: $64K-$113K (Glassdoor est.); currency: USD; period: annual_assumed,"Eligible: estimated minimum >= USD 60,000",True
DA-01171,"West Point, PA",64000.0,113000.0,annual_assumed,Original salary: $64K-$113K (Glassdoor est.); currency: USD; period: annual_assumed,"Eligible: estimated minimum >= USD 60,000",True
DA-01172,"Marlton, NJ",64000.0,113000.0,annual_assumed,Original salary: $64K-$113K (Glassdoor est.); currency: USD; period: annual_assumed,"Eligible: estimated minimum >= USD 60,000",True
DA-01173,"King of Prussia, PA",64000.0,113000.0,annual_assumed,Original salary: $64K-$113K (Glassdoor est.); currency: USD; period: annual_assumed,"Eligible: estimated minimum >= USD 60,000",True
DA-01174,"Philadelphia, PA",64000.0,113000.0,annual_assumed,Original salary: $64K-$113K (Glassdoor est.); currency: USD; period: annual_assumed,"Eligible: estimated minimum >= USD 60,000",True
DA-01175,"Camden, NJ",64000.0,113000.0,annual_assumed,Original salary: $64K-$113K (Glassdoor est.); currency: USD; period: annual_assumed,"Eligible: estimated minimum >= USD 60,000",True
DA-01176,"Malvern, PA",64000.0,113000.0,annual_assumed,Original salary: $64K-$113K (Glassdoor est.); currency: USD; period: annual_assumed,"Eligible: estimated minimum >= USD 60,000",True
DA-01177,"Philadelphia, PA",64000.0,113000.0,annual_assumed,Original salary: $64K-$113K (Glassdoor est.); currency: USD; period: annual_assumed,"Eligible: estimated minimum >= USD 60,000",True
DA-01178,"Camden, NJ",64000.0,113000.0,annual_assumed,Original salary: $64K-$113K (Glassdoor est.); currency: USD; period: annual_assumed,"Eligible: estimated minimum >= USD 60,000",True
DA-01179,"Philadelphia, PA",64000.0,113000.0,annual_assumed,Original salary: $64K-$113K (Glassdoor est.); currency: USD; period: annual_assumed,"Eligible: estimated minimum >= USD 60,000",True
DA-01180,"Philadelphia, PA",64000.0,113000.0,annual_assumed,Original salary: $64K-$113K (Glassdoor est.); currency: USD; period: annual_assumed,"Eligible: estimated minimum >= USD 60,000",True
DA-01181,"Philadelphia, PA",64000.0,113000.0,annual_assumed,Original salary: $64K-$113K (Glassdoor est.); currency: USD; period: annual_assumed,"Eligible: estimated minimum >= USD 60,000",True
DA-01182,"King of Prussia, PA",50000.0,93000.0,annual_assumed,Original salary: $50K-$93K (Glassdoor est.); currency: USD; period: annual_assumed,"Estimated minimum below USD 60,000",False
DA-01183,"Allegheny West, PA",50000.0,93000.0,annual_assumed,Original salary: $50K-$93K (Glassdoor est.); currency: USD; period: annual_assumed,"Estimated minimum below USD 60,000",False
DA-01184,"Philadelphia, PA",50000.0,93000.0,annual_assumed,Original salary: $50K-$93K (Glassdoor est.); currency: USD; period: annual_assumed,"Estimated minimum below USD 60,000",False
DA-01185,"Horsham, PA",50000.0,93000.0,annual_assumed,Original salary: $50K-$93K (Glassdoor est.); currency: USD; period: annual_assumed,"Estimated minimum below USD 60,000",False
DA-01186,"West Point, PA",50000.0,93000.0,annual_assumed,Original salary: $50K-$93K (Glassdoor est.); currency: USD; period: annual_assumed,"Estimated minimum below USD 60,000",False
DA-01187,"Wilmington, DE",50000.0,93000.0,annual_assumed,Original salary: $50K-$93K (Glassdoor est.); currency: USD; period: annual_assumed,"Estimated minimum below USD 60,000",False
DA-01188,"West Point, PA",50000.0,93000.0,annual_assumed,Original salary: $50K-$93K (Glassdoor est.); currency: USD; period: annual_assumed,"Estimated minimum below USD 60,000",False
DA-01189,"Wilmington, DE",50000.0,93000.0,annual_assumed,Original salary: $50K-$93K (Glassdoor est.); currency: USD; period: annual_assumed,"Estimated minimum below USD 60,000",False
DA-01190,"Berwyn, PA",50000.0,93000.0,annual_assumed,Original salary: $50K-$93K (Glassdoor est.); currency: USD; period: annual_assumed,"Estimated minimum below USD 60,000",False
DA-01191,"Marlton, NJ",50000.0,93000.0,annual_assumed,Original salary: $50K-$93K (Glassdoor est.); currency: USD; period: annual_assumed,"Estimated minimum below USD 60,000",False
DA-01192,"Philadelphia, PA",50000.0,93000.0,annual_assumed,Original salary: $50K-$93K (Glassdoor est.); currency: USD; period: annual_assumed,"Estimated minimum below USD 60,000",False
DA-01193,"Philadelphia, PA",50000.0,93000.0,annual_assumed,Original salary: $50K-$93K (Glassdoor est.); currency: USD; period: annual_assumed,"Estimated minimum below USD 60,000",False
DA-01194,"Horsham, PA",50000.0,93000.0,annual_assumed,Original salary: $50K-$93K (Glassdoor est.); currency: USD; period: annual_assumed,"Estimated minimum below USD 60,000",False
DA-01195,"Moorestown, NJ",50000.0,93000.0,annual_assumed,Original salary: $50K-$93K (Glassdoor est.); currency: USD; period: annual_assumed,"Estimated minimum below USD 60,000",False
DA-01196,"Wilmington, DE",50000.0,93000.0,annual_assumed,Original salary: $50K-$93K (Glassdoor est.); currency: USD; period: annual_assumed,"Estimated minimum below USD 60,000",False
DA-01197,"Horsham, PA",50000.0,93000.0,annual_assumed,Original salary: $50K-$93K (Glassdoor est.); currency: USD; period: annual_assumed,"Estimated minimum below USD 60,000",False
DA-01198,"Philadelphia, PA",50000.0,93000.0,annual_assumed,Original salary: $50K-$93K (Glassdoor est.); currency: USD; period: annual_assumed,"Estimated minimum below USD 60,000",False
DA-01199,"Wilmington, DE",50000.0,93000.0,annual_assumed,Original salary: $50K-$93K (Glassdoor est.); currency: USD; period: annual_assumed,"Estimated minimum below USD 60,000",False
DA-01200,"Wilmington, DE",50000.0,93000.0,annual_assumed,Original salary: $50K-$93K (Glassdoor est.); currency: USD; period: annual_assumed,"Estimated minimum below USD 60,000",False
DA-01201,"San Antonio, TX",37000.0,68000.0,annual_assumed,Original salary: $37K-$68K (Glassdoor est.); currency: USD; period: annual_assumed,"Estimated minimum below USD 60,000",False
DA-01202,"San Antonio, TX",37000.0,68000.0,annual_assumed,Original salary: $37K-$68K (Glassdoor est.); currency: USD; period: annual_assumed,"Estimated minimum below USD 60,000",False
DA-01203,"San Antonio, TX",37000.0,68000.0,annual_assumed,Original salary: $37K-$68K (Glassdoor est.); currency: USD; period: annual_assumed,"Estimated minimum below USD 60,000",False
DA-01204,"San Antonio, TX",37000.0,68000.0,annual_assumed,Original salary: $37K-$68K (Glassdoor est.); currency: USD; period: annual_assumed,"Estimated minimum below USD 60,000",False
DA-01205,"San Antonio, TX",37000.0,68000.0,annual_assumed,Original salary: $37K-$68K (Glassdoor est.); currency: USD; period: annual_assumed,"Estimated minimum below USD 60,000",False
DA-01206,"San Antonio, TX",37000.0,68000.0,annual_assumed,Original salary: $37K-$68K (Glassdoor est.); currency: USD; period: annual_assumed,"Estimated minimum below USD 60,000",False
DA-01207,"San Antonio, TX",37000.0,68000.0,annual_assumed,Original salary: $37K-$68K (Glassdoor est.); currency: USD; period: annual_assumed,"Estimated minimum below USD 60,000",False
DA-01208,"San Antonio, TX",37000.0,68000.0,annual_assumed,Original salary: $37K-$68K (Glassdoor est.); currency: USD; period: annual_assumed,"Estimated minimum below USD 60,000",False
DA-01209,"San Antonio, TX",37000.0,68000.0,annual_assumed,Original salary: $37K-$68K (Glassdoor est.); currency: USD; period: annual_assumed,"Estimated minimum below USD 60,000",False
DA-01210,"San Antonio, TX",37000.0,68000.0,annual_assumed,Original salary: $37K-$68K (Glassdoor est.); currency: USD; period: annual_assumed,"Estimated minimum below USD 60,000",False
DA-01211,"San Antonio, TX",37000.0,68000.0,annual_assumed,Original salary: $37K-$68K (Glassdoor est.); currency: USD; period: annual_assumed,"Estimated minimum below USD 60,000",False
DA-01212,"San Antonio, TX",37000.0,68000.0,annual_assumed,Original salary: $37K-$68K (Glassdoor est.); currency: USD; period: annual_assumed,"Estimated minimum below USD 60,000",False
DA-01213,"San Antonio, TX",37000.0,68000.0,annual_assumed,Original salary: $37K-$68K (Glassdoor est.); currency: USD; period: annual_assumed,"Estimated minimum below USD 60,000",False
DA-01214,"San Antonio, TX",37000.0,68000.0,annual_assumed,Original salary: $37K-$68K (Glassdoor est.); currency: USD; period: annual_assumed,"Estimated minimum below USD 60,000",False
DA-01215,"San Antonio, TX",37000.0,68000.0,annual_assumed,Original salary: $37K-$68K (Glassdoor est.); currency: USD; period: annual_assumed,"Estimated minimum below USD 60,000",False
DA-01216,"San Antonio, TX",37000.0,68000.0,annual_assumed,Original salary: $37K-$68K (Glassdoor est.); currency: USD; period: annual_assumed,"Estimated minimum below USD 60,000",False
DA-01217,"San Antonio, TX",37000.0,68000.0,annual_assumed,Original salary: $37K-$68K (Glassdoor est.); currency: USD; period: annual_assumed,"Estimated minimum below USD 60,000",False
DA-01218,"San Antonio, TX",37000.0,68000.0,annual_assumed,Original salary: $37K-$68K (Glassdoor est.); currency: USD; period: annual_assumed,"Estimated minimum below USD 60,000",False
DA-01219,"San Antonio, TX",37000.0,68000.0,annual_assumed,Original salary: $37K-$68K (Glassdoor est.); currency: USD; period: annual_assumed,"Estimated minimum below USD 60,000",False
DA-01220,"San Antonio, TX",37000.0,68000.0,annual_assumed,Original salary: $37K-$68K (Glassdoor est.); currency: USD; period: annual_assumed,"Estimated minimum below USD 60,000",False
DA-01221,"San Antonio, TX",37000.0,68000.0,annual_assumed,Original salary: $37K-$68K (Glassdoor est.); currency: USD; period: annual_assumed,"Estimated minimum below USD 60,000",False
DA-01222,"San Antonio, TX",37000.0,68000.0,annual_assumed,Original salary: $37K-$68K (Glassdoor est.); currency: USD; period: annual_assumed,"Estimated minimum below USD 60,000",False
DA-01223,"San Antonio, TX",37000.0,68000.0,annual_assumed,Original salary: $37K-$68K (Glassdoor est.); currency: USD; period: annual_assumed,"Estimated minimum below USD 60,000",False
DA-01224,"San Antonio, TX",37000.0,68000.0,annual_assumed,Original salary: $37K-$68K (Glassdoor est.); currency: USD; period: annual_assumed,"Estimated minimum below USD 60,000",False
DA-01225,"San Antonio, TX",37000.0,68000.0,annual_assumed,Original salary: $37K-$68K (Glassdoor est.); currency: USD; period: annual_assumed,"Estimated minimum below USD 60,000",False
DA-01226,"San Antonio, TX",37000.0,68000.0,annual_assumed,Original salary: $37K-$68K (Glassdoor est.); currency: USD; period: annual_assumed,"Estimated minimum below USD 60,000",False
DA-01227,"San Antonio, TX",37000.0,68000.0,annual_assumed,Original salary: $37K-$68K (Glassdoor est.); currency: USD; period: annual_assumed,"Estimated minimum below USD 60,000",False
DA-01228,"San Antonio, TX",37000.0,68000.0,annual_assumed,Original salary: $37K-$68K (Glassdoor est.); currency: USD; period: annual_assumed,"Estimated minimum below USD 60,000",False
DA-01229,"San Antonio, TX",37000.0,68000.0,annual_assumed,Original salary: $37K-$68K (Glassdoor est.); currency: USD; period: annual_assumed,"Estimated minimum below USD 60,000",False
DA-01230,"Lackland AFB, TX",37000.0,68000.0,annual_assumed,Original salary: $37K-$68K (Glassdoor est.); currency: USD; period: annual_assumed,"Estimated minimum below USD 60,000",False
DA-01231,"San Antonio, TX",73000.0,89000.0,annual_assumed,Original salary: $73K-$89K (Glassdoor est.); currency: USD; period: annual_assumed,"Eligible: estimated minimum >= USD 60,000",True
DA-01232,"San Antonio, TX",73000.0,89000.0,annual_assumed,Original salary: $73K-$89K (Glassdoor est.); currency: USD; period: annual_assumed,"Eligible: estimated minimum >= USD 60,000",True
DA-01233,"San Antonio, TX",73000.0,89000.0,annual_assumed,Original salary: $73K-$89K (Glassdoor est.); currency: USD; period: annual_assumed,"Eligible: estimated minimum >= USD 60,000",True
DA-01234,"San Antonio, TX",73000.0,89000.0,annual_assumed,Original salary: $73K-$89K (Glassdoor est.); currency: USD; period: annual_assumed,"Eligible: estimated minimum >= USD 60,000",True
DA-01235,"San Antonio, TX",73000.0,89000.0,annual_assumed,Original salary: $73K-$89K (Glassdoor est.); currency: USD; period: annual_assumed,"Eligible: estimated minimum >= USD 60,000",True
DA-01236,"San Antonio, TX",73000.0,89000.0,annual_assumed,Original salary: $73K-$89K (Glassdoor est.); currency: USD; period: annual_assumed,"Eligible: estimated minimum >= USD 60,000",True
DA-01237,"San Antonio, TX",73000.0,89000.0,annual_assumed,Original salary: $73K-$89K (Glassdoor est.); currency: USD; period: annual_assumed,"Eligible: estimated minimum >= USD 60,000",True
DA-01238,"San Antonio, TX",73000.0,89000.0,annual_assumed,Original salary: $73K-$89K (Glassdoor est.); currency: USD; period: annual_assumed,"Eligible: estimated minimum >= USD 60,000",True
DA-01239,"San Antonio, TX",73000.0,89000.0,annual_assumed,Original salary: $73K-$89K (Glassdoor est.); currency: USD; period: annual_assumed,"Eligible: estimated minimum >= USD 60,000",True
DA-01240,"Lackland AFB, TX",73000.0,89000.0,annual_assumed,Original salary: $73K-$89K (Glassdoor est.); currency: USD; period: annual_assumed,"Eligible: estimated minimum >= USD 60,000",True
DA-01241,"San Antonio, TX",73000.0,89000.0,annual_assumed,Original salary: $73K-$89K (Glassdoor est.); currency: USD; period: annual_assumed,"Eligible: estimated minimum >= USD 60,000",True
DA-01242,"San Antonio, TX",73000.0,89000.0,annual_assumed,Original salary: $73K-$89K (Glassdoor est.); currency: USD; period: annual_assumed,"Eligible: estimated minimum >= USD 60,000",True
DA-01243,"San Antonio, TX",73000.0,89000.0,annual_assumed,Original salary: $73K-$89K (Glassdoor est.); currency: USD; period: annual_assumed,"Eligible: estimated minimum >= USD 60,000",True
DA-01244,"San Antonio, TX",73000.0,89000.0,annual_assumed,Original salary: $73K-$89K (Glassdoor est.); currency: USD; period: annual_assumed,"Eligible: estimated minimum >= USD 60,000",True
DA-01245,"San Antonio, TX",73000.0,89000.0,annual_assumed,Original salary: $73K-$89K (Glassdoor est.); currency: USD; period: annual_assumed,"Eligible: estimated minimum >= USD 60,000",True
DA-01246,"Fort Sam Houston, TX",73000.0,89000.0,annual_assumed,Original salary: $73K-$89K (Glassdoor est.); currency: USD; period: annual_assumed,"Eligible: estimated minimum >= USD 60,000",True
DA-01247,"San Antonio, TX",73000.0,89000.0,annual_assumed,Original salary: $73K-$89K (Glassdoor est.); currency: USD; period: annual_assumed,"Eligible: estimated minimum >= USD 60,000",True
DA-01248,"San Antonio, TX",73000.0,89000.0,annual_assumed,Original salary: $73K-$89K (Glassdoor est.); currency: USD; period: annual_assumed,"Eligible: estimated minimum >= USD 60,000",True
DA-01249,"San Diego, CA",76000.0,122000.0,annual_assumed,Original salary: $76K-$122K (Glassdoor est.); currency: USD; period: annual_assumed,"Eligible: estimated minimum >= USD 60,000",True
DA-01250,"San Diego, CA",76000.0,122000.0,annual_assumed,Original salary: $76K-$122K (Glassdoor est.); currency: USD; period: annual_assumed,"Eligible: estimated minimum >= USD 60,000",True
DA-01251,"San Diego, CA",76000.0,122000.0,annual_assumed,Original salary: $76K-$122K (Glassdoor est.); currency: USD; period: annual_assumed,"Eligible: estimated minimum >= USD 60,000",True
DA-01252,"San Diego, CA",76000.0,122000.0,annual_assumed,Original salary: $76K-$122K (Glassdoor est.); currency: USD; period: annual_assumed,"Eligible: estimated minimum >= USD 60,000",True
DA-01253,"San Diego, CA",76000.0,122000.0,annual_assumed,Original salary: $76K-$122K (Glassdoor est.); currency: USD; period: annual_assumed,"Eligible: estimated minimum >= USD 60,000",True
DA-01254,"San Diego, CA",76000.0,122000.0,annual_assumed,Original salary: $76K-$122K (Glassdoor est.); currency: USD; period: annual_assumed,"Eligible: estimated minimum >= USD 60,000",True
DA-01255,"San Diego, CA",76000.0,122000.0,annual_assumed,Original salary: $76K-$122K (Glassdoor est.); currency: USD; period: annual_assumed,"Eligible: estimated minimum >= USD 60,000",True
DA-01256,"San Diego, CA",76000.0,122000.0,annual_assumed,Original salary: $76K-$122K (Glassdoor est.); currency: USD; period: annual_assumed,"Eligible: estimated minimum >= USD 60,000",True
DA-01257,"San Diego, CA",76000.0,122000.0,annual_assumed,Original salary: $76K-$122K (Glassdoor est.); currency: USD; period: annual_assumed,"Eligible: estimated minimum >= USD 60,000",True
DA-01258,"San Diego, CA",76000.0,122000.0,annual_assumed,Original salary: $76K-$122K (Glassdoor est.); currency: USD; period: annual_assumed,"Eligible: estimated minimum >= USD 60,000",True
DA-01259,"San Diego, CA",76000.0,122000.0,annual_assumed,Original salary: $76K-$122K (Glassdoor est.); currency: USD; period: annual_assumed,"Eligible: estimated minimum >= USD 60,000",True
DA-01260,"San Diego, CA",76000.0,122000.0,annual_assumed,Original salary: $76K-$122K (Glassdoor est.); currency: USD; period: annual_assumed,"Eligible: estimated minimum >= USD 60,000",True
DA-01261,"San Diego, CA",76000.0,122000.0,annual_assumed,Original salary: $76K-$122K (Glassdoor est.); currency: USD; period: annual_assumed,"Eligible: estimated minimum >= USD 60,000",True
DA-01262,"San Diego, CA",76000.0,122000.0,annual_assumed,Original salary: $76K-$122K (Glassdoor est.); currency: USD; period: annual_assumed,"Eligible: estimated minimum >= USD 60,000",True
DA-01263,"San Diego, CA",76000.0,122000.0,annual_assumed,Original salary: $76K-$122K (Glassdoor est.); currency: USD; period: annual_assumed,"Eligible: estimated minimum >= USD 60,000",True
DA-01264,"San Diego, CA",76000.0,122000.0,annual_assumed,Original salary: $76K-$122K (Glassdoor est.); currency: USD; period: annual_assumed,"Eligible: estimated minimum >= USD 60,000",True
DA-01265,"San Diego, CA",76000.0,122000.0,annual_assumed,Original salary: $76K-$122K (Glassdoor est.); currency: USD; period: annual_assumed,"Eligible: estimated minimum >= USD 60,000",True
DA-01266,"San Diego, CA",76000.0,122000.0,annual_assumed,Original salary: $76K-$122K (Glassdoor est.); currency: USD; period: annual_assumed,"Eligible: estimated minimum >= USD 60,000",True
DA-01267,"San Diego, CA",76000.0,122000.0,annual_assumed,Original salary: $76K-$122K (Glassdoor est.); currency: USD; period: annual_assumed,"Eligible: estimated minimum >= USD 60,000",True
DA-01268,"San Diego, CA",76000.0,122000.0,annual_assumed,Original salary: $76K-$122K (Glassdoor est.); currency: USD; period: annual_assumed,"Eligible: estimated minimum >= USD 60,000",True
DA-01269,"San Diego, CA",76000.0,122000.0,annual_assumed,Original salary: $76K-$122K (Glassdoor est.); currency: USD; period: annual_assumed,"Eligible: estimated minimum >= USD 60,000",True
DA-01270,"San Diego, CA",76000.0,122000.0,annual_assumed,Original salary: $76K-$122K (Glassdoor est.); currency: USD; period: annual_assumed,"Eligible: estimated minimum >= USD 60,000",True
DA-01271,"San Diego, CA",76000.0,122000.0,annual_assumed,Original salary: $76K-$122K (Glassdoor est.); currency: USD; period: annual_assumed,"Eligible: estimated minimum >= USD 60,000",True
DA-01272,"San Diego, CA",76000.0,122000.0,annual_assumed,Original salary: $76K-$122K (Glassdoor est.); currency: USD; period: annual_assumed,"Eligible: estimated minimum >= USD 60,000",True
DA-01273,"San Diego, CA",76000.0,122000.0,annual_assumed,Original salary: $76K-$122K (Glassdoor est.); currency: USD; period: annual_assumed,"Eligible: estimated minimum >= USD 60,000",True
DA-01274,"National City, CA",76000.0,122000.0,annual_assumed,Original salary: $76K-$122K (Glassdoor est.); currency: USD; period: annual_assumed,"Eligible: estimated minimum >= USD 60,000",True
DA-01275,"San Diego, CA",76000.0,122000.0,annual_assumed,Original salary: $76K-$122K (Glassdoor est.); currency: USD; period: annual_assumed,"Eligible: estimated minimum >= USD 60,000",True
DA-01276,"San Diego, CA",76000.0,122000.0,annual_assumed,Original salary: $76K-$122K (Glassdoor est.); currency: USD; period: annual_assumed,"Eligible: estimated minimum >= USD 60,000",True
DA-01277,"San Diego, CA",60000.0,124000.0,annual_assumed,Original salary: $60K-$124K (Glassdoor est.); currency: USD; period: annual_assumed,"Eligible: estimated minimum >= USD 60,000",True
DA-01278,"San Diego, CA",60000.0,124000.0,annual_assumed,Original salary: $60K-$124K (Glassdoor est.); currency: USD; period: annual_assumed,"Eligible: estimated minimum >= USD 60,000",True
DA-01279,"San Diego, CA",60000.0,124000.0,annual_assumed,Original salary: $60K-$124K (Glassdoor est.); currency: USD; period: annual_assumed,"Eligible: estimated minimum >= USD 60,000",True
DA-01280,"San Diego, CA",60000.0,124000.0,annual_assumed,Original salary: $60K-$124K (Glassdoor est.); currency: USD; period: annual_assumed,"Eligible: estimated minimum >= USD 60,000",True
DA-01281,"San Diego, CA",60000.0,124000.0,annual_assumed,Original salary: $60K-$124K (Glassdoor est.); currency: USD; period: annual_assumed,"Eligible: estimated minimum >= USD 60,000",True
DA-01282,"San Diego, CA",60000.0,124000.0,annual_assumed,Original salary: $60K-$124K (Glassdoor est.); currency: USD; period: annual_assumed,"Eligible: estimated minimum >= USD 60,000",True
DA-01283,"San Diego, CA",60000.0,124000.0,annual_assumed,Original salary: $60K-$124K (Glassdoor est.); currency: USD; period: annual_assumed,"Eligible: estimated minimum >= USD 60,000",True
DA-01284,"San Diego, CA",60000.0,124000.0,annual_assumed,Original salary: $60K-$124K (Glassdoor est.); currency: USD; period: annual_assumed,"Eligible: estimated minimum >= USD 60,000",True
DA-01285,"San Diego, CA",60000.0,124000.0,annual_assumed,Original salary: $60K-$124K (Glassdoor est.); currency: USD; period: annual_assumed,"Eligible: estimated minimum >= USD 60,000",True
DA-01286,"San Diego, CA",60000.0,124000.0,annual_assumed,Original salary: $60K-$124K (Glassdoor est.); currency: USD; period: annual_assumed,"Eligible: estimated minimum >= USD 60,000",True
DA-01287,"San Diego, CA",60000.0,124000.0,annual_assumed,Original salary: $60K-$124K (Glassdoor est.); currency: USD; period: annual_assumed,"Eligible: estimated minimum >= USD 60,000",True
DA-01288,"San Diego, CA",60000.0,124000.0,annual_assumed,Original salary: $60K-$124K (Glassdoor est.); currency: USD; period: annual_assumed,"Eligible: estimated minimum >= USD 60,000",True
DA-01289,"San Diego, CA",60000.0,124000.0,annual_assumed,Original salary: $60K-$124K (Glassdoor est.); currency: USD; period: annual_assumed,"Eligible: estimated minimum >= USD 60,000",True
DA-01290,"San Diego, CA",60000.0,124000.0,annual_assumed,Original salary: $60K-$124K (Glassdoor est.); currency: USD; period: annual_assumed,"Eligible: estimated minimum >= USD 60,000",True
DA-01291,"San Diego, CA",60000.0,124000.0,annual_assumed,Original salary: $60K-$124K (Glassdoor est.); currency: USD; period: annual_assumed,"Eligible: estimated minimum >= USD 60,000",True
DA-01292,"San Diego, CA",60000.0,124000.0,annual_assumed,Original salary: $60K-$124K (Glassdoor est.); currency: USD; period: annual_assumed,"Eligible: estimated minimum >= USD 60,000",True
DA-01293,"San Diego, CA",60000.0,124000.0,annual_assumed,Original salary: $60K-$124K (Glassdoor est.); currency: USD; period: annual_assumed,"Eligible: estimated minimum >= USD 60,000",True
DA-01294,"San Diego, CA",60000.0,124000.0,annual_assumed,Original salary: $60K-$124K (Glassdoor est.); currency: USD; period: annual_assumed,"Eligible: estimated minimum >= USD 60,000",True
DA-01295,"San Diego, CA",60000.0,124000.0,annual_assumed,Original salary: $60K-$124K (Glassdoor est.); currency: USD; period: annual_assumed,"Eligible: estimated minimum >= USD 60,000",True
DA-01296,"San Diego, CA",60000.0,124000.0,annual_assumed,Original salary: $60K-$124K (Glassdoor est.); currency: USD; period: annual_assumed,"Eligible: estimated minimum >= USD 60,000",True
DA-01297,"San Diego, CA",60000.0,124000.0,annual_assumed,Original salary: $60K-$124K (Glassdoor est.); currency: USD; period: annual_assumed,"Eligible: estimated minimum >= USD 60,000",True
DA-01298,"San Diego, CA",60000.0,124000.0,annual_assumed,Original salary: $60K-$124K (Glassdoor est.); currency: USD; period: annual_assumed,"Eligible: estimated minimum >= USD 60,000",True
DA-01299,"San Diego, CA",60000.0,124000.0,annual_assumed,Original salary: $60K-$124K (Glassdoor est.); currency: USD; period: annual_assumed,"Eligible: estimated minimum >= USD 60,000",True
DA-01300,"San Diego, CA",60000.0,124000.0,annual_assumed,Original salary: $60K-$124K (Glassdoor est.); currency: USD; period: annual_assumed,"Eligible: estimated minimum >= USD 60,000",True
DA-01301,"El Cajon, CA",60000.0,124000.0,annual_assumed,Original salary: $60K-$124K (Glassdoor est.); currency: USD; period: annual_assumed,"Eligible: estimated minimum >= USD 60,000",True
DA-01302,"San Diego, CA",60000.0,124000.0,annual_assumed,Original salary: $60K-$124K (Glassdoor est.); currency: USD; period: annual_assumed,"Eligible: estimated minimum >= USD 60,000",True
DA-01303,"San Diego, CA",60000.0,124000.0,annual_assumed,Original salary: $60K-$124K (Glassdoor est.); currency: USD; period: annual_assumed,"Eligible: estimated minimum >= USD 60,000",True
DA-01304,"San Diego, CA",60000.0,124000.0,annual_assumed,Original salary: $60K-$124K (Glassdoor est.); currency: USD; period: annual_assumed,"Eligible: estimated minimum >= USD 60,000",True
DA-01305,"San Diego, CA",60000.0,124000.0,annual_assumed,Original salary: $60K-$124K (Glassdoor est.); currency: USD; period: annual_assumed,"Eligible: estimated minimum >= USD 60,000",True
DA-01306,"San Diego, CA",60000.0,124000.0,annual_assumed,Original salary: $60K-$124K (Glassdoor est.); currency: USD; period: annual_assumed,"Eligible: estimated minimum >= USD 60,000",True
DA-01307,"San Diego, CA",60000.0,124000.0,annual_assumed,Original salary: $60K-$124K (Glassdoor est.); currency: USD; period: annual_assumed,"Eligible: estimated minimum >= USD 60,000",True
DA-01308,"San Diego, CA",34000.0,61000.0,annual_assumed,Original salary: $34K-$61K (Glassdoor est.); currency: USD; period: annual_assumed,"Estimated minimum below USD 60,000",False
DA-01309,"San Diego, CA",34000.0,61000.0,annual_assumed,Original salary: $34K-$61K (Glassdoor est.); currency: USD; period: annual_assumed,"Estimated minimum below USD 60,000",False
DA-01310,"San Diego, CA",34000.0,61000.0,annual_assumed,Original salary: $34K-$61K (Glassdoor est.); currency: USD; period: annual_assumed,"Estimated minimum below USD 60,000",False
DA-01311,"San Diego, CA",34000.0,61000.0,annual_assumed,Original salary: $34K-$61K (Glassdoor est.); currency: USD; period: annual_assumed,"Estimated minimum below USD 60,000",False
DA-01312,"San Diego, CA",34000.0,61000.0,annual_assumed,Original salary: $34K-$61K (Glassdoor est.); currency: USD; period: annual_assumed,"Estimated minimum below USD 60,000",False
DA-01313,"Plano, TX",24000.0,48000.0,annual_assumed,Original salary: $24K-$48K (Glassdoor est.); currency: USD; period: annual_assumed,"Estimated minimum below USD 60,000",False
DA-01314,"Plano, TX",24000.0,48000.0,annual_assumed,Original salary: $24K-$48K (Glassdoor est.); currency: USD; period: annual_assumed,"Estimated minimum below USD 60,000",False
DA-01315,"Allen, TX",24000.0,48000.0,annual_assumed,Original salary: $24K-$48K (Glassdoor est.); currency: USD; period: annual_assumed,"Estimated minimum below USD 60,000",False
DA-01316,"Arlington, TX",24000.0,48000.0,annual_assumed,Original salary: $24K-$48K (Glassdoor est.); currency: USD; period: annual_assumed,"Estimated minimum below USD 60,000",False
DA-01317,"Dallas, TX",24000.0,48000.0,annual_assumed,Original salary: $24K-$48K (Glassdoor est.); currency: USD; period: annual_assumed,"Estimated minimum below USD 60,000",False
DA-01318,"Dallas, TX",24000.0,48000.0,annual_assumed,Original salary: $24K-$48K (Glassdoor est.); currency: USD; period: annual_assumed,"Estimated minimum below USD 60,000",False
DA-01319,"Dallas, TX",24000.0,48000.0,annual_assumed,Original salary: $24K-$48K (Glassdoor est.); currency: USD; period: annual_assumed,"Estimated minimum below USD 60,000",False
DA-01320,"Dallas, TX",24000.0,48000.0,annual_assumed,Original salary: $24K-$48K (Glassdoor est.); currency: USD; period: annual_assumed,"Estimated minimum below USD 60,000",False
DA-01321,"Dallas, TX",24000.0,48000.0,annual_assumed,Original salary: $24K-$48K (Glassdoor est.); currency: USD; period: annual_assumed,"Estimated minimum below USD 60,000",False
DA-01322,"Richardson, TX",24000.0,48000.0,annual_assumed,Original salary: $24K-$48K (Glassdoor est.); currency: USD; period: annual_assumed,"Estimated minimum below USD 60,000",False
DA-01323,"Dallas, TX",24000.0,48000.0,annual_assumed,Original salary: $24K-$48K (Glassdoor est.); currency: USD; period: annual_assumed,"Estimated minimum below USD 60,000",False
DA-01324,"Dallas, TX",24000.0,48000.0,annual_assumed,Original salary: $24K-$48K (Glassdoor est.); currency: USD; period: annual_assumed,"Estimated minimum below USD 60,000",False
DA-01325,"Dallas, TX",24000.0,48000.0,annual_assumed,Original salary: $24K-$48K (Glassdoor est.); currency: USD; period: annual_assumed,"Estimated minimum below USD 60,000",False
DA-01326,"Dallas, TX",24000.0,48000.0,annual_assumed,Original salary: $24K-$48K (Glassdoor est.); currency: USD; period: annual_assumed,"Estimated minimum below USD 60,000",False
DA-01327,"Dallas, TX",24000.0,48000.0,annual_assumed,Original salary: $24K-$48K (Glassdoor est.); currency: USD; period: annual_assumed,"Estimated minimum below USD 60,000",False
DA-01328,"Dallas, TX",24000.0,48000.0,annual_assumed,Original salary: $24K-$48K (Glassdoor est.); currency: USD; period: annual_assumed,"Estimated minimum below USD 60,000",False
DA-01329,"Irving, TX",24000.0,48000.0,annual_assumed,Original salary: $24K-$48K (Glassdoor est.); currency: USD; period: annual_assumed,"Estimated minimum below USD 60,000",False
DA-01330,"Irving, TX",24000.0,48000.0,annual_assumed,Original salary: $24K-$48K (Glassdoor est.); currency: USD; period: annual_assumed,"Estimated minimum below USD 60,000",False
DA-01331,"Arlington, TX",24000.0,48000.0,annual_assumed,Original salary: $24K-$48K (Glassdoor est.); currency: USD; period: annual_assumed,"Estimated minimum below USD 60,000",False
DA-01332,"Dallas, TX",24000.0,48000.0,annual_assumed,Original salary: $24K-$48K (Glassdoor est.); currency: USD; period: annual_assumed,"Estimated minimum below USD 60,000",False
DA-01333,"Richardson, TX",24000.0,48000.0,annual_assumed,Original salary: $24K-$48K (Glassdoor est.); currency: USD; period: annual_assumed,"Estimated minimum below USD 60,000",False
DA-01334,"Dallas, TX",24000.0,48000.0,annual_assumed,Original salary: $24K-$48K (Glassdoor est.); currency: USD; period: annual_assumed,"Estimated minimum below USD 60,000",False
DA-01335,"Dallas, TX",24000.0,48000.0,annual_assumed,Original salary: $24K-$48K (Glassdoor est.); currency: USD; period: annual_assumed,"Estimated minimum below USD 60,000",False
DA-01336,"Dallas, TX",24000.0,48000.0,annual_assumed,Original salary: $24K-$48K (Glassdoor est.); currency: USD; period: annual_assumed,"Estimated minimum below USD 60,000",False
DA-01337,"Irving, TX",24000.0,48000.0,annual_assumed,Original salary: $24K-$48K (Glassdoor est.); currency: USD; period: annual_assumed,"Estimated minimum below USD 60,000",False
DA-01338,"Dallas, TX",24000.0,48000.0,annual_assumed,Original salary: $24K-$48K (Glassdoor est.); currency: USD; period: annual_assumed,"Estimated minimum below USD 60,000",False
DA-01339,"Dallas, TX",24000.0,48000.0,annual_assumed,Original salary: $24K-$48K (Glassdoor est.); currency: USD; period: annual_assumed,"Estimated minimum below USD 60,000",False
DA-01340,"Plano, TX",24000.0,48000.0,annual_assumed,Original salary: $24K-$48K (Glassdoor est.); currency: USD; period: annual_assumed,"Estimated minimum below USD 60,000",False
DA-01341,"Dallas, TX",24000.0,48000.0,annual_assumed,Original salary: $24K-$48K (Glassdoor est.); currency: USD; period: annual_assumed,"Estimated minimum below USD 60,000",False
DA-01342,"Dallas, TX",30000.0,53000.0,annual_assumed,Original salary: $30K-$53K (Glassdoor est.); currency: USD; period: annual_assumed,"Estimated minimum below USD 60,000",False
DA-01343,"Dallas, TX",30000.0,53000.0,annual_assumed,Original salary: $30K-$53K (Glassdoor est.); currency: USD; period: annual_assumed,"Estimated minimum below USD 60,000",False
DA-01344,"Irving, TX",30000.0,53000.0,annual_assumed,Original salary: $30K-$53K (Glassdoor est.); currency: USD; period: annual_assumed,"Estimated minimum below USD 60,000",False
DA-01345,"Dallas, TX",30000.0,53000.0,annual_assumed,Original salary: $30K-$53K (Glassdoor est.); currency: USD; period: annual_assumed,"Estimated minimum below USD 60,000",False
DA-01346,"Dallas, TX",30000.0,53000.0,annual_assumed,Original salary: $30K-$53K (Glassdoor est.); currency: USD; period: annual_assumed,"Estimated minimum below USD 60,000",False
DA-01347,"Dallas, TX",30000.0,53000.0,annual_assumed,Original salary: $30K-$53K (Glassdoor est.); currency: USD; period: annual_assumed,"Estimated minimum below USD 60,000",False
DA-01348,"Dallas, TX",30000.0,53000.0,annual_assumed,Original salary: $30K-$53K (Glassdoor est.); currency: USD; period: annual_assumed,"Estimated minimum below USD 60,000",False
DA-01349,"Irving, TX",30000.0,53000.0,annual_assumed,Original salary: $30K-$53K (Glassdoor est.); currency: USD; period: annual_assumed,"Estimated minimum below USD 60,000",False
DA-01350,"Dallas, TX",30000.0,53000.0,annual_assumed,Original salary: $30K-$53K (Glassdoor est.); currency: USD; period: annual_assumed,"Estimated minimum below USD 60,000",False
DA-01351,"Dallas, TX",30000.0,53000.0,annual_assumed,Original salary: $30K-$53K (Glassdoor est.); currency: USD; period: annual_assumed,"Estimated minimum below USD 60,000",False
DA-01352,"Dallas, TX",30000.0,53000.0,annual_assumed,Original salary: $30K-$53K (Glassdoor est.); currency: USD; period: annual_assumed,"Estimated minimum below USD 60,000",False
DA-01353,"Dallas, TX",30000.0,53000.0,annual_assumed,Original salary: $30K-$53K (Glassdoor est.); currency: USD; period: annual_assumed,"Estimated minimum below USD 60,000",False
DA-01354,"Irving, TX",30000.0,53000.0,annual_assumed,Original salary: $30K-$53K (Glassdoor est.); currency: USD; period: annual_assumed,"Estimated minimum below USD 60,000",False
DA-01355,"Grapevine, TX",30000.0,53000.0,annual_assumed,Original salary: $30K-$53K (Glassdoor est.); currency: USD; period: annual_assumed,"Estimated minimum below USD 60,000",False
DA-01356,"Dallas, TX",30000.0,53000.0,annual_assumed,Original salary: $30K-$53K (Glassdoor est.); currency: USD; period: annual_assumed,"Estimated minimum below USD 60,000",False
DA-01357,"Plano, TX",30000.0,53000.0,annual_assumed,Original salary: $30K-$53K (Glassdoor est.); currency: USD; period: annual_assumed,"Estimated minimum below USD 60,000",False
DA-01358,"Irving, TX",30000.0,53000.0,annual_assumed,Original salary: $30K-$53K (Glassdoor est.); currency: USD; period: annual_assumed,"Estimated minimum below USD 60,000",False
DA-01359,"Dallas, TX",30000.0,53000.0,annual_assumed,Original salary: $30K-$53K (Glassdoor est.); currency: USD; period: annual_assumed,"Estimated minimum below USD 60,000",False
DA-01360,"Plano, TX",30000.0,53000.0,annual_assumed,Original salary: $30K-$53K (Glassdoor est.); currency: USD; period: annual_assumed,"Estimated minimum below USD 60,000",False
DA-01361,"Dallas, TX",30000.0,53000.0,annual_assumed,Original salary: $30K-$53K (Glassdoor est.); currency: USD; period: annual_assumed,"Estimated minimum below USD 60,000",False
DA-01362,"Dallas, TX",30000.0,53000.0,annual_assumed,Original salary: $30K-$53K (Glassdoor est.); currency: USD; period: annual_assumed,"Estimated minimum below USD 60,000",False
DA-01363,"Irving, TX",30000.0,53000.0,annual_assumed,Original salary: $30K-$53K (Glassdoor est.); currency: USD; period: annual_assumed,"Estimated minimum below USD 60,000",False
DA-01364,"Dallas, TX",30000.0,53000.0,annual_assumed,Original salary: $30K-$53K (Glassdoor est.); currency: USD; period: annual_assumed,"Estimated minimum below USD 60,000",False
DA-01365,"Arlington, TX",30000.0,53000.0,annual_assumed,Original salary: $30K-$53K (Glassdoor est.); currency: USD; period: annual_assumed,"Estimated minimum below USD 60,000",False
DA-01366,"Dallas, TX",30000.0,53000.0,annual_assumed,Original salary: $30K-$53K (Glassdoor est.); currency: USD; period: annual_assumed,"Estimated minimum below USD 60,000",False
DA-01367,"Dallas, TX",30000.0,53000.0,annual_assumed,Original salary: $30K-$53K (Glassdoor est.); currency: USD; period: annual_assumed,"Estimated minimum below USD 60,000",False
DA-01368,"Plano, TX",30000.0,53000.0,annual_assumed,Original salary: $30K-$53K (Glassdoor est.); currency: USD; period: annual_assumed,"Estimated minimum below USD 60,000",False
DA-01369,"Plano, TX",30000.0,53000.0,annual_assumed,Original salary: $30K-$53K (Glassdoor est.); currency: USD; period: annual_assumed,"Estimated minimum below USD 60,000",False
DA-01370,"Irving, TX",30000.0,53000.0,annual_assumed,Original salary: $30K-$53K (Glassdoor est.); currency: USD; period: annual_assumed,"Estimated minimum below USD 60,000",False
DA-01371,"Richardson, TX",30000.0,53000.0,annual_assumed,Original salary: $30K-$53K (Glassdoor est.); currency: USD; period: annual_assumed,"Estimated minimum below USD 60,000",False
DA-01372,"Lewisville, TX",41000.0,86000.0,annual_assumed,Original salary: $41K-$86K (Glassdoor est.); currency: USD; period: annual_assumed,"Estimated minimum below USD 60,000",False
DA-01373,"Dallas, TX",41000.0,86000.0,annual_assumed,Original salary: $41K-$86K (Glassdoor est.); currency: USD; period: annual_assumed,"Estimated minimum below USD 60,000",False
DA-01374,"Grapevine, TX",41000.0,86000.0,annual_assumed,Original salary: $41K-$86K (Glassdoor est.); currency: USD; period: annual_assumed,"Estimated minimum below USD 60,000",False
DA-01375,"Irving, TX",41000.0,86000.0,annual_assumed,Original salary: $41K-$86K (Glassdoor est.); currency: USD; period: annual_assumed,"Estimated minimum below USD 60,000",False
DA-01376,"Plano, TX",41000.0,86000.0,annual_assumed,Original salary: $41K-$86K (Glassdoor est.); currency: USD; period: annual_assumed,"Estimated minimum below USD 60,000",False
DA-01377,"Addison, TX",41000.0,86000.0,annual_assumed,Original salary: $41K-$86K (Glassdoor est.); currency: USD; period: annual_assumed,"Estimated minimum below USD 60,000",False
DA-01378,"Irving, TX",41000.0,86000.0,annual_assumed,Original salary: $41K-$86K (Glassdoor est.); currency: USD; period: annual_assumed,"Estimated minimum below USD 60,000",False
DA-01379,"Plano, TX",41000.0,86000.0,annual_assumed,Original salary: $41K-$86K (Glassdoor est.); currency: USD; period: annual_assumed,"Estimated minimum below USD 60,000",False
DA-01380,"Irving, TX",41000.0,86000.0,annual_assumed,Original salary: $41K-$86K (Glassdoor est.); currency: USD; period: annual_assumed,"Estimated minimum below USD 60,000",False
DA-01381,"Arlington, TX",41000.0,86000.0,annual_assumed,Original salary: $41K-$86K (Glassdoor est.); currency: USD; period: annual_assumed,"Estimated minimum below USD 60,000",False
DA-01382,"Plano, TX",41000.0,86000.0,annual_assumed,Original salary: $41K-$86K (Glassdoor est.); currency: USD; period: annual_assumed,"Estimated minimum below USD 60,000",False
DA-01383,"Irving, TX",41000.0,86000.0,annual_assumed,Original salary: $41K-$86K (Glassdoor est.); currency: USD; period: annual_assumed,"Estimated minimum below USD 60,000",False
DA-01384,"Plano, TX",41000.0,86000.0,annual_assumed,Original salary: $41K-$86K (Glassdoor est.); currency: USD; period: annual_assumed,"Estimated minimum below USD 60,000",False
DA-01385,"Irving, TX",41000.0,86000.0,annual_assumed,Original salary: $41K-$86K (Glassdoor est.); currency: USD; period: annual_assumed,"Estimated minimum below USD 60,000",False
DA-01386,"Dallas, TX",41000.0,86000.0,annual_assumed,Original salary: $41K-$86K (Glassdoor est.); currency: USD; period: annual_assumed,"Estimated minimum below USD 60,000",False
DA-01387,"Grapevine, TX",41000.0,86000.0,annual_assumed,Original salary: $41K-$86K (Glassdoor est.); currency: USD; period: annual_assumed,"Estimated minimum below USD 60,000",False
DA-01388,"Dallas, TX",41000.0,86000.0,annual_assumed,Original salary: $41K-$86K (Glassdoor est.); currency: USD; period: annual_assumed,"Estimated minimum below USD 60,000",False
DA-01389,"Plano, TX",41000.0,86000.0,annual_assumed,Original salary: $41K-$86K (Glassdoor est.); currency: USD; period: annual_assumed,"Estimated minimum below USD 60,000",False
DA-01390,"Dallas, TX",41000.0,86000.0,annual_assumed,Original salary: $41K-$86K (Glassdoor est.); currency: USD; period: annual_assumed,"Estimated minimum below USD 60,000",False
DA-01391,"Dallas, TX",41000.0,86000.0,annual_assumed,Original salary: $41K-$86K (Glassdoor est.); currency: USD; period: annual_assumed,"Estimated minimum below USD 60,000",False
DA-01392,"Irving, TX",41000.0,86000.0,annual_assumed,Original salary: $41K-$86K (Glassdoor est.); currency: USD; period: annual_assumed,"Estimated minimum below USD 60,000",False
DA-01393,"Dallas, TX",41000.0,86000.0,annual_assumed,Original salary: $41K-$86K (Glassdoor est.); currency: USD; period: annual_assumed,"Estimated minimum below USD 60,000",False
DA-01394,"Plano, TX",41000.0,86000.0,annual_assumed,Original salary: $41K-$86K (Glassdoor est.); currency: USD; period: annual_assumed,"Estimated minimum below USD 60,000",False
DA-01395,"Dallas, TX",41000.0,86000.0,annual_assumed,Original salary: $41K-$86K (Glassdoor est.); currency: USD; period: annual_assumed,"Estimated minimum below USD 60,000",False
DA-01396,"Dallas, TX",41000.0,86000.0,annual_assumed,Original salary: $41K-$86K (Glassdoor est.); currency: USD; period: annual_assumed,"Estimated minimum below USD 60,000",False
DA-01397,"Dallas, TX",41000.0,86000.0,annual_assumed,Original salary: $41K-$86K (Glassdoor est.); currency: USD; period: annual_assumed,"Estimated minimum below USD 60,000",False
DA-01398,"Dallas, TX",41000.0,86000.0,annual_assumed,Original salary: $41K-$86K (Glassdoor est.); currency: USD; period: annual_assumed,"Estimated minimum below USD 60,000",False
DA-01399,"Irving, TX",41000.0,86000.0,annual_assumed,Original salary: $41K-$86K (Glassdoor est.); currency: USD; period: annual_assumed,"Estimated minimum below USD 60,000",False
DA-01400,"Dallas, TX",41000.0,86000.0,annual_assumed,Original salary: $41K-$86K (Glassdoor est.); currency: USD; period: annual_assumed,"Estimated minimum below USD 60,000",False
DA-01401,"Tarrant, TX",44000.0,82000.0,annual_assumed,Original salary: $44K-$82K (Glassdoor est.); currency: USD; period: annual_assumed,"Estimated minimum below USD 60,000",False
DA-01402,"Dallas, TX",44000.0,82000.0,annual_assumed,Original salary: $44K-$82K (Glassdoor est.); currency: USD; period: annual_assumed,"Estimated minimum below USD 60,000",False
DA-01403,"Irving, TX",44000.0,82000.0,annual_assumed,Original salary: $44K-$82K (Glassdoor est.); currency: USD; period: annual_assumed,"Estimated minimum below USD 60,000",False
DA-01404,"Dallas, TX",44000.0,82000.0,annual_assumed,Original salary: $44K-$82K (Glassdoor est.); currency: USD; period: annual_assumed,"Estimated minimum below USD 60,000",False
DA-01405,"Arlington, TX",44000.0,82000.0,annual_assumed,Original salary: $44K-$82K (Glassdoor est.); currency: USD; period: annual_assumed,"Estimated minimum below USD 60,000",False
DA-01406,"Plano, TX",44000.0,82000.0,annual_assumed,Original salary: $44K-$82K (Glassdoor est.); currency: USD; period: annual_assumed,"Estimated minimum below USD 60,000",False
DA-01407,"Carrollton, TX",44000.0,82000.0,annual_assumed,Original salary: $44K-$82K (Glassdoor est.); currency: USD; period: annual_assumed,"Estimated minimum below USD 60,000",False
DA-01408,"Dallas, TX",44000.0,82000.0,annual_assumed,Original salary: $44K-$82K (Glassdoor est.); currency: USD; period: annual_assumed,"Estimated minimum below USD 60,000",False
DA-01409,"Plano, TX",44000.0,82000.0,annual_assumed,Original salary: $44K-$82K (Glassdoor est.); currency: USD; period: annual_assumed,"Estimated minimum below USD 60,000",False
DA-01410,"Dallas, TX",44000.0,82000.0,annual_assumed,Original salary: $44K-$82K (Glassdoor est.); currency: USD; period: annual_assumed,"Estimated minimum below USD 60,000",False
DA-01411,"Southlake, TX",44000.0,82000.0,annual_assumed,Original salary: $44K-$82K (Glassdoor est.); currency: USD; period: annual_assumed,"Estimated minimum below USD 60,000",False
DA-01412,"Dallas, TX",44000.0,82000.0,annual_assumed,Original salary: $44K-$82K (Glassdoor est.); currency: USD; period: annual_assumed,"Estimated minimum below USD 60,000",False
DA-01413,"Dallas, TX",44000.0,82000.0,annual_assumed,Original salary: $44K-$82K (Glassdoor est.); currency: USD; period: annual_assumed,"Estimated minimum below USD 60,000",False
DA-01414,"Dallas, TX",44000.0,82000.0,annual_assumed,Original salary: $44K-$82K (Glassdoor est.); currency: USD; period: annual_assumed,"Estimated minimum below USD 60,000",False
DA-01415,"Dallas, TX",44000.0,82000.0,annual_assumed,Original salary: $44K-$82K (Glassdoor est.); currency: USD; period: annual_assumed,"Estimated minimum below USD 60,000",False
DA-01416,"Plano, TX",44000.0,82000.0,annual_assumed,Original salary: $44K-$82K (Glassdoor est.); currency: USD; period: annual_assumed,"Estimated minimum below USD 60,000",False
DA-01417,"Lewisville, TX",44000.0,82000.0,annual_assumed,Original salary: $44K-$82K (Glassdoor est.); currency: USD; period: annual_assumed,"Estimated minimum below USD 60,000",False
DA-01418,"Irving, TX",44000.0,82000.0,annual_assumed,Original salary: $44K-$82K (Glassdoor est.); currency: USD; period: annual_assumed,"Estimated minimum below USD 60,000",False
DA-01419,"Dallas, TX",44000.0,82000.0,annual_assumed,Original salary: $44K-$82K (Glassdoor est.); currency: USD; period: annual_assumed,"Estimated minimum below USD 60,000",False
DA-01420,"Coppell, TX",44000.0,82000.0,annual_assumed,Original salary: $44K-$82K (Glassdoor est.); currency: USD; period: annual_assumed,"Estimated minimum below USD 60,000",False
DA-01421,"Dallas, TX",44000.0,82000.0,annual_assumed,Original salary: $44K-$82K (Glassdoor est.); currency: USD; period: annual_assumed,"Estimated minimum below USD 60,000",False
DA-01422,"Dallas, TX",44000.0,82000.0,annual_assumed,Original salary: $44K-$82K (Glassdoor est.); currency: USD; period: annual_assumed,"Estimated minimum below USD 60,000",False
DA-01423,"Plano, TX",44000.0,82000.0,annual_assumed,Original salary: $44K-$82K (Glassdoor est.); currency: USD; period: annual_assumed,"Estimated minimum below USD 60,000",False
DA-01424,"Allen, TX",44000.0,82000.0,annual_assumed,Original salary: $44K-$82K (Glassdoor est.); currency: USD; period: annual_assumed,"Estimated minimum below USD 60,000",False
DA-01425,"Plano, TX",44000.0,82000.0,annual_assumed,Original salary: $44K-$82K (Glassdoor est.); currency: USD; period: annual_assumed,"Estimated minimum below USD 60,000",False
DA-01426,"Richardson, TX",44000.0,82000.0,annual_assumed,Original salary: $44K-$82K (Glassdoor est.); currency: USD; period: annual_assumed,"Estimated minimum below USD 60,000",False
DA-01427,"Farmers Branch, TX",44000.0,82000.0,annual_assumed,Original salary: $44K-$82K (Glassdoor est.); currency: USD; period: annual_assumed,"Estimated minimum below USD 60,000",False
DA-01428,"Dallas, TX",44000.0,82000.0,annual_assumed,Original salary: $44K-$82K (Glassdoor est.); currency: USD; period: annual_assumed,"Estimated minimum below USD 60,000",False
DA-01429,"Dallas, TX",48000.0,88000.0,annual_assumed,Original salary: $48K-$88K (Glassdoor est.); currency: USD; period: annual_assumed,"Estimated minimum below USD 60,000",False
DA-01430,"Plano, TX",48000.0,88000.0,annual_assumed,Original salary: $48K-$88K (Glassdoor est.); currency: USD; period: annual_assumed,"Estimated minimum below USD 60,000",False
DA-01431,"Irving, TX",48000.0,88000.0,annual_assumed,Original salary: $48K-$88K (Glassdoor est.); currency: USD; period: annual_assumed,"Estimated minimum below USD 60,000",False
DA-01432,"Plano, TX",48000.0,88000.0,annual_assumed,Original salary: $48K-$88K (Glassdoor est.); currency: USD; period: annual_assumed,"Estimated minimum below USD 60,000",False
DA-01433,"Plano, TX",48000.0,88000.0,annual_assumed,Original salary: $48K-$88K (Glassdoor est.); currency: USD; period: annual_assumed,"Estimated minimum below USD 60,000",False
DA-01434,"Irving, TX",48000.0,88000.0,annual_assumed,Original salary: $48K-$88K (Glassdoor est.); currency: USD; period: annual_assumed,"Estimated minimum below USD 60,000",False
DA-01435,"Irving, TX",48000.0,88000.0,annual_assumed,Original salary: $48K-$88K (Glassdoor est.); currency: USD; period: annual_assumed,"Estimated minimum below USD 60,000",False
DA-01436,"Dallas, TX",48000.0,88000.0,annual_assumed,Original salary: $48K-$88K (Glassdoor est.); currency: USD; period: annual_assumed,"Estimated minimum below USD 60,000",False
DA-01437,"Arlington, TX",48000.0,88000.0,annual_assumed,Original salary: $48K-$88K (Glassdoor est.); currency: USD; period: annual_assumed,"Estimated minimum below USD 60,000",False
DA-01438,"Dallas, TX",48000.0,88000.0,annual_assumed,Original salary: $48K-$88K (Glassdoor est.); currency: USD; period: annual_assumed,"Estimated minimum below USD 60,000",False
DA-01439,"Irving, TX",48000.0,88000.0,annual_assumed,Original salary: $48K-$88K (Glassdoor est.); currency: USD; period: annual_assumed,"Estimated minimum below USD 60,000",False
DA-01440,"Dallas, TX",48000.0,88000.0,annual_assumed,Original salary: $48K-$88K (Glassdoor est.); currency: USD; period: annual_assumed,"Estimated minimum below USD 60,000",False
DA-01441,"Irving, TX",48000.0,88000.0,annual_assumed,Original salary: $48K-$88K (Glassdoor est.); currency: USD; period: annual_assumed,"Estimated minimum below USD 60,000",False
DA-01442,"Irving, TX",48000.0,88000.0,annual_assumed,Original salary: $48K-$88K (Glassdoor est.); currency: USD; period: annual_assumed,"Estimated minimum below USD 60,000",False
DA-01443,"Dallas, TX",48000.0,88000.0,annual_assumed,Original salary: $48K-$88K (Glassdoor est.); currency: USD; period: annual_assumed,"Estimated minimum below USD 60,000",False
DA-01444,"Richardson, TX",48000.0,88000.0,annual_assumed,Original salary: $48K-$88K (Glassdoor est.); currency: USD; period: annual_assumed,"Estimated minimum below USD 60,000",False
DA-01445,"Allen, TX",48000.0,88000.0,annual_assumed,Original salary: $48K-$88K (Glassdoor est.); currency: USD; period: annual_assumed,"Estimated minimum below USD 60,000",False
DA-01446,"Arlington, TX",48000.0,88000.0,annual_assumed,Original salary: $48K-$88K (Glassdoor est.); currency: USD; period: annual_assumed,"Estimated minimum below USD 60,000",False
DA-01447,"Richardson, TX",48000.0,88000.0,annual_assumed,Original salary: $48K-$88K (Glassdoor est.); currency: USD; period: annual_assumed,"Estimated minimum below USD 60,000",False
DA-01448,"Irving, TX",48000.0,88000.0,annual_assumed,Original salary: $48K-$88K (Glassdoor est.); currency: USD; period: annual_assumed,"Estimated minimum below USD 60,000",False
DA-01449,"Plano, TX",48000.0,88000.0,annual_assumed,Original salary: $48K-$88K (Glassdoor est.); currency: USD; period: annual_assumed,"Estimated minimum below USD 60,000",False
DA-01450,"Richardson, TX",48000.0,88000.0,annual_assumed,Original salary: $48K-$88K (Glassdoor est.); currency: USD; period: annual_assumed,"Estimated minimum below USD 60,000",False
DA-01451,"Plano, TX",48000.0,88000.0,annual_assumed,Original salary: $48K-$88K (Glassdoor est.); currency: USD; period: annual_assumed,"Estimated minimum below USD 60,000",False
DA-01452,"Richardson, TX",48000.0,88000.0,annual_assumed,Original salary: $48K-$88K (Glassdoor est.); currency: USD; period: annual_assumed,"Estimated minimum below USD 60,000",False
DA-01453,"Richardson, TX",48000.0,88000.0,annual_assumed,Original salary: $48K-$88K (Glassdoor est.); currency: USD; period: annual_assumed,"Estimated minimum below USD 60,000",False
DA-01454,"Dallas, TX",48000.0,88000.0,annual_assumed,Original salary: $48K-$88K (Glassdoor est.); currency: USD; period: annual_assumed,"Estimated minimum below USD 60,000",False
DA-01455,"Irving, TX",48000.0,88000.0,annual_assumed,Original salary: $48K-$88K (Glassdoor est.); currency: USD; period: annual_assumed,"Estimated minimum below USD 60,000",False
DA-01456,"Arlington, TX",44000.0,78000.0,annual_assumed,Original salary: $44K-$78K (Glassdoor est.); currency: USD; period: annual_assumed,"Estimated minimum below USD 60,000",False
DA-01457,"Plano, TX",44000.0,78000.0,annual_assumed,Original salary: $44K-$78K (Glassdoor est.); currency: USD; period: annual_assumed,"Estimated minimum below USD 60,000",False
DA-01458,"Richardson, TX",44000.0,78000.0,annual_assumed,Original salary: $44K-$78K (Glassdoor est.); currency: USD; period: annual_assumed,"Estimated minimum below USD 60,000",False
DA-01459,"Plano, TX",44000.0,78000.0,annual_assumed,Original salary: $44K-$78K (Glassdoor est.); currency: USD; period: annual_assumed,"Estimated minimum below USD 60,000",False
DA-01460,"Plano, TX",44000.0,78000.0,annual_assumed,Original salary: $44K-$78K (Glassdoor est.); currency: USD; period: annual_assumed,"Estimated minimum below USD 60,000",False
DA-01461,"Dallas, TX",44000.0,78000.0,annual_assumed,Original salary: $44K-$78K (Glassdoor est.); currency: USD; period: annual_assumed,"Estimated minimum below USD 60,000",False
DA-01462,"Plano, TX",44000.0,78000.0,annual_assumed,Original salary: $44K-$78K (Glassdoor est.); currency: USD; period: annual_assumed,"Estimated minimum below USD 60,000",False
DA-01463,"Plano, TX",44000.0,78000.0,annual_assumed,Original salary: $44K-$78K (Glassdoor est.); currency: USD; period: annual_assumed,"Estimated minimum below USD 60,000",False
DA-01464,"Irving, TX",44000.0,78000.0,annual_assumed,Original salary: $44K-$78K (Glassdoor est.); currency: USD; period: annual_assumed,"Estimated minimum below USD 60,000",False
DA-01465,"Dallas, TX",44000.0,78000.0,annual_assumed,Original salary: $44K-$78K (Glassdoor est.); currency: USD; period: annual_assumed,"Estimated minimum below USD 60,000",False
DA-01466,"Irving, TX",44000.0,78000.0,annual_assumed,Original salary: $44K-$78K (Glassdoor est.); currency: USD; period: annual_assumed,"Estimated minimum below USD 60,000",False
DA-01467,"Allen, TX",44000.0,78000.0,annual_assumed,Original salary: $44K-$78K (Glassdoor est.); currency: USD; period: annual_assumed,"Estimated minimum below USD 60,000",False
DA-01468,"Newark, CA",110000.0,190000.0,annual_assumed,Original salary: $110K-$190K (Glassdoor est.); currency: USD; period: annual_assumed,"Eligible: estimated minimum >= USD 60,000",True
DA-01469,"Santa Clara, CA",110000.0,190000.0,annual_assumed,Original salary: $110K-$190K (Glassdoor est.); currency: USD; period: annual_assumed,"Eligible: estimated minimum >= USD 60,000",True
DA-01470,"Newark, CA",110000.0,190000.0,annual_assumed,Original salary: $110K-$190K (Glassdoor est.); currency: USD; period: annual_assumed,"Eligible: estimated minimum >= USD 60,000",True
DA-01471,"Santa Clara, CA",110000.0,190000.0,annual_assumed,Original salary: $110K-$190K (Glassdoor est.); currency: USD; period: annual_assumed,"Eligible: estimated minimum >= USD 60,000",True
DA-01472,"Redwood City, CA",110000.0,190000.0,annual_assumed,Original salary: $110K-$190K (Glassdoor est.); currency: USD; period: annual_assumed,"Eligible: estimated minimum >= USD 60,000",True
DA-01473,"Santa Clara, CA",110000.0,190000.0,annual_assumed,Original salary: $110K-$190K (Glassdoor est.); currency: USD; period: annual_assumed,"Eligible: estimated minimum >= USD 60,000",True
DA-01474,"Cupertino, CA",110000.0,190000.0,annual_assumed,Original salary: $110K-$190K (Glassdoor est.); currency: USD; period: annual_assumed,"Eligible: estimated minimum >= USD 60,000",True
DA-01475,"Fremont, CA",110000.0,190000.0,annual_assumed,Original salary: $110K-$190K (Glassdoor est.); currency: USD; period: annual_assumed,"Eligible: estimated minimum >= USD 60,000",True
DA-01476,"San Jose, CA",110000.0,190000.0,annual_assumed,Original salary: $110K-$190K (Glassdoor est.); currency: USD; period: annual_assumed,"Eligible: estimated minimum >= USD 60,000",True
DA-01477,"Menlo Park, CA",110000.0,190000.0,annual_assumed,Original salary: $110K-$190K (Glassdoor est.); currency: USD; period: annual_assumed,"Eligible: estimated minimum >= USD 60,000",True
DA-01478,"Santa Clara, CA",110000.0,190000.0,annual_assumed,Original salary: $110K-$190K (Glassdoor est.); currency: USD; period: annual_assumed,"Eligible: estimated minimum >= USD 60,000",True
DA-01479,"San Jose, CA",110000.0,190000.0,annual_assumed,Original salary: $110K-$190K (Glassdoor est.); currency: USD; period: annual_assumed,"Eligible: estimated minimum >= USD 60,000",True
DA-01480,"San Jose, CA",110000.0,190000.0,annual_assumed,Original salary: $110K-$190K (Glassdoor est.); currency: USD; period: annual_assumed,"Eligible: estimated minimum >= USD 60,000",True
DA-01481,"Palo Alto, CA",110000.0,190000.0,annual_assumed,Original salary: $110K-$190K (Glassdoor est.); currency: USD; period: annual_assumed,"Eligible: estimated minimum >= USD 60,000",True
DA-01482,"Cupertino, CA",110000.0,190000.0,annual_assumed,Original salary: $110K-$190K (Glassdoor est.); currency: USD; period: annual_assumed,"Eligible: estimated minimum >= USD 60,000",True
DA-01483,"Palo Alto, CA",110000.0,190000.0,annual_assumed,Original salary: $110K-$190K (Glassdoor est.); currency: USD; period: annual_assumed,"Eligible: estimated minimum >= USD 60,000",True
DA-01484,"Mountain View, CA",110000.0,190000.0,annual_assumed,Original salary: $110K-$190K (Glassdoor est.); currency: USD; period: annual_assumed,"Eligible: estimated minimum >= USD 60,000",True
DA-01485,"Menlo Park, CA",110000.0,190000.0,annual_assumed,Original salary: $110K-$190K (Glassdoor est.); currency: USD; period: annual_assumed,"Eligible: estimated minimum >= USD 60,000",True
DA-01486,"Mountain View, CA",110000.0,190000.0,annual_assumed,Original salary: $110K-$190K (Glassdoor est.); currency: USD; period: annual_assumed,"Eligible: estimated minimum >= USD 60,000",True
DA-01487,"Cupertino, CA",110000.0,190000.0,annual_assumed,Original salary: $110K-$190K (Glassdoor est.); currency: USD; period: annual_assumed,"Eligible: estimated minimum >= USD 60,000",True
DA-01488,"Sunnyvale, CA",110000.0,190000.0,annual_assumed,Original salary: $110K-$190K (Glassdoor est.); currency: USD; period: annual_assumed,"Eligible: estimated minimum >= USD 60,000",True
DA-01489,"Sunnyvale, CA",110000.0,190000.0,annual_assumed,Original salary: $110K-$190K (Glassdoor est.); currency: USD; period: annual_assumed,"Eligible: estimated minimum >= USD 60,000",True
DA-01490,"San Jose, CA",110000.0,190000.0,annual_assumed,Original salary: $110K-$190K (Glassdoor est.); currency: USD; period: annual_assumed,"Eligible: estimated minimum >= USD 60,000",True
DA-01491,"San Jose, CA",110000.0,190000.0,annual_assumed,Original salary: $110K-$190K (Glassdoor est.); currency: USD; period: annual_assumed,"Eligible: estimated minimum >= USD 60,000",True
DA-01492,"Los Gatos, CA",110000.0,190000.0,annual_assumed,Original salary: $110K-$190K (Glassdoor est.); currency: USD; period: annual_assumed,"Eligible: estimated minimum >= USD 60,000",True
DA-01493,"San Jose, CA",110000.0,190000.0,annual_assumed,Original salary: $110K-$190K (Glassdoor est.); currency: USD; period: annual_assumed,"Eligible: estimated minimum >= USD 60,000",True
DA-01494,"San Jose, CA",110000.0,190000.0,annual_assumed,Original salary: $110K-$190K (Glassdoor est.); currency: USD; period: annual_assumed,"Eligible: estimated minimum >= USD 60,000",True
DA-01495,"Sunnyvale, CA",110000.0,190000.0,annual_assumed,Original salary: $110K-$190K (Glassdoor est.); currency: USD; period: annual_assumed,"Eligible: estimated minimum >= USD 60,000",True
DA-01496,"San Jose, CA",110000.0,190000.0,annual_assumed,Original salary: $110K-$190K (Glassdoor est.); currency: USD; period: annual_assumed,"Eligible: estimated minimum >= USD 60,000",True
DA-01497,"Santa Clara, CA",89000.0,151000.0,annual_assumed,Original salary: $89K-$151K (Glassdoor est.); currency: USD; period: annual_assumed,"Eligible: estimated minimum >= USD 60,000",True
DA-01498,"Los Gatos, CA",89000.0,151000.0,annual_assumed,Original salary: $89K-$151K (Glassdoor est.); currency: USD; period: annual_assumed,"Eligible: estimated minimum >= USD 60,000",True
DA-01499,"San Jose, CA",89000.0,151000.0,annual_assumed,Original salary: $89K-$151K (Glassdoor est.); currency: USD; period: annual_assumed,"Eligible: estimated minimum >= USD 60,000",True
DA-01500,"Santa Clara, CA",89000.0,151000.0,annual_assumed,Original salary: $89K-$151K (Glassdoor est.); currency: USD; period: annual_assumed,"Eligible: estimated minimum >= USD 60,000",True
DA-01501,"Cupertino, CA",89000.0,151000.0,annual_assumed,Original salary: $89K-$151K (Glassdoor est.); currency: USD; period: annual_assumed,"Eligible: estimated minimum >= USD 60,000",True
DA-01502,"San Jose, CA",89000.0,151000.0,annual_assumed,Original salary: $89K-$151K (Glassdoor est.); currency: USD; period: annual_assumed,"Eligible: estimated minimum >= USD 60,000",True
DA-01503,"San Jose, CA",89000.0,151000.0,annual_assumed,Original salary: $89K-$151K (Glassdoor est.); currency: USD; period: annual_assumed,"Eligible: estimated minimum >= USD 60,000",True
DA-01504,"San Jose, CA",89000.0,151000.0,annual_assumed,Original salary: $89K-$151K (Glassdoor est.); currency: USD; period: annual_assumed,"Eligible: estimated minimum >= USD 60,000",True
DA-01505,"Sunnyvale, CA",89000.0,151000.0,annual_assumed,Original salary: $89K-$151K (Glassdoor est.); currency: USD; period: annual_assumed,"Eligible: estimated minimum >= USD 60,000",True
DA-01506,"San Jose, CA",89000.0,151000.0,annual_assumed,Original salary: $89K-$151K (Glassdoor est.); currency: USD; period: annual_assumed,"Eligible: estimated minimum >= USD 60,000",True
DA-01507,"Menlo Park, CA",89000.0,151000.0,annual_assumed,Original salary: $89K-$151K (Glassdoor est.); currency: USD; period: annual_assumed,"Eligible: estimated minimum >= USD 60,000",True
DA-01508,"San Jose, CA",89000.0,151000.0,annual_assumed,Original salary: $89K-$151K (Glassdoor est.); currency: USD; period: annual_assumed,"Eligible: estimated minimum >= USD 60,000",True
DA-01509,"Redwood City, CA",89000.0,151000.0,annual_assumed,Original salary: $89K-$151K (Glassdoor est.); currency: USD; period: annual_assumed,"Eligible: estimated minimum >= USD 60,000",True
DA-01510,"Redwood City, CA",89000.0,151000.0,annual_assumed,Original salary: $89K-$151K (Glassdoor est.); currency: USD; period: annual_assumed,"Eligible: estimated minimum >= USD 60,000",True
DA-01511,"Sunnyvale, CA",89000.0,151000.0,annual_assumed,Original salary: $89K-$151K (Glassdoor est.); currency: USD; period: annual_assumed,"Eligible: estimated minimum >= USD 60,000",True
DA-01512,"San Jose, CA",89000.0,151000.0,annual_assumed,Original salary: $89K-$151K (Glassdoor est.); currency: USD; period: annual_assumed,"Eligible: estimated minimum >= USD 60,000",True
DA-01513,"Cupertino, CA",89000.0,151000.0,annual_assumed,Original salary: $89K-$151K (Glassdoor est.); currency: USD; period: annual_assumed,"Eligible: estimated minimum >= USD 60,000",True
DA-01514,"San Jose, CA",89000.0,151000.0,annual_assumed,Original salary: $89K-$151K (Glassdoor est.); currency: USD; period: annual_assumed,"Eligible: estimated minimum >= USD 60,000",True
DA-01515,"Sunnyvale, CA",89000.0,151000.0,annual_assumed,Original salary: $89K-$151K (Glassdoor est.); currency: USD; period: annual_assumed,"Eligible: estimated minimum >= USD 60,000",True
DA-01516,"San Jose, CA",89000.0,151000.0,annual_assumed,Original salary: $89K-$151K (Glassdoor est.); currency: USD; period: annual_assumed,"Eligible: estimated minimum >= USD 60,000",True
DA-01517,"Santa Clara, CA",89000.0,151000.0,annual_assumed,Original salary: $89K-$151K (Glassdoor est.); currency: USD; period: annual_assumed,"Eligible: estimated minimum >= USD 60,000",True
DA-01518,"Santa Clara, CA",89000.0,151000.0,annual_assumed,Original salary: $89K-$151K (Glassdoor est.); currency: USD; period: annual_assumed,"Eligible: estimated minimum >= USD 60,000",True
DA-01519,"Menlo Park, CA",89000.0,151000.0,annual_assumed,Original salary: $89K-$151K (Glassdoor est.); currency: USD; period: annual_assumed,"Eligible: estimated minimum >= USD 60,000",True
DA-01520,"Palo Alto, CA",89000.0,151000.0,annual_assumed,Original salary: $89K-$151K (Glassdoor est.); currency: USD; period: annual_assumed,"Eligible: estimated minimum >= USD 60,000",True
DA-01521,"Cupertino, CA",89000.0,151000.0,annual_assumed,Original salary: $89K-$151K (Glassdoor est.); currency: USD; period: annual_assumed,"Eligible: estimated minimum >= USD 60,000",True
DA-01522,"San Jose, CA",89000.0,151000.0,annual_assumed,Original salary: $89K-$151K (Glassdoor est.); currency: USD; period: annual_assumed,"Eligible: estimated minimum >= USD 60,000",True
DA-01523,"San Jose, CA",89000.0,151000.0,annual_assumed,Original salary: $89K-$151K (Glassdoor est.); currency: USD; period: annual_assumed,"Eligible: estimated minimum >= USD 60,000",True
DA-01524,"Redwood City, CA",89000.0,151000.0,annual_assumed,Original salary: $89K-$151K (Glassdoor est.); currency: USD; period: annual_assumed,"Eligible: estimated minimum >= USD 60,000",True
DA-01525,"Stanford, CA",69000.0,127000.0,annual_assumed,Original salary: $69K-$127K (Glassdoor est.); currency: USD; period: annual_assumed,"Eligible: estimated minimum >= USD 60,000",True
DA-01526,"San Jose, CA",69000.0,127000.0,annual_assumed,Original salary: $69K-$127K (Glassdoor est.); currency: USD; period: annual_assumed,"Eligible: estimated minimum >= USD 60,000",True
DA-01527,"Los Gatos, CA",69000.0,127000.0,annual_assumed,Original salary: $69K-$127K (Glassdoor est.); currency: USD; period: annual_assumed,"Eligible: estimated minimum >= USD 60,000",True
DA-01528,"San Jose, CA",69000.0,127000.0,annual_assumed,Original salary: $69K-$127K (Glassdoor est.); currency: USD; period: annual_assumed,"Eligible: estimated minimum >= USD 60,000",True
DA-01529,"Palo Alto, CA",69000.0,127000.0,annual_assumed,Original salary: $69K-$127K (Glassdoor est.); currency: USD; period: annual_assumed,"Eligible: estimated minimum >= USD 60,000",True
DA-01530,"Santa Clara, CA",69000.0,127000.0,annual_assumed,Original salary: $69K-$127K (Glassdoor est.); currency: USD; period: annual_assumed,"Eligible: estimated minimum >= USD 60,000",True
DA-01531,"Menlo Park, CA",69000.0,127000.0,annual_assumed,Original salary: $69K-$127K (Glassdoor est.); currency: USD; period: annual_assumed,"Eligible: estimated minimum >= USD 60,000",True
DA-01532,"Menlo Park, CA",69000.0,127000.0,annual_assumed,Original salary: $69K-$127K (Glassdoor est.); currency: USD; period: annual_assumed,"Eligible: estimated minimum >= USD 60,000",True
DA-01533,"Stanford, CA",69000.0,127000.0,annual_assumed,Original salary: $69K-$127K (Glassdoor est.); currency: USD; period: annual_assumed,"Eligible: estimated minimum >= USD 60,000",True
DA-01534,"Santa Clara, CA",69000.0,127000.0,annual_assumed,Original salary: $69K-$127K (Glassdoor est.); currency: USD; period: annual_assumed,"Eligible: estimated minimum >= USD 60,000",True
DA-01535,"San Jose, CA",69000.0,127000.0,annual_assumed,Original salary: $69K-$127K (Glassdoor est.); currency: USD; period: annual_assumed,"Eligible: estimated minimum >= USD 60,000",True
DA-01536,"Santa Clara, CA",69000.0,127000.0,annual_assumed,Original salary: $69K-$127K (Glassdoor est.); currency: USD; period: annual_assumed,"Eligible: estimated minimum >= USD 60,000",True
DA-01537,"Redwood City, CA",69000.0,127000.0,annual_assumed,Original salary: $69K-$127K (Glassdoor est.); currency: USD; period: annual_assumed,"Eligible: estimated minimum >= USD 60,000",True
DA-01538,"Cupertino, CA",69000.0,127000.0,annual_assumed,Original salary: $69K-$127K (Glassdoor est.); currency: USD; period: annual_assumed,"Eligible: estimated minimum >= USD 60,000",True
DA-01539,"Redwood City, CA",69000.0,127000.0,annual_assumed,Original salary: $69K-$127K (Glassdoor est.); currency: USD; period: annual_assumed,"Eligible: estimated minimum >= USD 60,000",True
DA-01540,"Mountain View, CA",69000.0,127000.0,annual_assumed,Original salary: $69K-$127K (Glassdoor est.); currency: USD; period: annual_assumed,"Eligible: estimated minimum >= USD 60,000",True
DA-01541,"Sunnyvale, CA",69000.0,127000.0,annual_assumed,Original salary: $69K-$127K (Glassdoor est.); currency: USD; period: annual_assumed,"Eligible: estimated minimum >= USD 60,000",True
DA-01542,"Sunnyvale, CA",69000.0,127000.0,annual_assumed,Original salary: $69K-$127K (Glassdoor est.); currency: USD; period: annual_assumed,"Eligible: estimated minimum >= USD 60,000",True
DA-01543,"Cupertino, CA",69000.0,127000.0,annual_assumed,Original salary: $69K-$127K (Glassdoor est.); currency: USD; period: annual_assumed,"Eligible: estimated minimum >= USD 60,000",True
DA-01544,"Mountain View, CA",69000.0,127000.0,annual_assumed,Original salary: $69K-$127K (Glassdoor est.); currency: USD; period: annual_assumed,"Eligible: estimated minimum >= USD 60,000",True
DA-01545,"Fremont, CA",69000.0,127000.0,annual_assumed,Original salary: $69K-$127K (Glassdoor est.); currency: USD; period: annual_assumed,"Eligible: estimated minimum >= USD 60,000",True
DA-01546,"Stanford, CA",69000.0,127000.0,annual_assumed,Original salary: $69K-$127K (Glassdoor est.); currency: USD; period: annual_assumed,"Eligible: estimated minimum >= USD 60,000",True
DA-01547,"Sunnyvale, CA",69000.0,127000.0,annual_assumed,Original salary: $69K-$127K (Glassdoor est.); currency: USD; period: annual_assumed,"Eligible: estimated minimum >= USD 60,000",True
DA-01548,"San Jose, CA",69000.0,127000.0,annual_assumed,Original salary: $69K-$127K (Glassdoor est.); currency: USD; period: annual_assumed,"Eligible: estimated minimum >= USD 60,000",True
DA-01549,"Sunnyvale, CA",69000.0,127000.0,annual_assumed,Original salary: $69K-$127K (Glassdoor est.); currency: USD; period: annual_assumed,"Eligible: estimated minimum >= USD 60,000",True
DA-01550,"San Jose, CA",69000.0,127000.0,annual_assumed,Original salary: $69K-$127K (Glassdoor est.); currency: USD; period: annual_assumed,"Eligible: estimated minimum >= USD 60,000",True
DA-01551,"San Jose, CA",69000.0,127000.0,annual_assumed,Original salary: $69K-$127K (Glassdoor est.); currency: USD; period: annual_assumed,"Eligible: estimated minimum >= USD 60,000",True
DA-01552,"Santa Clara, CA",69000.0,127000.0,annual_assumed,Original salary: $69K-$127K (Glassdoor est.); currency: USD; period: annual_assumed,"Eligible: estimated minimum >= USD 60,000",True
DA-01553,"Santa Clara, CA",69000.0,127000.0,annual_assumed,Original salary: $69K-$127K (Glassdoor est.); currency: USD; period: annual_assumed,"Eligible: estimated minimum >= USD 60,000",True
DA-01554,"San Jose, CA",69000.0,127000.0,annual_assumed,Original salary: $69K-$127K (Glassdoor est.); currency: USD; period: annual_assumed,"Eligible: estimated minimum >= USD 60,000",True
DA-01555,"San Jose, CA",51000.0,93000.0,annual_assumed,Original salary: $51K-$93K (Glassdoor est.); currency: USD; period: annual_assumed,"Estimated minimum below USD 60,000",False
DA-01556,"Palo Alto, CA",51000.0,93000.0,annual_assumed,Original salary: $51K-$93K (Glassdoor est.); currency: USD; period: annual_assumed,"Estimated minimum below USD 60,000",False
DA-01557,"Santa Clara, CA",51000.0,93000.0,annual_assumed,Original salary: $51K-$93K (Glassdoor est.); currency: USD; period: annual_assumed,"Estimated minimum below USD 60,000",False
DA-01558,"Menlo Park, CA",51000.0,93000.0,annual_assumed,Original salary: $51K-$93K (Glassdoor est.); currency: USD; period: annual_assumed,"Estimated minimum below USD 60,000",False
DA-01559,"San Jose, CA",51000.0,93000.0,annual_assumed,Original salary: $51K-$93K (Glassdoor est.); currency: USD; period: annual_assumed,"Estimated minimum below USD 60,000",False
DA-01560,"Mountain View, CA",51000.0,93000.0,annual_assumed,Original salary: $51K-$93K (Glassdoor est.); currency: USD; period: annual_assumed,"Estimated minimum below USD 60,000",False
DA-01561,"Fremont, CA",51000.0,93000.0,annual_assumed,Original salary: $51K-$93K (Glassdoor est.); currency: USD; period: annual_assumed,"Estimated minimum below USD 60,000",False
DA-01562,"Sunnyvale, CA",51000.0,93000.0,annual_assumed,Original salary: $51K-$93K (Glassdoor est.); currency: USD; period: annual_assumed,"Estimated minimum below USD 60,000",False
DA-01563,"Cupertino, CA",51000.0,93000.0,annual_assumed,Original salary: $51K-$93K (Glassdoor est.); currency: USD; period: annual_assumed,"Estimated minimum below USD 60,000",False
DA-01564,"East Palo Alto, CA",51000.0,93000.0,annual_assumed,Original salary: $51K-$93K (Glassdoor est.); currency: USD; period: annual_assumed,"Estimated minimum below USD 60,000",False
DA-01565,"Menlo Park, CA",51000.0,93000.0,annual_assumed,Original salary: $51K-$93K (Glassdoor est.); currency: USD; period: annual_assumed,"Estimated minimum below USD 60,000",False
DA-01566,"Redwood City, CA",51000.0,93000.0,annual_assumed,Original salary: $51K-$93K (Glassdoor est.); currency: USD; period: annual_assumed,"Estimated minimum below USD 60,000",False
DA-01567,"Pleasanton, CA",51000.0,93000.0,annual_assumed,Original salary: $51K-$93K (Glassdoor est.); currency: USD; period: annual_assumed,"Estimated minimum below USD 60,000",False
DA-01568,"Pleasanton, CA",51000.0,93000.0,annual_assumed,Original salary: $51K-$93K (Glassdoor est.); currency: USD; period: annual_assumed,"Estimated minimum below USD 60,000",False
DA-01569,"San Jose, CA",51000.0,93000.0,annual_assumed,Original salary: $51K-$93K (Glassdoor est.); currency: USD; period: annual_assumed,"Estimated minimum below USD 60,000",False
DA-01570,"Sunnyvale, CA",51000.0,93000.0,annual_assumed,Original salary: $51K-$93K (Glassdoor est.); currency: USD; period: annual_assumed,"Estimated minimum below USD 60,000",False
DA-01571,"Mountain View, CA",51000.0,93000.0,annual_assumed,Original salary: $51K-$93K (Glassdoor est.); currency: USD; period: annual_assumed,"Estimated minimum below USD 60,000",False
DA-01572,"Union City, CA",51000.0,93000.0,annual_assumed,Original salary: $51K-$93K (Glassdoor est.); currency: USD; period: annual_assumed,"Estimated minimum below USD 60,000",False
DA-01573,"San Jose, CA",51000.0,93000.0,annual_assumed,Original salary: $51K-$93K (Glassdoor est.); currency: USD; period: annual_assumed,"Estimated minimum below USD 60,000",False
DA-01574,"Mountain View, CA",51000.0,93000.0,annual_assumed,Original salary: $51K-$93K (Glassdoor est.); currency: USD; period: annual_assumed,"Estimated minimum below USD 60,000",False
DA-01575,"Redwood City, CA",51000.0,93000.0,annual_assumed,Original salary: $51K-$93K (Glassdoor est.); currency: USD; period: annual_assumed,"Estimated minimum below USD 60,000",False
DA-01576,"San Jose, CA",51000.0,93000.0,annual_assumed,Original salary: $51K-$93K (Glassdoor est.); currency: USD; period: annual_assumed,"Estimated minimum below USD 60,000",False
DA-01577,"Palo Alto, CA",51000.0,93000.0,annual_assumed,Original salary: $51K-$93K (Glassdoor est.); currency: USD; period: annual_assumed,"Estimated minimum below USD 60,000",False
DA-01578,"Mountain View, CA",51000.0,93000.0,annual_assumed,Original salary: $51K-$93K (Glassdoor est.); currency: USD; period: annual_assumed,"Estimated minimum below USD 60,000",False
DA-01579,"Palo Alto, CA",51000.0,93000.0,annual_assumed,Original salary: $51K-$93K (Glassdoor est.); currency: USD; period: annual_assumed,"Estimated minimum below USD 60,000",False
DA-01580,"Sunnyvale, CA",51000.0,93000.0,annual_assumed,Original salary: $51K-$93K (Glassdoor est.); currency: USD; period: annual_assumed,"Estimated minimum below USD 60,000",False
DA-01581,"Milpitas, CA",51000.0,93000.0,annual_assumed,Original salary: $51K-$93K (Glassdoor est.); currency: USD; period: annual_assumed,"Estimated minimum below USD 60,000",False
DA-01582,"Palo Alto, CA",51000.0,93000.0,annual_assumed,Original salary: $51K-$93K (Glassdoor est.); currency: USD; period: annual_assumed,"Estimated minimum below USD 60,000",False
DA-01583,"Cupertino, CA",51000.0,93000.0,annual_assumed,Original salary: $51K-$93K (Glassdoor est.); currency: USD; period: annual_assumed,"Estimated minimum below USD 60,000",False
DA-01584,"Cupertino, CA",58000.0,93000.0,annual_assumed,Original salary: $58K-$93K (Glassdoor est.); currency: USD; period: annual_assumed,"Estimated minimum below USD 60,000",False
DA-01585,"Union City, CA",58000.0,93000.0,annual_assumed,Original salary: $58K-$93K (Glassdoor est.); currency: USD; period: annual_assumed,"Estimated minimum below USD 60,000",False
DA-01586,"Menlo Park, CA",58000.0,93000.0,annual_assumed,Original salary: $58K-$93K (Glassdoor est.); currency: USD; period: annual_assumed,"Estimated minimum below USD 60,000",False
DA-01587,"Milpitas, CA",58000.0,93000.0,annual_assumed,Original salary: $58K-$93K (Glassdoor est.); currency: USD; period: annual_assumed,"Estimated minimum below USD 60,000",False
DA-01588,"Cupertino, CA",58000.0,93000.0,annual_assumed,Original salary: $58K-$93K (Glassdoor est.); currency: USD; period: annual_assumed,"Estimated minimum below USD 60,000",False
DA-01589,"San Jose, CA",58000.0,93000.0,annual_assumed,Original salary: $58K-$93K (Glassdoor est.); currency: USD; period: annual_assumed,"Estimated minimum below USD 60,000",False
DA-01590,"Milpitas, CA",58000.0,93000.0,annual_assumed,Original salary: $58K-$93K (Glassdoor est.); currency: USD; period: annual_assumed,"Estimated minimum below USD 60,000",False
DA-01591,"Santa Clara, CA",58000.0,93000.0,annual_assumed,Original salary: $58K-$93K (Glassdoor est.); currency: USD; period: annual_assumed,"Estimated minimum below USD 60,000",False
DA-01592,"Palo Alto, CA",58000.0,93000.0,annual_assumed,Original salary: $58K-$93K (Glassdoor est.); currency: USD; period: annual_assumed,"Estimated minimum below USD 60,000",False
DA-01593,"Milpitas, CA",58000.0,93000.0,annual_assumed,Original salary: $58K-$93K (Glassdoor est.); currency: USD; period: annual_assumed,"Estimated minimum below USD 60,000",False
DA-01594,"San Jose, CA",58000.0,93000.0,annual_assumed,Original salary: $58K-$93K (Glassdoor est.); currency: USD; period: annual_assumed,"Estimated minimum below USD 60,000",False
DA-01595,"Mountain View, CA",58000.0,93000.0,annual_assumed,Original salary: $58K-$93K (Glassdoor est.); currency: USD; period: annual_assumed,"Estimated minimum below USD 60,000",False
DA-01596,"Union City, CA",58000.0,93000.0,annual_assumed,Original salary: $58K-$93K (Glassdoor est.); currency: USD; period: annual_assumed,"Estimated minimum below USD 60,000",False
DA-01597,"Mountain View, CA",58000.0,93000.0,annual_assumed,Original salary: $58K-$93K (Glassdoor est.); currency: USD; period: annual_assumed,"Estimated minimum below USD 60,000",False
DA-01598,"Sunnyvale, CA",58000.0,93000.0,annual_assumed,Original salary: $58K-$93K (Glassdoor est.); currency: USD; period: annual_assumed,"Estimated minimum below USD 60,000",False
DA-01599,"Santa Clara, CA",58000.0,93000.0,annual_assumed,Original salary: $58K-$93K (Glassdoor est.); currency: USD; period: annual_assumed,"Estimated minimum below USD 60,000",False
DA-01600,"Sunnyvale, CA",58000.0,93000.0,annual_assumed,Original salary: $58K-$93K (Glassdoor est.); currency: USD; period: annual_assumed,"Estimated minimum below USD 60,000",False
DA-01601,"San Jose, CA",58000.0,93000.0,annual_assumed,Original salary: $58K-$93K (Glassdoor est.); currency: USD; period: annual_assumed,"Estimated minimum below USD 60,000",False
DA-01602,"Sunnyvale, CA",58000.0,93000.0,annual_assumed,Original salary: $58K-$93K (Glassdoor est.); currency: USD; period: annual_assumed,"Estimated minimum below USD 60,000",False
DA-01603,"Menlo Park, CA",58000.0,93000.0,annual_assumed,Original salary: $58K-$93K (Glassdoor est.); currency: USD; period: annual_assumed,"Estimated minimum below USD 60,000",False
DA-01604,"Santa Clara, CA",58000.0,93000.0,annual_assumed,Original salary: $58K-$93K (Glassdoor est.); currency: USD; period: annual_assumed,"Estimated minimum below USD 60,000",False
DA-01605,"Palo Alto, CA",58000.0,93000.0,annual_assumed,Original salary: $58K-$93K (Glassdoor est.); currency: USD; period: annual_assumed,"Estimated minimum below USD 60,000",False
DA-01606,"Milpitas, CA",58000.0,93000.0,annual_assumed,Original salary: $58K-$93K (Glassdoor est.); currency: USD; period: annual_assumed,"Estimated minimum below USD 60,000",False
DA-01607,"Mountain View, CA",58000.0,93000.0,annual_assumed,Original salary: $58K-$93K (Glassdoor est.); currency: USD; period: annual_assumed,"Estimated minimum below USD 60,000",False
DA-01608,"Mountain View, CA",58000.0,93000.0,annual_assumed,Original salary: $58K-$93K (Glassdoor est.); currency: USD; period: annual_assumed,"Estimated minimum below USD 60,000",False
DA-01609,"Fremont, CA",58000.0,93000.0,annual_assumed,Original salary: $58K-$93K (Glassdoor est.); currency: USD; period: annual_assumed,"Estimated minimum below USD 60,000",False
DA-01610,"Redwood City, CA",58000.0,93000.0,annual_assumed,Original salary: $58K-$93K (Glassdoor est.); currency: USD; period: annual_assumed,"Estimated minimum below USD 60,000",False
DA-01611,"Cupertino, CA",58000.0,93000.0,annual_assumed,Original salary: $58K-$93K (Glassdoor est.); currency: USD; period: annual_assumed,"Estimated minimum below USD 60,000",False
DA-01612,"Santa Clara, CA",58000.0,93000.0,annual_assumed,Original salary: $58K-$93K (Glassdoor est.); currency: USD; period: annual_assumed,"Estimated minimum below USD 60,000",False
DA-01613,"San Jose, CA",58000.0,93000.0,annual_assumed,Original salary: $58K-$93K (Glassdoor est.); currency: USD; period: annual_assumed,"Estimated minimum below USD 60,000",False
DA-01614,"Pleasanton, CA",58000.0,93000.0,annual_assumed,Original salary: $58K-$93K (Glassdoor est.); currency: USD; period: annual_assumed,"Estimated minimum below USD 60,000",False
DA-01615,"Redwood City, CA",63000.0,116000.0,annual_assumed,Original salary: $63K-$116K (Glassdoor est.); currency: USD; period: annual_assumed,"Eligible: estimated minimum >= USD 60,000",True
DA-01616,"Palo Alto, CA",63000.0,116000.0,annual_assumed,Original salary: $63K-$116K (Glassdoor est.); currency: USD; period: annual_assumed,"Eligible: estimated minimum >= USD 60,000",True
DA-01617,"San Jose, CA",63000.0,116000.0,annual_assumed,Original salary: $63K-$116K (Glassdoor est.); currency: USD; period: annual_assumed,"Eligible: estimated minimum >= USD 60,000",True
DA-01618,"Campbell, CA",63000.0,116000.0,annual_assumed,Original salary: $63K-$116K (Glassdoor est.); currency: USD; period: annual_assumed,"Eligible: estimated minimum >= USD 60,000",True
DA-01619,"Menlo Park, CA",63000.0,116000.0,annual_assumed,Original salary: $63K-$116K (Glassdoor est.); currency: USD; period: annual_assumed,"Eligible: estimated minimum >= USD 60,000",True
DA-01620,"Mountain View, CA",63000.0,116000.0,annual_assumed,Original salary: $63K-$116K (Glassdoor est.); currency: USD; period: annual_assumed,"Eligible: estimated minimum >= USD 60,000",True
DA-01621,"Fremont, CA",63000.0,116000.0,annual_assumed,Original salary: $63K-$116K (Glassdoor est.); currency: USD; period: annual_assumed,"Eligible: estimated minimum >= USD 60,000",True
DA-01622,"San Jose, CA",63000.0,116000.0,annual_assumed,Original salary: $63K-$116K (Glassdoor est.); currency: USD; period: annual_assumed,"Eligible: estimated minimum >= USD 60,000",True
DA-01623,"Palo Alto, CA",63000.0,116000.0,annual_assumed,Original salary: $63K-$116K (Glassdoor est.); currency: USD; period: annual_assumed,"Eligible: estimated minimum >= USD 60,000",True
DA-01624,"Santa Clara, CA",63000.0,116000.0,annual_assumed,Original salary: $63K-$116K (Glassdoor est.); currency: USD; period: annual_assumed,"Eligible: estimated minimum >= USD 60,000",True
DA-01625,"Mountain View, CA",63000.0,116000.0,annual_assumed,Original salary: $63K-$116K (Glassdoor est.); currency: USD; period: annual_assumed,"Eligible: estimated minimum >= USD 60,000",True
DA-01626,"San Jose, CA",63000.0,116000.0,annual_assumed,Original salary: $63K-$116K (Glassdoor est.); currency: USD; period: annual_assumed,"Eligible: estimated minimum >= USD 60,000",True
DA-01627,"Santa Clara, CA",63000.0,116000.0,annual_assumed,Original salary: $63K-$116K (Glassdoor est.); currency: USD; period: annual_assumed,"Eligible: estimated minimum >= USD 60,000",True
DA-01628,"Mountain View, CA",63000.0,116000.0,annual_assumed,Original salary: $63K-$116K (Glassdoor est.); currency: USD; period: annual_assumed,"Eligible: estimated minimum >= USD 60,000",True
DA-01629,"Palo Alto, CA",63000.0,116000.0,annual_assumed,Original salary: $63K-$116K (Glassdoor est.); currency: USD; period: annual_assumed,"Eligible: estimated minimum >= USD 60,000",True
DA-01630,"Santa Clara, CA",63000.0,116000.0,annual_assumed,Original salary: $63K-$116K (Glassdoor est.); currency: USD; period: annual_assumed,"Eligible: estimated minimum >= USD 60,000",True
DA-01631,"Pleasanton, CA",63000.0,116000.0,annual_assumed,Original salary: $63K-$116K (Glassdoor est.); currency: USD; period: annual_assumed,"Eligible: estimated minimum >= USD 60,000",True
DA-01632,"Santa Clara, CA",63000.0,116000.0,annual_assumed,Original salary: $63K-$116K (Glassdoor est.); currency: USD; period: annual_assumed,"Eligible: estimated minimum >= USD 60,000",True
DA-01633,"Palo Alto, CA",63000.0,116000.0,annual_assumed,Original salary: $63K-$116K (Glassdoor est.); currency: USD; period: annual_assumed,"Eligible: estimated minimum >= USD 60,000",True
DA-01634,"Redwood City, CA",63000.0,116000.0,annual_assumed,Original salary: $63K-$116K (Glassdoor est.); currency: USD; period: annual_assumed,"Eligible: estimated minimum >= USD 60,000",True
DA-01635,"Austin, TX",42000.0,76000.0,annual_assumed,Original salary: $42K-$76K (Glassdoor est.); currency: USD; period: annual_assumed,"Estimated minimum below USD 60,000",False
DA-01636,"Austin, TX",42000.0,76000.0,annual_assumed,Original salary: $42K-$76K (Glassdoor est.); currency: USD; period: annual_assumed,"Estimated minimum below USD 60,000",False
DA-01637,"Austin, TX",42000.0,76000.0,annual_assumed,Original salary: $42K-$76K (Glassdoor est.); currency: USD; period: annual_assumed,"Estimated minimum below USD 60,000",False
DA-01638,"Austin, TX",42000.0,76000.0,annual_assumed,Original salary: $42K-$76K (Glassdoor est.); currency: USD; period: annual_assumed,"Estimated minimum below USD 60,000",False
DA-01639,"Austin, TX",42000.0,76000.0,annual_assumed,Original salary: $42K-$76K (Glassdoor est.); currency: USD; period: annual_assumed,"Estimated minimum below USD 60,000",False
DA-01640,"Austin, TX",42000.0,76000.0,annual_assumed,Original salary: $42K-$76K (Glassdoor est.); currency: USD; period: annual_assumed,"Estimated minimum below USD 60,000",False
DA-01641,"Austin, TX",42000.0,76000.0,annual_assumed,Original salary: $42K-$76K (Glassdoor est.); currency: USD; period: annual_assumed,"Estimated minimum below USD 60,000",False
DA-01642,"Austin, TX",42000.0,76000.0,annual_assumed,Original salary: $42K-$76K (Glassdoor est.); currency: USD; period: annual_assumed,"Estimated minimum below USD 60,000",False
DA-01643,"Austin, TX",42000.0,76000.0,annual_assumed,Original salary: $42K-$76K (Glassdoor est.); currency: USD; period: annual_assumed,"Estimated minimum below USD 60,000",False
DA-01644,"Austin, TX",42000.0,76000.0,annual_assumed,Original salary: $42K-$76K (Glassdoor est.); currency: USD; period: annual_assumed,"Estimated minimum below USD 60,000",False
DA-01645,"Austin, TX",42000.0,76000.0,annual_assumed,Original salary: $42K-$76K (Glassdoor est.); currency: USD; period: annual_assumed,"Estimated minimum below USD 60,000",False
DA-01646,"Austin, TX",42000.0,76000.0,annual_assumed,Original salary: $42K-$76K (Glassdoor est.); currency: USD; period: annual_assumed,"Estimated minimum below USD 60,000",False
DA-01647,"Austin, TX",42000.0,76000.0,annual_assumed,Original salary: $42K-$76K (Glassdoor est.); currency: USD; period: annual_assumed,"Estimated minimum below USD 60,000",False
DA-01648,"Austin, TX",42000.0,76000.0,annual_assumed,Original salary: $42K-$76K (Glassdoor est.); currency: USD; period: annual_assumed,"Estimated minimum below USD 60,000",False
DA-01649,"Austin, TX",42000.0,76000.0,annual_assumed,Original salary: $42K-$76K (Glassdoor est.); currency: USD; period: annual_assumed,"Estimated minimum below USD 60,000",False
DA-01650,"Austin, TX",42000.0,76000.0,annual_assumed,Original salary: $42K-$76K (Glassdoor est.); currency: USD; period: annual_assumed,"Estimated minimum below USD 60,000",False
DA-01651,"Austin, TX",42000.0,76000.0,annual_assumed,Original salary: $42K-$76K (Glassdoor est.); currency: USD; period: annual_assumed,"Estimated minimum below USD 60,000",False
DA-01652,"Austin, TX",42000.0,76000.0,annual_assumed,Original salary: $42K-$76K (Glassdoor est.); currency: USD; period: annual_assumed,"Estimated minimum below USD 60,000",False
DA-01653,"Austin, TX",42000.0,76000.0,annual_assumed,Original salary: $42K-$76K (Glassdoor est.); currency: USD; period: annual_assumed,"Estimated minimum below USD 60,000",False
DA-01654,"Austin, TX",42000.0,76000.0,annual_assumed,Original salary: $42K-$76K (Glassdoor est.); currency: USD; period: annual_assumed,"Estimated minimum below USD 60,000",False
DA-01655,"Austin, TX",42000.0,76000.0,annual_assumed,Original salary: $42K-$76K (Glassdoor est.); currency: USD; period: annual_assumed,"Estimated minimum below USD 60,000",False
DA-01656,"Austin, TX",42000.0,76000.0,annual_assumed,Original salary: $42K-$76K (Glassdoor est.); currency: USD; period: annual_assumed,"Estimated minimum below USD 60,000",False
DA-01657,"Austin, TX",42000.0,76000.0,annual_assumed,Original salary: $42K-$76K (Glassdoor est.); currency: USD; period: annual_assumed,"Estimated minimum below USD 60,000",False
DA-01658,"Austin, TX",42000.0,76000.0,annual_assumed,Original salary: $42K-$76K (Glassdoor est.); currency: USD; period: annual_assumed,"Estimated minimum below USD 60,000",False
DA-01659,"Austin, TX",42000.0,76000.0,annual_assumed,Original salary: $42K-$76K (Glassdoor est.); currency: USD; period: annual_assumed,"Estimated minimum below USD 60,000",False
DA-01660,"Austin, TX",42000.0,76000.0,annual_assumed,Original salary: $42K-$76K (Glassdoor est.); currency: USD; period: annual_assumed,"Estimated minimum below USD 60,000",False
DA-01661,"Austin, TX",42000.0,76000.0,annual_assumed,Original salary: $42K-$76K (Glassdoor est.); currency: USD; period: annual_assumed,"Estimated minimum below USD 60,000",False
DA-01662,"Austin, TX",53000.0,104000.0,annual_assumed,Original salary: $53K-$104K (Glassdoor est.); currency: USD; period: annual_assumed,"Estimated minimum below USD 60,000",False
DA-01663,"Austin, TX",53000.0,104000.0,annual_assumed,Original salary: $53K-$104K (Glassdoor est.); currency: USD; period: annual_assumed,"Estimated minimum below USD 60,000",False
DA-01664,"Austin, TX",53000.0,104000.0,annual_assumed,Original salary: $53K-$104K (Glassdoor est.); currency: USD; period: annual_assumed,"Estimated minimum below USD 60,000",False
DA-01665,"Austin, TX",53000.0,104000.0,annual_assumed,Original salary: $53K-$104K (Glassdoor est.); currency: USD; period: annual_assumed,"Estimated minimum below USD 60,000",False
DA-01666,"Austin, TX",53000.0,104000.0,annual_assumed,Original salary: $53K-$104K (Glassdoor est.); currency: USD; period: annual_assumed,"Estimated minimum below USD 60,000",False
DA-01667,"Austin, TX",53000.0,104000.0,annual_assumed,Original salary: $53K-$104K (Glassdoor est.); currency: USD; period: annual_assumed,"Estimated minimum below USD 60,000",False
DA-01668,"Austin, TX",53000.0,104000.0,annual_assumed,Original salary: $53K-$104K (Glassdoor est.); currency: USD; period: annual_assumed,"Estimated minimum below USD 60,000",False
DA-01669,"Austin, TX",53000.0,104000.0,annual_assumed,Original salary: $53K-$104K (Glassdoor est.); currency: USD; period: annual_assumed,"Estimated minimum below USD 60,000",False
DA-01670,"Austin, TX",53000.0,104000.0,annual_assumed,Original salary: $53K-$104K (Glassdoor est.); currency: USD; period: annual_assumed,"Estimated minimum below USD 60,000",False
DA-01671,"Austin, TX",53000.0,104000.0,annual_assumed,Original salary: $53K-$104K (Glassdoor est.); currency: USD; period: annual_assumed,"Estimated minimum below USD 60,000",False
DA-01672,"Austin, TX",53000.0,104000.0,annual_assumed,Original salary: $53K-$104K (Glassdoor est.); currency: USD; period: annual_assumed,"Estimated minimum below USD 60,000",False
DA-01673,"Austin, TX",53000.0,104000.0,annual_assumed,Original salary: $53K-$104K (Glassdoor est.); currency: USD; period: annual_assumed,"Estimated minimum below USD 60,000",False
DA-01674,"Austin, TX",53000.0,104000.0,annual_assumed,Original salary: $53K-$104K (Glassdoor est.); currency: USD; period: annual_assumed,"Estimated minimum below USD 60,000",False
DA-01675,"Austin, TX",53000.0,104000.0,annual_assumed,Original salary: $53K-$104K (Glassdoor est.); currency: USD; period: annual_assumed,"Estimated minimum below USD 60,000",False
DA-01676,"Austin, TX",53000.0,104000.0,annual_assumed,Original salary: $53K-$104K (Glassdoor est.); currency: USD; period: annual_assumed,"Estimated minimum below USD 60,000",False
DA-01677,"Austin, TX",53000.0,104000.0,annual_assumed,Original salary: $53K-$104K (Glassdoor est.); currency: USD; period: annual_assumed,"Estimated minimum below USD 60,000",False
DA-01678,"Austin, TX",53000.0,104000.0,annual_assumed,Original salary: $53K-$104K (Glassdoor est.); currency: USD; period: annual_assumed,"Estimated minimum below USD 60,000",False
DA-01679,"Austin, TX",53000.0,104000.0,annual_assumed,Original salary: $53K-$104K (Glassdoor est.); currency: USD; period: annual_assumed,"Estimated minimum below USD 60,000",False
DA-01680,"Austin, TX",53000.0,104000.0,annual_assumed,Original salary: $53K-$104K (Glassdoor est.); currency: USD; period: annual_assumed,"Estimated minimum below USD 60,000",False
DA-01681,"Austin, TX",53000.0,104000.0,annual_assumed,Original salary: $53K-$104K (Glassdoor est.); currency: USD; period: annual_assumed,"Estimated minimum below USD 60,000",False
DA-01682,"Austin, TX",53000.0,104000.0,annual_assumed,Original salary: $53K-$104K (Glassdoor est.); currency: USD; period: annual_assumed,"Estimated minimum below USD 60,000",False
DA-01683,"Austin, TX",53000.0,104000.0,annual_assumed,Original salary: $53K-$104K (Glassdoor est.); currency: USD; period: annual_assumed,"Estimated minimum below USD 60,000",False
DA-01684,"Austin, TX",53000.0,104000.0,annual_assumed,Original salary: $53K-$104K (Glassdoor est.); currency: USD; period: annual_assumed,"Estimated minimum below USD 60,000",False
DA-01685,"Austin, TX",53000.0,104000.0,annual_assumed,Original salary: $53K-$104K (Glassdoor est.); currency: USD; period: annual_assumed,"Estimated minimum below USD 60,000",False
DA-01686,"Austin, TX",53000.0,104000.0,annual_assumed,Original salary: $53K-$104K (Glassdoor est.); currency: USD; period: annual_assumed,"Estimated minimum below USD 60,000",False
DA-01687,"Austin, TX",53000.0,104000.0,annual_assumed,Original salary: $53K-$104K (Glassdoor est.); currency: USD; period: annual_assumed,"Estimated minimum below USD 60,000",False
DA-01688,"Austin, TX",35000.0,42000.0,annual_assumed,Original salary: $35K-$42K (Glassdoor est.); currency: USD; period: annual_assumed,"Estimated minimum below USD 60,000",False
DA-01689,"Austin, TX",35000.0,42000.0,annual_assumed,Original salary: $35K-$42K (Glassdoor est.); currency: USD; period: annual_assumed,"Estimated minimum below USD 60,000",False
DA-01690,"Austin, TX",35000.0,42000.0,annual_assumed,Original salary: $35K-$42K (Glassdoor est.); currency: USD; period: annual_assumed,"Estimated minimum below USD 60,000",False
DA-01691,"Austin, TX",35000.0,42000.0,annual_assumed,Original salary: $35K-$42K (Glassdoor est.); currency: USD; period: annual_assumed,"Estimated minimum below USD 60,000",False
DA-01692,"Austin, TX",35000.0,42000.0,annual_assumed,Original salary: $35K-$42K (Glassdoor est.); currency: USD; period: annual_assumed,"Estimated minimum below USD 60,000",False
DA-01693,"Austin, TX",35000.0,42000.0,annual_assumed,Original salary: $35K-$42K (Glassdoor est.); currency: USD; period: annual_assumed,"Estimated minimum below USD 60,000",False
DA-01694,"Austin, TX",35000.0,42000.0,annual_assumed,Original salary: $35K-$42K (Glassdoor est.); currency: USD; period: annual_assumed,"Estimated minimum below USD 60,000",False
DA-01695,"Austin, TX",35000.0,42000.0,annual_assumed,Original salary: $35K-$42K (Glassdoor est.); currency: USD; period: annual_assumed,"Estimated minimum below USD 60,000",False
DA-01696,"Austin, TX",35000.0,42000.0,annual_assumed,Original salary: $35K-$42K (Glassdoor est.); currency: USD; period: annual_assumed,"Estimated minimum below USD 60,000",False
DA-01697,"Austin, TX",35000.0,42000.0,annual_assumed,Original salary: $35K-$42K (Glassdoor est.); currency: USD; period: annual_assumed,"Estimated minimum below USD 60,000",False
DA-01698,"Austin, TX",35000.0,42000.0,annual_assumed,Original salary: $35K-$42K (Glassdoor est.); currency: USD; period: annual_assumed,"Estimated minimum below USD 60,000",False
DA-01699,"Austin, TX",35000.0,42000.0,annual_assumed,Original salary: $35K-$42K (Glassdoor est.); currency: USD; period: annual_assumed,"Estimated minimum below USD 60,000",False
DA-01700,"Austin, TX",35000.0,42000.0,annual_assumed,Original salary: $35K-$42K (Glassdoor est.); currency: USD; period: annual_assumed,"Estimated minimum below USD 60,000",False
DA-01701,"West Lake Hills, TX",35000.0,42000.0,annual_assumed,Original salary: $35K-$42K (Glassdoor est.); currency: USD; period: annual_assumed,"Estimated minimum below USD 60,000",False
DA-01702,"Austin, TX",35000.0,42000.0,annual_assumed,Original salary: $35K-$42K (Glassdoor est.); currency: USD; period: annual_assumed,"Estimated minimum below USD 60,000",False
DA-01703,"Austin, TX",35000.0,42000.0,annual_assumed,Original salary: $35K-$42K (Glassdoor est.); currency: USD; period: annual_assumed,"Estimated minimum below USD 60,000",False
DA-01704,"Austin, TX",35000.0,42000.0,annual_assumed,Original salary: $35K-$42K (Glassdoor est.); currency: USD; period: annual_assumed,"Estimated minimum below USD 60,000",False
DA-01705,"Austin, TX",35000.0,42000.0,annual_assumed,Original salary: $35K-$42K (Glassdoor est.); currency: USD; period: annual_assumed,"Estimated minimum below USD 60,000",False
DA-01706,"Austin, TX",35000.0,42000.0,annual_assumed,Original salary: $35K-$42K (Glassdoor est.); currency: USD; period: annual_assumed,"Estimated minimum below USD 60,000",False
DA-01707,"Austin, TX",35000.0,42000.0,annual_assumed,Original salary: $35K-$42K (Glassdoor est.); currency: USD; period: annual_assumed,"Estimated minimum below USD 60,000",False
DA-01708,"Austin, TX",35000.0,42000.0,annual_assumed,Original salary: $35K-$42K (Glassdoor est.); currency: USD; period: annual_assumed,"Estimated minimum below USD 60,000",False
DA-01709,"Austin, TX",35000.0,42000.0,annual_assumed,Original salary: $35K-$42K (Glassdoor est.); currency: USD; period: annual_assumed,"Estimated minimum below USD 60,000",False
DA-01710,"Round Rock, TX",35000.0,42000.0,annual_assumed,Original salary: $35K-$42K (Glassdoor est.); currency: USD; period: annual_assumed,"Estimated minimum below USD 60,000",False
DA-01711,"Austin, TX",35000.0,42000.0,annual_assumed,Original salary: $35K-$42K (Glassdoor est.); currency: USD; period: annual_assumed,"Estimated minimum below USD 60,000",False
DA-01712,"Austin, TX",35000.0,42000.0,annual_assumed,Original salary: $35K-$42K (Glassdoor est.); currency: USD; period: annual_assumed,"Estimated minimum below USD 60,000",False
DA-01713,"Cedar Park, TX",35000.0,42000.0,annual_assumed,Original salary: $35K-$42K (Glassdoor est.); currency: USD; period: annual_assumed,"Estimated minimum below USD 60,000",False
DA-01714,"Austin, TX",35000.0,42000.0,annual_assumed,Original salary: $35K-$42K (Glassdoor est.); currency: USD; period: annual_assumed,"Estimated minimum below USD 60,000",False
DA-01715,"Austin, TX",35000.0,42000.0,annual_assumed,Original salary: $35K-$42K (Glassdoor est.); currency: USD; period: annual_assumed,"Estimated minimum below USD 60,000",False
DA-01716,"Round Rock, TX",35000.0,42000.0,annual_assumed,Original salary: $35K-$42K (Glassdoor est.); currency: USD; period: annual_assumed,"Estimated minimum below USD 60,000",False
DA-01717,"Austin, TX",35000.0,42000.0,annual_assumed,Original salary: $35K-$42K (Glassdoor est.); currency: USD; period: annual_assumed,"Estimated minimum below USD 60,000",False
DA-01718,"Austin, TX",43000.0,77000.0,annual_assumed,Original salary: $43K-$77K (Glassdoor est.); currency: USD; period: annual_assumed,"Estimated minimum below USD 60,000",False
DA-01719,"Round Rock, TX",43000.0,77000.0,annual_assumed,Original salary: $43K-$77K (Glassdoor est.); currency: USD; period: annual_assumed,"Estimated minimum below USD 60,000",False
DA-01720,"Austin, TX",43000.0,77000.0,annual_assumed,Original salary: $43K-$77K (Glassdoor est.); currency: USD; period: annual_assumed,"Estimated minimum below USD 60,000",False
DA-01721,"Jacksonville, FL",40000.0,72000.0,annual_assumed,Original salary: $40K-$72K (Glassdoor est.); currency: USD; period: annual_assumed,"Estimated minimum below USD 60,000",False
DA-01722,"Jacksonville, FL",40000.0,72000.0,annual_assumed,Original salary: $40K-$72K (Glassdoor est.); currency: USD; period: annual_assumed,"Estimated minimum below USD 60,000",False
DA-01723,"Jacksonville, FL",40000.0,72000.0,annual_assumed,Original salary: $40K-$72K (Glassdoor est.); currency: USD; period: annual_assumed,"Estimated minimum below USD 60,000",False
DA-01724,"Jacksonville, FL",40000.0,72000.0,annual_assumed,Original salary: $40K-$72K (Glassdoor est.); currency: USD; period: annual_assumed,"Estimated minimum below USD 60,000",False
DA-01725,"Jacksonville, FL",40000.0,72000.0,annual_assumed,Original salary: $40K-$72K (Glassdoor est.); currency: USD; period: annual_assumed,"Estimated minimum below USD 60,000",False
DA-01726,"Jacksonville, FL",40000.0,72000.0,annual_assumed,Original salary: $40K-$72K (Glassdoor est.); currency: USD; period: annual_assumed,"Estimated minimum below USD 60,000",False
DA-01727,"Jacksonville, FL",40000.0,72000.0,annual_assumed,Original salary: $40K-$72K (Glassdoor est.); currency: USD; period: annual_assumed,"Estimated minimum below USD 60,000",False
DA-01728,"Jacksonville, FL",40000.0,72000.0,annual_assumed,Original salary: $40K-$72K (Glassdoor est.); currency: USD; period: annual_assumed,"Estimated minimum below USD 60,000",False
DA-01729,"Jacksonville, FL",40000.0,72000.0,annual_assumed,Original salary: $40K-$72K (Glassdoor est.); currency: USD; period: annual_assumed,"Estimated minimum below USD 60,000",False
DA-01730,"Jacksonville, FL",40000.0,72000.0,annual_assumed,Original salary: $40K-$72K (Glassdoor est.); currency: USD; period: annual_assumed,"Estimated minimum below USD 60,000",False
DA-01731,"Jacksonville, FL",40000.0,72000.0,annual_assumed,Original salary: $40K-$72K (Glassdoor est.); currency: USD; period: annual_assumed,"Estimated minimum below USD 60,000",False
DA-01732,"Jacksonville, FL",40000.0,72000.0,annual_assumed,Original salary: $40K-$72K (Glassdoor est.); currency: USD; period: annual_assumed,"Estimated minimum below USD 60,000",False
DA-01733,"Jacksonville, FL",40000.0,72000.0,annual_assumed,Original salary: $40K-$72K (Glassdoor est.); currency: USD; period: annual_assumed,"Estimated minimum below USD 60,000",False
DA-01734,"Jacksonville, FL",40000.0,72000.0,annual_assumed,Original salary: $40K-$72K (Glassdoor est.); currency: USD; period: annual_assumed,"Estimated minimum below USD 60,000",False
DA-01735,"Jacksonville, FL",40000.0,72000.0,annual_assumed,Original salary: $40K-$72K (Glassdoor est.); currency: USD; period: annual_assumed,"Estimated minimum below USD 60,000",False
DA-01736,"Jacksonville, FL",40000.0,72000.0,annual_assumed,Original salary: $40K-$72K (Glassdoor est.); currency: USD; period: annual_assumed,"Estimated minimum below USD 60,000",False
DA-01737,"Jacksonville, FL",40000.0,72000.0,annual_assumed,Original salary: $40K-$72K (Glassdoor est.); currency: USD; period: annual_assumed,"Estimated minimum below USD 60,000",False
DA-01738,"Jacksonville, FL",40000.0,72000.0,annual_assumed,Original salary: $40K-$72K (Glassdoor est.); currency: USD; period: annual_assumed,"Estimated minimum below USD 60,000",False
DA-01739,"Jacksonville, FL",40000.0,72000.0,annual_assumed,Original salary: $40K-$72K (Glassdoor est.); currency: USD; period: annual_assumed,"Estimated minimum below USD 60,000",False
DA-01740,"Fort Worth, TX",50000.0,86000.0,annual_assumed,Original salary: $50K-$86K (Glassdoor est.); currency: USD; period: annual_assumed,"Estimated minimum below USD 60,000",False
DA-01741,"Fort Worth, TX",50000.0,86000.0,annual_assumed,Original salary: $50K-$86K (Glassdoor est.); currency: USD; period: annual_assumed,"Estimated minimum below USD 60,000",False
DA-01742,"Fort Worth, TX",50000.0,86000.0,annual_assumed,Original salary: $50K-$86K (Glassdoor est.); currency: USD; period: annual_assumed,"Estimated minimum below USD 60,000",False
DA-01743,"Fort Worth, TX",50000.0,86000.0,annual_assumed,Original salary: $50K-$86K (Glassdoor est.); currency: USD; period: annual_assumed,"Estimated minimum below USD 60,000",False
DA-01744,"Fort Worth, TX",50000.0,86000.0,annual_assumed,Original salary: $50K-$86K (Glassdoor est.); currency: USD; period: annual_assumed,"Estimated minimum below USD 60,000",False
DA-01745,"Fort Worth, TX",50000.0,86000.0,annual_assumed,Original salary: $50K-$86K (Glassdoor est.); currency: USD; period: annual_assumed,"Estimated minimum below USD 60,000",False
DA-01746,"Irving, TX",50000.0,86000.0,annual_assumed,Original salary: $50K-$86K (Glassdoor est.); currency: USD; period: annual_assumed,"Estimated minimum below USD 60,000",False
DA-01747,"Fort Worth, TX",50000.0,86000.0,annual_assumed,Original salary: $50K-$86K (Glassdoor est.); currency: USD; period: annual_assumed,"Estimated minimum below USD 60,000",False
DA-01748,"Fort Worth, TX",50000.0,86000.0,annual_assumed,Original salary: $50K-$86K (Glassdoor est.); currency: USD; period: annual_assumed,"Estimated minimum below USD 60,000",False
DA-01749,"Fort Worth, TX",50000.0,86000.0,annual_assumed,Original salary: $50K-$86K (Glassdoor est.); currency: USD; period: annual_assumed,"Estimated minimum below USD 60,000",False
DA-01750,"Roanoke, TX",50000.0,86000.0,annual_assumed,Original salary: $50K-$86K (Glassdoor est.); currency: USD; period: annual_assumed,"Estimated minimum below USD 60,000",False
DA-01751,"Fort Worth, TX",35000.0,67000.0,annual_assumed,Original salary: $35K-$67K (Glassdoor est.); currency: USD; period: annual_assumed,"Estimated minimum below USD 60,000",False
DA-01752,"Fort Worth, TX",35000.0,67000.0,annual_assumed,Original salary: $35K-$67K (Glassdoor est.); currency: USD; period: annual_assumed,"Estimated minimum below USD 60,000",False
DA-01753,"Fort Worth, TX",35000.0,67000.0,annual_assumed,Original salary: $35K-$67K (Glassdoor est.); currency: USD; period: annual_assumed,"Estimated minimum below USD 60,000",False
DA-01754,"Westlake, TX",35000.0,67000.0,annual_assumed,Original salary: $35K-$67K (Glassdoor est.); currency: USD; period: annual_assumed,"Estimated minimum below USD 60,000",False
DA-01755,"Fort Worth, TX",35000.0,67000.0,annual_assumed,Original salary: $35K-$67K (Glassdoor est.); currency: USD; period: annual_assumed,"Estimated minimum below USD 60,000",False
DA-01756,"Fort Worth, TX",35000.0,67000.0,annual_assumed,Original salary: $35K-$67K (Glassdoor est.); currency: USD; period: annual_assumed,"Estimated minimum below USD 60,000",False
DA-01757,"Fort Worth, TX",35000.0,67000.0,annual_assumed,Original salary: $35K-$67K (Glassdoor est.); currency: USD; period: annual_assumed,"Estimated minimum below USD 60,000",False
DA-01759,"Westlake, TX",57000.0,70000.0,annual_assumed,Original salary: $57K-$70K (Glassdoor est.); currency: USD; period: annual_assumed,"Estimated minimum below USD 60,000",False
DA-01760,"Columbus, OH",28000.0,52000.0,annual_assumed,Original salary: $28K-$52K (Glassdoor est.); currency: USD; period: annual_assumed,"Estimated minimum below USD 60,000",False
DA-01761,"Columbus, OH",28000.0,52000.0,annual_assumed,Original salary: $28K-$52K (Glassdoor est.); currency: USD; period: annual_assumed,"Estimated minimum below USD 60,000",False
DA-01762,"Columbus, OH",28000.0,52000.0,annual_assumed,Original salary: $28K-$52K (Glassdoor est.); currency: USD; period: annual_assumed,"Estimated minimum below USD 60,000",False
DA-01763,"Columbus, OH",28000.0,52000.0,annual_assumed,Original salary: $28K-$52K (Glassdoor est.); currency: USD; period: annual_assumed,"Estimated minimum below USD 60,000",False
DA-01764,"Columbus, OH",28000.0,52000.0,annual_assumed,Original salary: $28K-$52K (Glassdoor est.); currency: USD; period: annual_assumed,"Estimated minimum below USD 60,000",False
DA-01765,"Columbus, OH",28000.0,52000.0,annual_assumed,Original salary: $28K-$52K (Glassdoor est.); currency: USD; period: annual_assumed,"Estimated minimum below USD 60,000",False
DA-01766,"Columbus, OH",28000.0,52000.0,annual_assumed,Original salary: $28K-$52K (Glassdoor est.); currency: USD; period: annual_assumed,"Estimated minimum below USD 60,000",False
DA-01767,"Westerville, OH",28000.0,52000.0,annual_assumed,Original salary: $28K-$52K (Glassdoor est.); currency: USD; period: annual_assumed,"Estimated minimum below USD 60,000",False
DA-01768,"Columbus, OH",28000.0,52000.0,annual_assumed,Original salary: $28K-$52K (Glassdoor est.); currency: USD; period: annual_assumed,"Estimated minimum below USD 60,000",False
DA-01769,"Columbus, OH",28000.0,52000.0,annual_assumed,Original salary: $28K-$52K (Glassdoor est.); currency: USD; period: annual_assumed,"Estimated minimum below USD 60,000",False
DA-01770,"Columbus, OH",28000.0,52000.0,annual_assumed,Original salary: $28K-$52K (Glassdoor est.); currency: USD; period: annual_assumed,"Estimated minimum below USD 60,000",False
DA-01771,"Hilliard, OH",28000.0,52000.0,annual_assumed,Original salary: $28K-$52K (Glassdoor est.); currency: USD; period: annual_assumed,"Estimated minimum below USD 60,000",False
DA-01772,"Columbus, OH",28000.0,52000.0,annual_assumed,Original salary: $28K-$52K (Glassdoor est.); currency: USD; period: annual_assumed,"Estimated minimum below USD 60,000",False
DA-01773,"Columbus, OH",28000.0,52000.0,annual_assumed,Original salary: $28K-$52K (Glassdoor est.); currency: USD; period: annual_assumed,"Estimated minimum below USD 60,000",False
DA-01774,"Columbus, OH",28000.0,52000.0,annual_assumed,Original salary: $28K-$52K (Glassdoor est.); currency: USD; period: annual_assumed,"Estimated minimum below USD 60,000",False
DA-01775,"Columbus, OH",28000.0,52000.0,annual_assumed,Original salary: $28K-$52K (Glassdoor est.); currency: USD; period: annual_assumed,"Estimated minimum below USD 60,000",False
DA-01776,"Columbus, OH",28000.0,52000.0,annual_assumed,Original salary: $28K-$52K (Glassdoor est.); currency: USD; period: annual_assumed,"Estimated minimum below USD 60,000",False
DA-01777,"Columbus, OH",28000.0,52000.0,annual_assumed,Original salary: $28K-$52K (Glassdoor est.); currency: USD; period: annual_assumed,"Estimated minimum below USD 60,000",False
DA-01778,"Columbus, OH",28000.0,52000.0,annual_assumed,Original salary: $28K-$52K (Glassdoor est.); currency: USD; period: annual_assumed,"Estimated minimum below USD 60,000",False
DA-01779,"Dublin, OH",28000.0,52000.0,annual_assumed,Original salary: $28K-$52K (Glassdoor est.); currency: USD; period: annual_assumed,"Estimated minimum below USD 60,000",False
DA-01780,"Columbus, OH",28000.0,52000.0,annual_assumed,Original salary: $28K-$52K (Glassdoor est.); currency: USD; period: annual_assumed,"Estimated minimum below USD 60,000",False
DA-01781,"Columbus, OH",28000.0,52000.0,annual_assumed,Original salary: $28K-$52K (Glassdoor est.); currency: USD; period: annual_assumed,"Estimated minimum below USD 60,000",False
DA-01782,"Columbus, OH",28000.0,52000.0,annual_assumed,Original salary: $28K-$52K (Glassdoor est.); currency: USD; period: annual_assumed,"Estimated minimum below USD 60,000",False
DA-01783,"Columbus, OH",28000.0,52000.0,annual_assumed,Original salary: $28K-$52K (Glassdoor est.); currency: USD; period: annual_assumed,"Estimated minimum below USD 60,000",False
DA-01784,"Hilliard, OH",28000.0,52000.0,annual_assumed,Original salary: $28K-$52K (Glassdoor est.); currency: USD; period: annual_assumed,"Estimated minimum below USD 60,000",False
DA-01785,"Columbus, OH",28000.0,52000.0,annual_assumed,Original salary: $28K-$52K (Glassdoor est.); currency: USD; period: annual_assumed,"Estimated minimum below USD 60,000",False
DA-01786,"Dublin, OH",28000.0,52000.0,annual_assumed,Original salary: $28K-$52K (Glassdoor est.); currency: USD; period: annual_assumed,"Estimated minimum below USD 60,000",False
DA-01787,"Columbus, OH",28000.0,52000.0,annual_assumed,Original salary: $28K-$52K (Glassdoor est.); currency: USD; period: annual_assumed,"Estimated minimum below USD 60,000",False
DA-01788,"Columbus, OH",46000.0,86000.0,annual_assumed,Original salary: $46K-$86K (Glassdoor est.); currency: USD; period: annual_assumed,"Estimated minimum below USD 60,000",False
DA-01789,"Columbus, OH",46000.0,86000.0,annual_assumed,Original salary: $46K-$86K (Glassdoor est.); currency: USD; period: annual_assumed,"Estimated minimum below USD 60,000",False
DA-01790,"Columbus, OH",46000.0,86000.0,annual_assumed,Original salary: $46K-$86K (Glassdoor est.); currency: USD; period: annual_assumed,"Estimated minimum below USD 60,000",False
DA-01791,"Columbus, OH",46000.0,86000.0,annual_assumed,Original salary: $46K-$86K (Glassdoor est.); currency: USD; period: annual_assumed,"Estimated minimum below USD 60,000",False
DA-01792,"Columbus, OH",46000.0,86000.0,annual_assumed,Original salary: $46K-$86K (Glassdoor est.); currency: USD; period: annual_assumed,"Estimated minimum below USD 60,000",False
DA-01793,"Columbus, OH",46000.0,86000.0,annual_assumed,Original salary: $46K-$86K (Glassdoor est.); currency: USD; period: annual_assumed,"Estimated minimum below USD 60,000",False
DA-01794,"Westerville, OH",46000.0,86000.0,annual_assumed,Original salary: $46K-$86K (Glassdoor est.); currency: USD; period: annual_assumed,"Estimated minimum below USD 60,000",False
DA-01795,"Charlotte, NC",50000.0,86000.0,annual_assumed,Original salary: $50K-$86K (Glassdoor est.); currency: USD; period: annual_assumed,"Estimated minimum below USD 60,000",False
DA-01796,"Charlotte, NC",50000.0,86000.0,annual_assumed,Original salary: $50K-$86K (Glassdoor est.); currency: USD; period: annual_assumed,"Estimated minimum below USD 60,000",False
DA-01797,"Charlotte, NC",50000.0,86000.0,annual_assumed,Original salary: $50K-$86K (Glassdoor est.); currency: USD; period: annual_assumed,"Estimated minimum below USD 60,000",False
DA-01798,"Charlotte, NC",50000.0,86000.0,annual_assumed,Original salary: $50K-$86K (Glassdoor est.); currency: USD; period: annual_assumed,"Estimated minimum below USD 60,000",False
DA-01799,"Charlotte, NC",50000.0,86000.0,annual_assumed,Original salary: $50K-$86K (Glassdoor est.); currency: USD; period: annual_assumed,"Estimated minimum below USD 60,000",False
DA-01800,"Mooresville, NC",50000.0,86000.0,annual_assumed,Original salary: $50K-$86K (Glassdoor est.); currency: USD; period: annual_assumed,"Estimated minimum below USD 60,000",False
DA-01801,"Charlotte, NC",50000.0,86000.0,annual_assumed,Original salary: $50K-$86K (Glassdoor est.); currency: USD; period: annual_assumed,"Estimated minimum below USD 60,000",False
DA-01802,"Charlotte, NC",50000.0,86000.0,annual_assumed,Original salary: $50K-$86K (Glassdoor est.); currency: USD; period: annual_assumed,"Estimated minimum below USD 60,000",False
DA-01803,"Charlotte, NC",50000.0,86000.0,annual_assumed,Original salary: $50K-$86K (Glassdoor est.); currency: USD; period: annual_assumed,"Estimated minimum below USD 60,000",False
DA-01804,"Charlotte, NC",50000.0,86000.0,annual_assumed,Original salary: $50K-$86K (Glassdoor est.); currency: USD; period: annual_assumed,"Estimated minimum below USD 60,000",False
DA-01805,"Charlotte, NC",50000.0,86000.0,annual_assumed,Original salary: $50K-$86K (Glassdoor est.); currency: USD; period: annual_assumed,"Estimated minimum below USD 60,000",False
DA-01806,"Charlotte, NC",50000.0,86000.0,annual_assumed,Original salary: $50K-$86K (Glassdoor est.); currency: USD; period: annual_assumed,"Estimated minimum below USD 60,000",False
DA-01807,"Charlotte, NC",50000.0,86000.0,annual_assumed,Original salary: $50K-$86K (Glassdoor est.); currency: USD; period: annual_assumed,"Estimated minimum below USD 60,000",False
DA-01808,"Charlotte, NC",50000.0,86000.0,annual_assumed,Original salary: $50K-$86K (Glassdoor est.); currency: USD; period: annual_assumed,"Estimated minimum below USD 60,000",False
DA-01809,"Charlotte, NC",50000.0,86000.0,annual_assumed,Original salary: $50K-$86K (Glassdoor est.); currency: USD; period: annual_assumed,"Estimated minimum below USD 60,000",False
DA-01810,"Charlotte, NC",50000.0,86000.0,annual_assumed,Original salary: $50K-$86K (Glassdoor est.); currency: USD; period: annual_assumed,"Estimated minimum below USD 60,000",False
DA-01811,"Charlotte, NC",50000.0,86000.0,annual_assumed,Original salary: $50K-$86K (Glassdoor est.); currency: USD; period: annual_assumed,"Estimated minimum below USD 60,000",False
DA-01812,"Charlotte, NC",50000.0,86000.0,annual_assumed,Original salary: $50K-$86K (Glassdoor est.); currency: USD; period: annual_assumed,"Estimated minimum below USD 60,000",False
DA-01813,"Charlotte, NC",50000.0,86000.0,annual_assumed,Original salary: $50K-$86K (Glassdoor est.); currency: USD; period: annual_assumed,"Estimated minimum below USD 60,000",False
DA-01814,"Charlotte, NC",50000.0,86000.0,annual_assumed,Original salary: $50K-$86K (Glassdoor est.); currency: USD; period: annual_assumed,"Estimated minimum below USD 60,000",False
DA-01815,"Charlotte, NC",50000.0,86000.0,annual_assumed,Original salary: $50K-$86K (Glassdoor est.); currency: USD; period: annual_assumed,"Estimated minimum below USD 60,000",False
DA-01816,"Charlotte, NC",50000.0,86000.0,annual_assumed,Original salary: $50K-$86K (Glassdoor est.); currency: USD; period: annual_assumed,"Estimated minimum below USD 60,000",False
DA-01817,"Charlotte, NC",50000.0,86000.0,annual_assumed,Original salary: $50K-$86K (Glassdoor est.); currency: USD; period: annual_assumed,"Estimated minimum below USD 60,000",False
DA-01818,"Charlotte, NC",50000.0,86000.0,annual_assumed,Original salary: $50K-$86K (Glassdoor est.); currency: USD; period: annual_assumed,"Estimated minimum below USD 60,000",False
DA-01819,"Charlotte, NC",50000.0,86000.0,annual_assumed,Original salary: $50K-$86K (Glassdoor est.); currency: USD; period: annual_assumed,"Estimated minimum below USD 60,000",False
DA-01820,"Charlotte, NC",50000.0,86000.0,annual_assumed,Original salary: $50K-$86K (Glassdoor est.); currency: USD; period: annual_assumed,"Estimated minimum below USD 60,000",False
DA-01821,"Charlotte, NC",50000.0,86000.0,annual_assumed,Original salary: $50K-$86K (Glassdoor est.); currency: USD; period: annual_assumed,"Estimated minimum below USD 60,000",False
DA-01822,"Charlotte, NC",50000.0,86000.0,annual_assumed,Original salary: $50K-$86K (Glassdoor est.); currency: USD; period: annual_assumed,"Estimated minimum below USD 60,000",False
DA-01823,"Charlotte, NC",50000.0,86000.0,annual_assumed,Original salary: $50K-$86K (Glassdoor est.); currency: USD; period: annual_assumed,"Estimated minimum below USD 60,000",False
DA-01824,"Charlotte, NC",50000.0,86000.0,annual_assumed,Original salary: $50K-$86K (Glassdoor est.); currency: USD; period: annual_assumed,"Estimated minimum below USD 60,000",False
DA-01825,"Charlotte, NC",54000.0,75000.0,annual_assumed,Original salary: $54K-$75K (Glassdoor est.); currency: USD; period: annual_assumed,"Estimated minimum below USD 60,000",False
DA-01826,"Charlotte, NC",54000.0,75000.0,annual_assumed,Original salary: $54K-$75K (Glassdoor est.); currency: USD; period: annual_assumed,"Estimated minimum below USD 60,000",False
DA-01827,"Huntersville, NC",54000.0,75000.0,annual_assumed,Original salary: $54K-$75K (Glassdoor est.); currency: USD; period: annual_assumed,"Estimated minimum below USD 60,000",False
DA-01828,"Charlotte, NC",54000.0,75000.0,annual_assumed,Original salary: $54K-$75K (Glassdoor est.); currency: USD; period: annual_assumed,"Estimated minimum below USD 60,000",False
DA-01829,"Charlotte, NC",54000.0,75000.0,annual_assumed,Original salary: $54K-$75K (Glassdoor est.); currency: USD; period: annual_assumed,"Estimated minimum below USD 60,000",False
DA-01830,"Charlotte, NC",54000.0,75000.0,annual_assumed,Original salary: $54K-$75K (Glassdoor est.); currency: USD; period: annual_assumed,"Estimated minimum below USD 60,000",False
DA-01831,"Charlotte, NC",54000.0,75000.0,annual_assumed,Original salary: $54K-$75K (Glassdoor est.); currency: USD; period: annual_assumed,"Estimated minimum below USD 60,000",False
DA-01832,"Fort Mill, SC",54000.0,75000.0,annual_assumed,Original salary: $54K-$75K (Glassdoor est.); currency: USD; period: annual_assumed,"Estimated minimum below USD 60,000",False
DA-01833,"Fort Mill, SC",54000.0,75000.0,annual_assumed,Original salary: $54K-$75K (Glassdoor est.); currency: USD; period: annual_assumed,"Estimated minimum below USD 60,000",False
DA-01834,"Charlotte, NC",54000.0,75000.0,annual_assumed,Original salary: $54K-$75K (Glassdoor est.); currency: USD; period: annual_assumed,"Estimated minimum below USD 60,000",False
DA-01835,"Charlotte, NC",54000.0,75000.0,annual_assumed,Original salary: $54K-$75K (Glassdoor est.); currency: USD; period: annual_assumed,"Estimated minimum below USD 60,000",False
DA-01836,"Charlotte, NC",54000.0,75000.0,annual_assumed,Original salary: $54K-$75K (Glassdoor est.); currency: USD; period: annual_assumed,"Estimated minimum below USD 60,000",False
DA-01837,"Indian Trail, NC",54000.0,75000.0,annual_assumed,Original salary: $54K-$75K (Glassdoor est.); currency: USD; period: annual_assumed,"Estimated minimum below USD 60,000",False
DA-01838,"Charlotte, NC",54000.0,75000.0,annual_assumed,Original salary: $54K-$75K (Glassdoor est.); currency: USD; period: annual_assumed,"Estimated minimum below USD 60,000",False
DA-01839,"Charlotte, NC",54000.0,75000.0,annual_assumed,Original salary: $54K-$75K (Glassdoor est.); currency: USD; period: annual_assumed,"Estimated minimum below USD 60,000",False
DA-01840,"Huntersville, NC",54000.0,75000.0,annual_assumed,Original salary: $54K-$75K (Glassdoor est.); currency: USD; period: annual_assumed,"Estimated minimum below USD 60,000",False
DA-01841,"Charlotte, NC",54000.0,75000.0,annual_assumed,Original salary: $54K-$75K (Glassdoor est.); currency: USD; period: annual_assumed,"Estimated minimum below USD 60,000",False
DA-01842,"Charlotte, NC",54000.0,75000.0,annual_assumed,Original salary: $54K-$75K (Glassdoor est.); currency: USD; period: annual_assumed,"Estimated minimum below USD 60,000",False
DA-01843,"Charlotte, NC",54000.0,75000.0,annual_assumed,Original salary: $54K-$75K (Glassdoor est.); currency: USD; period: annual_assumed,"Estimated minimum below USD 60,000",False
DA-01844,"Charlotte, NC",54000.0,75000.0,annual_assumed,Original salary: $54K-$75K (Glassdoor est.); currency: USD; period: annual_assumed,"Estimated minimum below USD 60,000",False
DA-01845,"Charlotte, NC",54000.0,75000.0,annual_assumed,Original salary: $54K-$75K (Glassdoor est.); currency: USD; period: annual_assumed,"Estimated minimum below USD 60,000",False
DA-01846,"Charlotte, NC",54000.0,75000.0,annual_assumed,Original salary: $54K-$75K (Glassdoor est.); currency: USD; period: annual_assumed,"Estimated minimum below USD 60,000",False
DA-01847,"Charlotte, NC",54000.0,75000.0,annual_assumed,Original salary: $54K-$75K (Glassdoor est.); currency: USD; period: annual_assumed,"Estimated minimum below USD 60,000",False
DA-01848,"Charlotte, NC",54000.0,75000.0,annual_assumed,Original salary: $54K-$75K (Glassdoor est.); currency: USD; period: annual_assumed,"Estimated minimum below USD 60,000",False
DA-01849,"Charlotte, NC",54000.0,75000.0,annual_assumed,Original salary: $54K-$75K (Glassdoor est.); currency: USD; period: annual_assumed,"Estimated minimum below USD 60,000",False
DA-01850,"Charlotte, NC",54000.0,75000.0,annual_assumed,Original salary: $54K-$75K (Glassdoor est.); currency: USD; period: annual_assumed,"Estimated minimum below USD 60,000",False
DA-01851,"Charlotte, NC",54000.0,75000.0,annual_assumed,Original salary: $54K-$75K (Glassdoor est.); currency: USD; period: annual_assumed,"Estimated minimum below USD 60,000",False
DA-01852,"Charlotte, NC",54000.0,75000.0,annual_assumed,Original salary: $54K-$75K (Glassdoor est.); currency: USD; period: annual_assumed,"Estimated minimum below USD 60,000",False
DA-01853,"Fort Mill, SC",53000.0,99000.0,annual_assumed,Original salary: $53K-$99K (Glassdoor est.); currency: USD; period: annual_assumed,"Estimated minimum below USD 60,000",False
DA-01854,"Huntersville, NC",53000.0,99000.0,annual_assumed,Original salary: $53K-$99K (Glassdoor est.); currency: USD; period: annual_assumed,"Estimated minimum below USD 60,000",False
DA-01855,"Charlotte, NC",53000.0,99000.0,annual_assumed,Original salary: $53K-$99K (Glassdoor est.); currency: USD; period: annual_assumed,"Estimated minimum below USD 60,000",False
DA-01856,"Charlotte, NC",53000.0,99000.0,annual_assumed,Original salary: $53K-$99K (Glassdoor est.); currency: USD; period: annual_assumed,"Estimated minimum below USD 60,000",False
DA-01857,"Charlotte, NC",53000.0,99000.0,annual_assumed,Original salary: $53K-$99K (Glassdoor est.); currency: USD; period: annual_assumed,"Estimated minimum below USD 60,000",False
DA-01858,"Charlotte, NC",53000.0,99000.0,annual_assumed,Original salary: $53K-$99K (Glassdoor est.); currency: USD; period: annual_assumed,"Estimated minimum below USD 60,000",False
DA-01859,"Charlotte, NC",53000.0,99000.0,annual_assumed,Original salary: $53K-$99K (Glassdoor est.); currency: USD; period: annual_assumed,"Estimated minimum below USD 60,000",False
DA-01860,"Mooresville, NC",53000.0,99000.0,annual_assumed,Original salary: $53K-$99K (Glassdoor est.); currency: USD; period: annual_assumed,"Estimated minimum below USD 60,000",False
DA-01861,"Charlotte, NC",53000.0,99000.0,annual_assumed,Original salary: $53K-$99K (Glassdoor est.); currency: USD; period: annual_assumed,"Estimated minimum below USD 60,000",False
DA-01862,"Mooresville, NC",53000.0,99000.0,annual_assumed,Original salary: $53K-$99K (Glassdoor est.); currency: USD; period: annual_assumed,"Estimated minimum below USD 60,000",False
DA-01863,"Charlotte, NC",53000.0,99000.0,annual_assumed,Original salary: $53K-$99K (Glassdoor est.); currency: USD; period: annual_assumed,"Estimated minimum below USD 60,000",False
DA-01864,"Huntersville, NC",53000.0,99000.0,annual_assumed,Original salary: $53K-$99K (Glassdoor est.); currency: USD; period: annual_assumed,"Estimated minimum below USD 60,000",False
DA-01865,"Charlotte, NC",53000.0,99000.0,annual_assumed,Original salary: $53K-$99K (Glassdoor est.); currency: USD; period: annual_assumed,"Estimated minimum below USD 60,000",False
DA-01866,"Charlotte, NC",53000.0,99000.0,annual_assumed,Original salary: $53K-$99K (Glassdoor est.); currency: USD; period: annual_assumed,"Estimated minimum below USD 60,000",False
DA-01867,"Charlotte, NC",53000.0,99000.0,annual_assumed,Original salary: $53K-$99K (Glassdoor est.); currency: USD; period: annual_assumed,"Estimated minimum below USD 60,000",False
DA-01868,"Charlotte, NC",53000.0,99000.0,annual_assumed,Original salary: $53K-$99K (Glassdoor est.); currency: USD; period: annual_assumed,"Estimated minimum below USD 60,000",False
DA-01869,"Charlotte, NC",53000.0,99000.0,annual_assumed,Original salary: $53K-$99K (Glassdoor est.); currency: USD; period: annual_assumed,"Estimated minimum below USD 60,000",False
DA-01870,"Charlotte, NC",53000.0,99000.0,annual_assumed,Original salary: $53K-$99K (Glassdoor est.); currency: USD; period: annual_assumed,"Estimated minimum below USD 60,000",False
DA-01871,"Mooresville, NC",53000.0,99000.0,annual_assumed,Original salary: $53K-$99K (Glassdoor est.); currency: USD; period: annual_assumed,"Estimated minimum below USD 60,000",False
DA-01872,"Charlotte, NC",53000.0,99000.0,annual_assumed,Original salary: $53K-$99K (Glassdoor est.); currency: USD; period: annual_assumed,"Estimated minimum below USD 60,000",False
DA-01873,"Charlotte, NC",53000.0,99000.0,annual_assumed,Original salary: $53K-$99K (Glassdoor est.); currency: USD; period: annual_assumed,"Estimated minimum below USD 60,000",False
DA-01874,"Charlotte, NC",53000.0,99000.0,annual_assumed,Original salary: $53K-$99K (Glassdoor est.); currency: USD; period: annual_assumed,"Estimated minimum below USD 60,000",False
DA-01875,"Charlotte, NC",53000.0,99000.0,annual_assumed,Original salary: $53K-$99K (Glassdoor est.); currency: USD; period: annual_assumed,"Estimated minimum below USD 60,000",False
DA-01876,"Charlotte, NC",53000.0,99000.0,annual_assumed,Original salary: $53K-$99K (Glassdoor est.); currency: USD; period: annual_assumed,"Estimated minimum below USD 60,000",False
DA-01877,"Charlotte, NC",53000.0,99000.0,annual_assumed,Original salary: $53K-$99K (Glassdoor est.); currency: USD; period: annual_assumed,"Estimated minimum below USD 60,000",False
DA-01878,"Charlotte, NC",53000.0,99000.0,annual_assumed,Original salary: $53K-$99K (Glassdoor est.); currency: USD; period: annual_assumed,"Estimated minimum below USD 60,000",False
DA-01879,"Charlotte, NC",40000.0,74000.0,annual_assumed,Original salary: $40K-$74K (Glassdoor est.); currency: USD; period: annual_assumed,"Estimated minimum below USD 60,000",False
DA-01880,"Mooresville, NC",40000.0,74000.0,annual_assumed,Original salary: $40K-$74K (Glassdoor est.); currency: USD; period: annual_assumed,"Estimated minimum below USD 60,000",False
DA-01881,"Charlotte, NC",40000.0,74000.0,annual_assumed,Original salary: $40K-$74K (Glassdoor est.); currency: USD; period: annual_assumed,"Estimated minimum below USD 60,000",False
DA-01882,"Charlotte, NC",40000.0,74000.0,annual_assumed,Original salary: $40K-$74K (Glassdoor est.); currency: USD; period: annual_assumed,"Estimated minimum below USD 60,000",False
DA-01883,"Charlotte, NC",40000.0,74000.0,annual_assumed,Original salary: $40K-$74K (Glassdoor est.); currency: USD; period: annual_assumed,"Estimated minimum below USD 60,000",False
DA-01884,"Charlotte, NC",40000.0,74000.0,annual_assumed,Original salary: $40K-$74K (Glassdoor est.); currency: USD; period: annual_assumed,"Estimated minimum below USD 60,000",False
DA-01885,"Mooresville, NC",40000.0,74000.0,annual_assumed,Original salary: $40K-$74K (Glassdoor est.); currency: USD; period: annual_assumed,"Estimated minimum below USD 60,000",False
DA-01886,"Charlotte, NC",40000.0,74000.0,annual_assumed,Original salary: $40K-$74K (Glassdoor est.); currency: USD; period: annual_assumed,"Estimated minimum below USD 60,000",False
DA-01887,"Mooresville, NC",40000.0,74000.0,annual_assumed,Original salary: $40K-$74K (Glassdoor est.); currency: USD; period: annual_assumed,"Estimated minimum below USD 60,000",False
DA-01888,"San Francisco, CA",57000.0,104000.0,annual_assumed,Original salary: $57K-$104K (Glassdoor est.); currency: USD; period: annual_assumed,"Estimated minimum below USD 60,000",False
DA-01889,"San Rafael, CA",57000.0,104000.0,annual_assumed,Original salary: $57K-$104K (Glassdoor est.); currency: USD; period: annual_assumed,"Estimated minimum below USD 60,000",False
DA-01890,"San Francisco, CA",57000.0,104000.0,annual_assumed,Original salary: $57K-$104K (Glassdoor est.); currency: USD; period: annual_assumed,"Estimated minimum below USD 60,000",False
DA-01891,"San Mateo, CA",57000.0,104000.0,annual_assumed,Original salary: $57K-$104K (Glassdoor est.); currency: USD; period: annual_assumed,"Estimated minimum below USD 60,000",False
DA-01892,"San Francisco, CA",57000.0,104000.0,annual_assumed,Original salary: $57K-$104K (Glassdoor est.); currency: USD; period: annual_assumed,"Estimated minimum below USD 60,000",False
DA-01893,"Oakland, CA",57000.0,104000.0,annual_assumed,Original salary: $57K-$104K (Glassdoor est.); currency: USD; period: annual_assumed,"Estimated minimum below USD 60,000",False
DA-01894,"San Mateo, CA",57000.0,104000.0,annual_assumed,Original salary: $57K-$104K (Glassdoor est.); currency: USD; period: annual_assumed,"Estimated minimum below USD 60,000",False
DA-01895,"San Francisco, CA",57000.0,104000.0,annual_assumed,Original salary: $57K-$104K (Glassdoor est.); currency: USD; period: annual_assumed,"Estimated minimum below USD 60,000",False
DA-01896,"San Mateo, CA",57000.0,104000.0,annual_assumed,Original salary: $57K-$104K (Glassdoor est.); currency: USD; period: annual_assumed,"Estimated minimum below USD 60,000",False
DA-01897,"San Francisco, CA",57000.0,104000.0,annual_assumed,Original salary: $57K-$104K (Glassdoor est.); currency: USD; period: annual_assumed,"Estimated minimum below USD 60,000",False
DA-01898,"San Francisco, CA",57000.0,104000.0,annual_assumed,Original salary: $57K-$104K (Glassdoor est.); currency: USD; period: annual_assumed,"Estimated minimum below USD 60,000",False
DA-01899,"San Francisco, CA",57000.0,104000.0,annual_assumed,Original salary: $57K-$104K (Glassdoor est.); currency: USD; period: annual_assumed,"Estimated minimum below USD 60,000",False
DA-01900,"San Francisco, CA",57000.0,104000.0,annual_assumed,Original salary: $57K-$104K (Glassdoor est.); currency: USD; period: annual_assumed,"Estimated minimum below USD 60,000",False
DA-01901,"San Francisco, CA",57000.0,104000.0,annual_assumed,Original salary: $57K-$104K (Glassdoor est.); currency: USD; period: annual_assumed,"Estimated minimum below USD 60,000",False
DA-01902,"San Francisco, CA",57000.0,104000.0,annual_assumed,Original salary: $57K-$104K (Glassdoor est.); currency: USD; period: annual_assumed,"Estimated minimum below USD 60,000",False
DA-01903,"San Francisco, CA",57000.0,104000.0,annual_assumed,Original salary: $57K-$104K (Glassdoor est.); currency: USD; period: annual_assumed,"Estimated minimum below USD 60,000",False
DA-01904,"San Francisco, CA",57000.0,104000.0,annual_assumed,Original salary: $57K-$104K (Glassdoor est.); currency: USD; period: annual_assumed,"Estimated minimum below USD 60,000",False
DA-01905,"San Francisco, CA",57000.0,104000.0,annual_assumed,Original salary: $57K-$104K (Glassdoor est.); currency: USD; period: annual_assumed,"Estimated minimum below USD 60,000",False
DA-01906,"San Francisco, CA",57000.0,104000.0,annual_assumed,Original salary: $57K-$104K (Glassdoor est.); currency: USD; period: annual_assumed,"Estimated minimum below USD 60,000",False
DA-01907,"San Francisco, CA",57000.0,104000.0,annual_assumed,Original salary: $57K-$104K (Glassdoor est.); currency: USD; period: annual_assumed,"Estimated minimum below USD 60,000",False
DA-01908,"San Francisco, CA",57000.0,104000.0,annual_assumed,Original salary: $57K-$104K (Glassdoor est.); currency: USD; period: annual_assumed,"Estimated minimum below USD 60,000",False
DA-01909,"San Francisco, CA",57000.0,104000.0,annual_assumed,Original salary: $57K-$104K (Glassdoor est.); currency: USD; period: annual_assumed,"Estimated minimum below USD 60,000",False
DA-01910,"San Francisco, CA",57000.0,104000.0,annual_assumed,Original salary: $57K-$104K (Glassdoor est.); currency: USD; period: annual_assumed,"Estimated minimum below USD 60,000",False
DA-01911,"San Mateo, CA",57000.0,104000.0,annual_assumed,Original salary: $57K-$104K (Glassdoor est.); currency: USD; period: annual_assumed,"Estimated minimum below USD 60,000",False
DA-01912,"San Francisco, CA",57000.0,104000.0,annual_assumed,Original salary: $57K-$104K (Glassdoor est.); currency: USD; period: annual_assumed,"Estimated minimum below USD 60,000",False
DA-01913,"San Francisco, CA",57000.0,104000.0,annual_assumed,Original salary: $57K-$104K (Glassdoor est.); currency: USD; period: annual_assumed,"Estimated minimum below USD 60,000",False
DA-01914,"San Francisco, CA",57000.0,104000.0,annual_assumed,Original salary: $57K-$104K (Glassdoor est.); currency: USD; period: annual_assumed,"Estimated minimum below USD 60,000",False
DA-01915,"San Francisco, CA",99000.0,178000.0,annual_assumed,Original salary: $99K-$178K (Glassdoor est.); currency: USD; period: annual_assumed,"Eligible: estimated minimum >= USD 60,000",True
DA-01916,"San Francisco, CA",99000.0,178000.0,annual_assumed,Original salary: $99K-$178K (Glassdoor est.); currency: USD; period: annual_assumed,"Eligible: estimated minimum >= USD 60,000",True
DA-01917,"San Francisco, CA",99000.0,178000.0,annual_assumed,Original salary: $99K-$178K (Glassdoor est.); currency: USD; period: annual_assumed,"Eligible: estimated minimum >= USD 60,000",True
DA-01918,"San Francisco, CA",99000.0,178000.0,annual_assumed,Original salary: $99K-$178K (Glassdoor est.); currency: USD; period: annual_assumed,"Eligible: estimated minimum >= USD 60,000",True
DA-01919,"San Francisco, CA",99000.0,178000.0,annual_assumed,Original salary: $99K-$178K (Glassdoor est.); currency: USD; period: annual_assumed,"Eligible: estimated minimum >= USD 60,000",True
DA-01920,"San Francisco, CA",99000.0,178000.0,annual_assumed,Original salary: $99K-$178K (Glassdoor est.); currency: USD; period: annual_assumed,"Eligible: estimated minimum >= USD 60,000",True
DA-01921,"San Francisco, CA",99000.0,178000.0,annual_assumed,Original salary: $99K-$178K (Glassdoor est.); currency: USD; period: annual_assumed,"Eligible: estimated minimum >= USD 60,000",True
DA-01922,"San Francisco, CA",99000.0,178000.0,annual_assumed,Original salary: $99K-$178K (Glassdoor est.); currency: USD; period: annual_assumed,"Eligible: estimated minimum >= USD 60,000",True
DA-01923,"San Francisco, CA",99000.0,178000.0,annual_assumed,Original salary: $99K-$178K (Glassdoor est.); currency: USD; period: annual_assumed,"Eligible: estimated minimum >= USD 60,000",True
DA-01924,"San Francisco, CA",99000.0,178000.0,annual_assumed,Original salary: $99K-$178K (Glassdoor est.); currency: USD; period: annual_assumed,"Eligible: estimated minimum >= USD 60,000",True
DA-01925,"San Francisco, CA",99000.0,178000.0,annual_assumed,Original salary: $99K-$178K (Glassdoor est.); currency: USD; period: annual_assumed,"Eligible: estimated minimum >= USD 60,000",True
DA-01926,"San Francisco, CA",99000.0,178000.0,annual_assumed,Original salary: $99K-$178K (Glassdoor est.); currency: USD; period: annual_assumed,"Eligible: estimated minimum >= USD 60,000",True
DA-01927,"San Mateo, CA",99000.0,178000.0,annual_assumed,Original salary: $99K-$178K (Glassdoor est.); currency: USD; period: annual_assumed,"Eligible: estimated minimum >= USD 60,000",True
DA-01928,"San Francisco, CA",99000.0,178000.0,annual_assumed,Original salary: $99K-$178K (Glassdoor est.); currency: USD; period: annual_assumed,"Eligible: estimated minimum >= USD 60,000",True
DA-01929,"San Francisco, CA",99000.0,178000.0,annual_assumed,Original salary: $99K-$178K (Glassdoor est.); currency: USD; period: annual_assumed,"Eligible: estimated minimum >= USD 60,000",True
DA-01930,"San Francisco, CA",99000.0,178000.0,annual_assumed,Original salary: $99K-$178K (Glassdoor est.); currency: USD; period: annual_assumed,"Eligible: estimated minimum >= USD 60,000",True
DA-01931,"San Francisco, CA",99000.0,178000.0,annual_assumed,Original salary: $99K-$178K (Glassdoor est.); currency: USD; period: annual_assumed,"Eligible: estimated minimum >= USD 60,000",True
DA-01932,"San Francisco, CA",99000.0,178000.0,annual_assumed,Original salary: $99K-$178K (Glassdoor est.); currency: USD; period: annual_assumed,"Eligible: estimated minimum >= USD 60,000",True
DA-01933,"San Francisco, CA",99000.0,178000.0,annual_assumed,Original salary: $99K-$178K (Glassdoor est.); currency: USD; period: annual_assumed,"Eligible: estimated minimum >= USD 60,000",True
DA-01934,"Oakland, CA",99000.0,178000.0,annual_assumed,Original salary: $99K-$178K (Glassdoor est.); currency: USD; period: annual_assumed,"Eligible: estimated minimum >= USD 60,000",True
DA-01935,"San Francisco, CA",99000.0,178000.0,annual_assumed,Original salary: $99K-$178K (Glassdoor est.); currency: USD; period: annual_assumed,"Eligible: estimated minimum >= USD 60,000",True
DA-01936,"San Francisco, CA",99000.0,178000.0,annual_assumed,Original salary: $99K-$178K (Glassdoor est.); currency: USD; period: annual_assumed,"Eligible: estimated minimum >= USD 60,000",True
DA-01937,"San Francisco, CA",99000.0,178000.0,annual_assumed,Original salary: $99K-$178K (Glassdoor est.); currency: USD; period: annual_assumed,"Eligible: estimated minimum >= USD 60,000",True
DA-01938,"Berkeley, CA",99000.0,178000.0,annual_assumed,Original salary: $99K-$178K (Glassdoor est.); currency: USD; period: annual_assumed,"Eligible: estimated minimum >= USD 60,000",True
DA-01939,"San Francisco, CA",99000.0,178000.0,annual_assumed,Original salary: $99K-$178K (Glassdoor est.); currency: USD; period: annual_assumed,"Eligible: estimated minimum >= USD 60,000",True
DA-01940,"Oakland, CA",99000.0,178000.0,annual_assumed,Original salary: $99K-$178K (Glassdoor est.); currency: USD; period: annual_assumed,"Eligible: estimated minimum >= USD 60,000",True
DA-01941,"San Francisco, CA",99000.0,178000.0,annual_assumed,Original salary: $99K-$178K (Glassdoor est.); currency: USD; period: annual_assumed,"Eligible: estimated minimum >= USD 60,000",True
DA-01942,"San Francisco, CA",99000.0,178000.0,annual_assumed,Original salary: $99K-$178K (Glassdoor est.); currency: USD; period: annual_assumed,"Eligible: estimated minimum >= USD 60,000",True
DA-01943,"Oakland, CA",93000.0,159000.0,annual_assumed,Original salary: $93K-$159K (Glassdoor est.); currency: USD; period: annual_assumed,"Eligible: estimated minimum >= USD 60,000",True
DA-01944,"San Francisco, CA",93000.0,159000.0,annual_assumed,Original salary: $93K-$159K (Glassdoor est.); currency: USD; period: annual_assumed,"Eligible: estimated minimum >= USD 60,000",True
DA-01945,"San Francisco, CA",93000.0,159000.0,annual_assumed,Original salary: $93K-$159K (Glassdoor est.); currency: USD; period: annual_assumed,"Eligible: estimated minimum >= USD 60,000",True
DA-01946,"San Francisco, CA",93000.0,159000.0,annual_assumed,Original salary: $93K-$159K (Glassdoor est.); currency: USD; period: annual_assumed,"Eligible: estimated minimum >= USD 60,000",True
DA-01947,"San Francisco, CA",93000.0,159000.0,annual_assumed,Original salary: $93K-$159K (Glassdoor est.); currency: USD; period: annual_assumed,"Eligible: estimated minimum >= USD 60,000",True
DA-01948,"San Francisco, CA",93000.0,159000.0,annual_assumed,Original salary: $93K-$159K (Glassdoor est.); currency: USD; period: annual_assumed,"Eligible: estimated minimum >= USD 60,000",True
DA-01949,"San Francisco, CA",93000.0,159000.0,annual_assumed,Original salary: $93K-$159K (Glassdoor est.); currency: USD; period: annual_assumed,"Eligible: estimated minimum >= USD 60,000",True
DA-01950,"San Francisco, CA",93000.0,159000.0,annual_assumed,Original salary: $93K-$159K (Glassdoor est.); currency: USD; period: annual_assumed,"Eligible: estimated minimum >= USD 60,000",True
DA-01951,"San Francisco, CA",93000.0,159000.0,annual_assumed,Original salary: $93K-$159K (Glassdoor est.); currency: USD; period: annual_assumed,"Eligible: estimated minimum >= USD 60,000",True
DA-01952,"Burlingame, CA",93000.0,159000.0,annual_assumed,Original salary: $93K-$159K (Glassdoor est.); currency: USD; period: annual_assumed,"Eligible: estimated minimum >= USD 60,000",True
DA-01953,"San Francisco, CA",93000.0,159000.0,annual_assumed,Original salary: $93K-$159K (Glassdoor est.); currency: USD; period: annual_assumed,"Eligible: estimated minimum >= USD 60,000",True
DA-01954,"San Francisco, CA",93000.0,159000.0,annual_assumed,Original salary: $93K-$159K (Glassdoor est.); currency: USD; period: annual_assumed,"Eligible: estimated minimum >= USD 60,000",True
DA-01955,"San Francisco, CA",93000.0,159000.0,annual_assumed,Original salary: $93K-$159K (Glassdoor est.); currency: USD; period: annual_assumed,"Eligible: estimated minimum >= USD 60,000",True
DA-01956,"San Mateo, CA",93000.0,159000.0,annual_assumed,Original salary: $93K-$159K (Glassdoor est.); currency: USD; period: annual_assumed,"Eligible: estimated minimum >= USD 60,000",True
DA-01957,"San Mateo, CA",93000.0,159000.0,annual_assumed,Original salary: $93K-$159K (Glassdoor est.); currency: USD; period: annual_assumed,"Eligible: estimated minimum >= USD 60,000",True
DA-01958,"Foster City, CA",93000.0,159000.0,annual_assumed,Original salary: $93K-$159K (Glassdoor est.); currency: USD; period: annual_assumed,"Eligible: estimated minimum >= USD 60,000",True
DA-01959,"San Francisco, CA",93000.0,159000.0,annual_assumed,Original salary: $93K-$159K (Glassdoor est.); currency: USD; period: annual_assumed,"Eligible: estimated minimum >= USD 60,000",True
DA-01960,"Marin City, CA",93000.0,159000.0,annual_assumed,Original salary: $93K-$159K (Glassdoor est.); currency: USD; period: annual_assumed,"Eligible: estimated minimum >= USD 60,000",True
DA-01961,"San Francisco, CA",93000.0,159000.0,annual_assumed,Original salary: $93K-$159K (Glassdoor est.); currency: USD; period: annual_assumed,"Eligible: estimated minimum >= USD 60,000",True
DA-01962,"San Francisco, CA",93000.0,159000.0,annual_assumed,Original salary: $93K-$159K (Glassdoor est.); currency: USD; period: annual_assumed,"Eligible: estimated minimum >= USD 60,000",True
DA-01963,"San Francisco, CA",93000.0,159000.0,annual_assumed,Original salary: $93K-$159K (Glassdoor est.); currency: USD; period: annual_assumed,"Eligible: estimated minimum >= USD 60,000",True
DA-01964,"San Francisco, CA",93000.0,159000.0,annual_assumed,Original salary: $93K-$159K (Glassdoor est.); currency: USD; period: annual_assumed,"Eligible: estimated minimum >= USD 60,000",True
DA-01965,"Daly City, CA",93000.0,159000.0,annual_assumed,Original salary: $93K-$159K (Glassdoor est.); currency: USD; period: annual_assumed,"Eligible: estimated minimum >= USD 60,000",True
DA-01966,"South San Francisco, CA",93000.0,159000.0,annual_assumed,Original salary: $93K-$159K (Glassdoor est.); currency: USD; period: annual_assumed,"Eligible: estimated minimum >= USD 60,000",True
DA-01967,"San Francisco, CA",93000.0,159000.0,annual_assumed,Original salary: $93K-$159K (Glassdoor est.); currency: USD; period: annual_assumed,"Eligible: estimated minimum >= USD 60,000",True
DA-01968,"San Francisco, CA",82000.0,116000.0,annual_assumed,Original salary: $82K-$116K (Glassdoor est.); currency: USD; period: annual_assumed,"Eligible: estimated minimum >= USD 60,000",True
DA-01969,"San Mateo, CA",82000.0,116000.0,annual_assumed,Original salary: $82K-$116K (Glassdoor est.); currency: USD; period: annual_assumed,"Eligible: estimated minimum >= USD 60,000",True
DA-01970,"San Francisco, CA",82000.0,116000.0,annual_assumed,Original salary: $82K-$116K (Glassdoor est.); currency: USD; period: annual_assumed,"Eligible: estimated minimum >= USD 60,000",True
DA-01971,"San Francisco, CA",82000.0,116000.0,annual_assumed,Original salary: $82K-$116K (Glassdoor est.); currency: USD; period: annual_assumed,"Eligible: estimated minimum >= USD 60,000",True
DA-01972,"Foster City, CA",82000.0,116000.0,annual_assumed,Original salary: $82K-$116K (Glassdoor est.); currency: USD; period: annual_assumed,"Eligible: estimated minimum >= USD 60,000",True
DA-01973,"Foster City, CA",82000.0,116000.0,annual_assumed,Original salary: $82K-$116K (Glassdoor est.); currency: USD; period: annual_assumed,"Eligible: estimated minimum >= USD 60,000",True
DA-01974,"San Francisco, CA",82000.0,116000.0,annual_assumed,Original salary: $82K-$116K (Glassdoor est.); currency: USD; period: annual_assumed,"Eligible: estimated minimum >= USD 60,000",True
DA-01975,"Burlingame, CA",82000.0,116000.0,annual_assumed,Original salary: $82K-$116K (Glassdoor est.); currency: USD; period: annual_assumed,"Eligible: estimated minimum >= USD 60,000",True
DA-01976,"San Francisco, CA",82000.0,116000.0,annual_assumed,Original salary: $82K-$116K (Glassdoor est.); currency: USD; period: annual_assumed,"Eligible: estimated minimum >= USD 60,000",True
DA-01977,"San Bruno, CA",82000.0,116000.0,annual_assumed,Original salary: $82K-$116K (Glassdoor est.); currency: USD; period: annual_assumed,"Eligible: estimated minimum >= USD 60,000",True
DA-01978,"Oakland, CA",82000.0,116000.0,annual_assumed,Original salary: $82K-$116K (Glassdoor est.); currency: USD; period: annual_assumed,"Eligible: estimated minimum >= USD 60,000",True
DA-01979,"San Mateo, CA",82000.0,116000.0,annual_assumed,Original salary: $82K-$116K (Glassdoor est.); currency: USD; period: annual_assumed,"Eligible: estimated minimum >= USD 60,000",True
DA-01980,"Emeryville, CA",82000.0,116000.0,annual_assumed,Original salary: $82K-$116K (Glassdoor est.); currency: USD; period: annual_assumed,"Eligible: estimated minimum >= USD 60,000",True
DA-01981,"San Francisco, CA",82000.0,116000.0,annual_assumed,Original salary: $82K-$116K (Glassdoor est.); currency: USD; period: annual_assumed,"Eligible: estimated minimum >= USD 60,000",True
DA-01982,"San Francisco, CA",82000.0,116000.0,annual_assumed,Original salary: $82K-$116K (Glassdoor est.); currency: USD; period: annual_assumed,"Eligible: estimated minimum >= USD 60,000",True
DA-01983,"San Francisco, CA",82000.0,116000.0,annual_assumed,Original salary: $82K-$116K (Glassdoor est.); currency: USD; period: annual_assumed,"Eligible: estimated minimum >= USD 60,000",True
DA-01984,"San Francisco, CA",82000.0,116000.0,annual_assumed,Original salary: $82K-$116K (Glassdoor est.); currency: USD; period: annual_assumed,"Eligible: estimated minimum >= USD 60,000",True
DA-01985,"Burlingame, CA",82000.0,116000.0,annual_assumed,Original salary: $82K-$116K (Glassdoor est.); currency: USD; period: annual_assumed,"Eligible: estimated minimum >= USD 60,000",True
DA-01986,"San Francisco, CA",82000.0,116000.0,annual_assumed,Original salary: $82K-$116K (Glassdoor est.); currency: USD; period: annual_assumed,"Eligible: estimated minimum >= USD 60,000",True
DA-01987,"San Mateo, CA",82000.0,116000.0,annual_assumed,Original salary: $82K-$116K (Glassdoor est.); currency: USD; period: annual_assumed,"Eligible: estimated minimum >= USD 60,000",True
DA-01988,"Oakland, CA",82000.0,116000.0,annual_assumed,Original salary: $82K-$116K (Glassdoor est.); currency: USD; period: annual_assumed,"Eligible: estimated minimum >= USD 60,000",True
DA-01989,"San Francisco, CA",82000.0,116000.0,annual_assumed,Original salary: $82K-$116K (Glassdoor est.); currency: USD; period: annual_assumed,"Eligible: estimated minimum >= USD 60,000",True
DA-01990,"San Francisco, CA",82000.0,116000.0,annual_assumed,Original salary: $82K-$116K (Glassdoor est.); currency: USD; period: annual_assumed,"Eligible: estimated minimum >= USD 60,000",True
DA-01991,"Novato, CA",82000.0,116000.0,annual_assumed,Original salary: $82K-$116K (Glassdoor est.); currency: USD; period: annual_assumed,"Eligible: estimated minimum >= USD 60,000",True
DA-01992,"Foster City, CA",82000.0,116000.0,annual_assumed,Original salary: $82K-$116K (Glassdoor est.); currency: USD; period: annual_assumed,"Eligible: estimated minimum >= USD 60,000",True
DA-01993,"San Francisco, CA",82000.0,116000.0,annual_assumed,Original salary: $82K-$116K (Glassdoor est.); currency: USD; period: annual_assumed,"Eligible: estimated minimum >= USD 60,000",True
DA-01994,"San Francisco, CA",82000.0,116000.0,annual_assumed,Original salary: $82K-$116K (Glassdoor est.); currency: USD; period: annual_assumed,"Eligible: estimated minimum >= USD 60,000",True
DA-01995,"San Mateo, CA",82000.0,116000.0,annual_assumed,Original salary: $82K-$116K (Glassdoor est.); currency: USD; period: annual_assumed,"Eligible: estimated minimum >= USD 60,000",True
DA-01996,"San Francisco, CA",65000.0,120000.0,annual_assumed,Original salary: $65K-$120K (Glassdoor est.); currency: USD; period: annual_assumed,"Eligible: estimated minimum >= USD 60,000",True
DA-01997,"San Francisco, CA",65000.0,120000.0,annual_assumed,Original salary: $65K-$120K (Glassdoor est.); currency: USD; period: annual_assumed,"Eligible: estimated minimum >= USD 60,000",True
DA-01998,"Millbrae, CA",65000.0,120000.0,annual_assumed,Original salary: $65K-$120K (Glassdoor est.); currency: USD; period: annual_assumed,"Eligible: estimated minimum >= USD 60,000",True
DA-01999,"San Mateo, CA",65000.0,120000.0,annual_assumed,Original salary: $65K-$120K (Glassdoor est.); currency: USD; period: annual_assumed,"Eligible: estimated minimum >= USD 60,000",True
DA-02000,"San Francisco, CA",65000.0,120000.0,annual_assumed,Original salary: $65K-$120K (Glassdoor est.); currency: USD; period: annual_assumed,"Eligible: estimated minimum >= USD 60,000",True
DA-02001,"San Francisco, CA",65000.0,120000.0,annual_assumed,Original salary: $65K-$120K (Glassdoor est.); currency: USD; period: annual_assumed,"Eligible: estimated minimum >= USD 60,000",True
DA-02002,"San Francisco, CA",65000.0,120000.0,annual_assumed,Original salary: $65K-$120K (Glassdoor est.); currency: USD; period: annual_assumed,"Eligible: estimated minimum >= USD 60,000",True
DA-02003,"San Francisco, CA",65000.0,120000.0,annual_assumed,Original salary: $65K-$120K (Glassdoor est.); currency: USD; period: annual_assumed,"Eligible: estimated minimum >= USD 60,000",True
DA-02004,"San Mateo, CA",65000.0,120000.0,annual_assumed,Original salary: $65K-$120K (Glassdoor est.); currency: USD; period: annual_assumed,"Eligible: estimated minimum >= USD 60,000",True
DA-02005,"Oakland, CA",65000.0,120000.0,annual_assumed,Original salary: $65K-$120K (Glassdoor est.); currency: USD; period: annual_assumed,"Eligible: estimated minimum >= USD 60,000",True
DA-02006,"San Francisco, CA",65000.0,120000.0,annual_assumed,Original salary: $65K-$120K (Glassdoor est.); currency: USD; period: annual_assumed,"Eligible: estimated minimum >= USD 60,000",True
DA-02007,"San Francisco, CA",65000.0,120000.0,annual_assumed,Original salary: $65K-$120K (Glassdoor est.); currency: USD; period: annual_assumed,"Eligible: estimated minimum >= USD 60,000",True
DA-02008,"San Francisco, CA",65000.0,120000.0,annual_assumed,Original salary: $65K-$120K (Glassdoor est.); currency: USD; period: annual_assumed,"Eligible: estimated minimum >= USD 60,000",True
DA-02009,"San Francisco, CA",65000.0,120000.0,annual_assumed,Original salary: $65K-$120K (Glassdoor est.); currency: USD; period: annual_assumed,"Eligible: estimated minimum >= USD 60,000",True
DA-02010,"San Francisco, CA",65000.0,120000.0,annual_assumed,Original salary: $65K-$120K (Glassdoor est.); currency: USD; period: annual_assumed,"Eligible: estimated minimum >= USD 60,000",True
DA-02011,"San Francisco, CA",65000.0,120000.0,annual_assumed,Original salary: $65K-$120K (Glassdoor est.); currency: USD; period: annual_assumed,"Eligible: estimated minimum >= USD 60,000",True
DA-02012,"San Ramon, CA",65000.0,120000.0,annual_assumed,Original salary: $65K-$120K (Glassdoor est.); currency: USD; period: annual_assumed,"Eligible: estimated minimum >= USD 60,000",True
DA-02013,"Hercules, CA",65000.0,120000.0,annual_assumed,Original salary: $65K-$120K (Glassdoor est.); currency: USD; period: annual_assumed,"Eligible: estimated minimum >= USD 60,000",True
DA-02014,"South San Francisco, CA",65000.0,120000.0,annual_assumed,Original salary: $65K-$120K (Glassdoor est.); currency: USD; period: annual_assumed,"Eligible: estimated minimum >= USD 60,000",True
DA-02015,"San Francisco, CA",65000.0,120000.0,annual_assumed,Original salary: $65K-$120K (Glassdoor est.); currency: USD; period: annual_assumed,"Eligible: estimated minimum >= USD 60,000",True
DA-02016,"San Francisco, CA",65000.0,120000.0,annual_assumed,Original salary: $65K-$120K (Glassdoor est.); currency: USD; period: annual_assumed,"Eligible: estimated minimum >= USD 60,000",True
DA-02017,"San Francisco, CA",65000.0,120000.0,annual_assumed,Original salary: $65K-$120K (Glassdoor est.); currency: USD; period: annual_assumed,"Eligible: estimated minimum >= USD 60,000",True
DA-02018,"San Francisco, CA",65000.0,120000.0,annual_assumed,Original salary: $65K-$120K (Glassdoor est.); currency: USD; period: annual_assumed,"Eligible: estimated minimum >= USD 60,000",True
DA-02019,"San Francisco, CA",65000.0,120000.0,annual_assumed,Original salary: $65K-$120K (Glassdoor est.); currency: USD; period: annual_assumed,"Eligible: estimated minimum >= USD 60,000",True
DA-02020,"San Mateo, CA",65000.0,120000.0,annual_assumed,Original salary: $65K-$120K (Glassdoor est.); currency: USD; period: annual_assumed,"Eligible: estimated minimum >= USD 60,000",True
DA-02021,"Foster City, CA",65000.0,120000.0,annual_assumed,Original salary: $65K-$120K (Glassdoor est.); currency: USD; period: annual_assumed,"Eligible: estimated minimum >= USD 60,000",True
DA-02022,"San Francisco, CA",65000.0,120000.0,annual_assumed,Original salary: $65K-$120K (Glassdoor est.); currency: USD; period: annual_assumed,"Eligible: estimated minimum >= USD 60,000",True
DA-02023,"Berkeley, CA",65000.0,120000.0,annual_assumed,Original salary: $65K-$120K (Glassdoor est.); currency: USD; period: annual_assumed,"Eligible: estimated minimum >= USD 60,000",True
DA-02024,"San Francisco, CA",46000.0,86000.0,annual_assumed,Original salary: $46K-$86K (Glassdoor est.); currency: USD; period: annual_assumed,"Estimated minimum below USD 60,000",False
DA-02025,"San Francisco, CA",46000.0,86000.0,annual_assumed,Original salary: $46K-$86K (Glassdoor est.); currency: USD; period: annual_assumed,"Estimated minimum below USD 60,000",False
DA-02026,"San Francisco, CA",46000.0,86000.0,annual_assumed,Original salary: $46K-$86K (Glassdoor est.); currency: USD; period: annual_assumed,"Estimated minimum below USD 60,000",False
DA-02027,"San Francisco, CA",46000.0,86000.0,annual_assumed,Original salary: $46K-$86K (Glassdoor est.); currency: USD; period: annual_assumed,"Estimated minimum below USD 60,000",False
DA-02028,"Oakland, CA",46000.0,86000.0,annual_assumed,Original salary: $46K-$86K (Glassdoor est.); currency: USD; period: annual_assumed,"Estimated minimum below USD 60,000",False
DA-02029,"San Mateo, CA",46000.0,86000.0,annual_assumed,Original salary: $46K-$86K (Glassdoor est.); currency: USD; period: annual_assumed,"Estimated minimum below USD 60,000",False
DA-02030,"San Francisco, CA",46000.0,86000.0,annual_assumed,Original salary: $46K-$86K (Glassdoor est.); currency: USD; period: annual_assumed,"Estimated minimum below USD 60,000",False
DA-02031,"San Francisco, CA",46000.0,86000.0,annual_assumed,Original salary: $46K-$86K (Glassdoor est.); currency: USD; period: annual_assumed,"Estimated minimum below USD 60,000",False
DA-02032,"Foster City, CA",46000.0,86000.0,annual_assumed,Original salary: $46K-$86K (Glassdoor est.); currency: USD; period: annual_assumed,"Estimated minimum below USD 60,000",False
DA-02033,"San Francisco, CA",46000.0,86000.0,annual_assumed,Original salary: $46K-$86K (Glassdoor est.); currency: USD; period: annual_assumed,"Estimated minimum below USD 60,000",False
DA-02034,"Foster City, CA",46000.0,86000.0,annual_assumed,Original salary: $46K-$86K (Glassdoor est.); currency: USD; period: annual_assumed,"Estimated minimum below USD 60,000",False
DA-02035,"San Francisco, CA",46000.0,86000.0,annual_assumed,Original salary: $46K-$86K (Glassdoor est.); currency: USD; period: annual_assumed,"Estimated minimum below USD 60,000",False
DA-02036,"San Francisco, CA",46000.0,86000.0,annual_assumed,Original salary: $46K-$86K (Glassdoor est.); currency: USD; period: annual_assumed,"Estimated minimum below USD 60,000",False
DA-02037,"San Mateo, CA",46000.0,86000.0,annual_assumed,Original salary: $46K-$86K (Glassdoor est.); currency: USD; period: annual_assumed,"Estimated minimum below USD 60,000",False
DA-02038,"San Ramon, CA",46000.0,86000.0,annual_assumed,Original salary: $46K-$86K (Glassdoor est.); currency: USD; period: annual_assumed,"Estimated minimum below USD 60,000",False
DA-02039,"San Francisco, CA",46000.0,86000.0,annual_assumed,Original salary: $46K-$86K (Glassdoor est.); currency: USD; period: annual_assumed,"Estimated minimum below USD 60,000",False
DA-02040,"San Francisco, CA",46000.0,86000.0,annual_assumed,Original salary: $46K-$86K (Glassdoor est.); currency: USD; period: annual_assumed,"Estimated minimum below USD 60,000",False
DA-02041,"San Francisco, CA",46000.0,86000.0,annual_assumed,Original salary: $46K-$86K (Glassdoor est.); currency: USD; period: annual_assumed,"Estimated minimum below USD 60,000",False
DA-02042,"San Francisco, CA",46000.0,86000.0,annual_assumed,Original salary: $46K-$86K (Glassdoor est.); currency: USD; period: annual_assumed,"Estimated minimum below USD 60,000",False
DA-02043,"San Francisco, CA",46000.0,86000.0,annual_assumed,Original salary: $46K-$86K (Glassdoor est.); currency: USD; period: annual_assumed,"Estimated minimum below USD 60,000",False
DA-02044,"San Francisco, CA",46000.0,86000.0,annual_assumed,Original salary: $46K-$86K (Glassdoor est.); currency: USD; period: annual_assumed,"Estimated minimum below USD 60,000",False
DA-02045,"San Francisco, CA",46000.0,86000.0,annual_assumed,Original salary: $46K-$86K (Glassdoor est.); currency: USD; period: annual_assumed,"Estimated minimum below USD 60,000",False
DA-02046,"San Francisco, CA",46000.0,86000.0,annual_assumed,Original salary: $46K-$86K (Glassdoor est.); currency: USD; period: annual_assumed,"Estimated minimum below USD 60,000",False
DA-02047,"Oakland, CA",47000.0,74000.0,annual_assumed,Original salary: $47K-$74K (Glassdoor est.); currency: USD; period: annual_assumed,"Estimated minimum below USD 60,000",False
DA-02048,"San Mateo, CA",47000.0,74000.0,annual_assumed,Original salary: $47K-$74K (Glassdoor est.); currency: USD; period: annual_assumed,"Estimated minimum below USD 60,000",False
DA-02049,"Oakland, CA",47000.0,74000.0,annual_assumed,Original salary: $47K-$74K (Glassdoor est.); currency: USD; period: annual_assumed,"Estimated minimum below USD 60,000",False
DA-02050,"San Francisco, CA",47000.0,74000.0,annual_assumed,Original salary: $47K-$74K (Glassdoor est.); currency: USD; period: annual_assumed,"Estimated minimum below USD 60,000",False
DA-02051,"San Francisco, CA",47000.0,74000.0,annual_assumed,Original salary: $47K-$74K (Glassdoor est.); currency: USD; period: annual_assumed,"Estimated minimum below USD 60,000",False
DA-02052,"South San Francisco, CA",47000.0,74000.0,annual_assumed,Original salary: $47K-$74K (Glassdoor est.); currency: USD; period: annual_assumed,"Estimated minimum below USD 60,000",False
DA-02053,"Foster City, CA",47000.0,74000.0,annual_assumed,Original salary: $47K-$74K (Glassdoor est.); currency: USD; period: annual_assumed,"Estimated minimum below USD 60,000",False
DA-02054,"Alameda, CA",47000.0,74000.0,annual_assumed,Original salary: $47K-$74K (Glassdoor est.); currency: USD; period: annual_assumed,"Estimated minimum below USD 60,000",False
DA-02055,"Oakland, CA",47000.0,74000.0,annual_assumed,Original salary: $47K-$74K (Glassdoor est.); currency: USD; period: annual_assumed,"Estimated minimum below USD 60,000",False
DA-02056,"Walnut Creek, CA",47000.0,74000.0,annual_assumed,Original salary: $47K-$74K (Glassdoor est.); currency: USD; period: annual_assumed,"Estimated minimum below USD 60,000",False
DA-02057,"San Francisco, CA",47000.0,74000.0,annual_assumed,Original salary: $47K-$74K (Glassdoor est.); currency: USD; period: annual_assumed,"Estimated minimum below USD 60,000",False
DA-02058,"Burlingame, CA",47000.0,74000.0,annual_assumed,Original salary: $47K-$74K (Glassdoor est.); currency: USD; period: annual_assumed,"Estimated minimum below USD 60,000",False
DA-02059,"South San Francisco, CA",47000.0,74000.0,annual_assumed,Original salary: $47K-$74K (Glassdoor est.); currency: USD; period: annual_assumed,"Estimated minimum below USD 60,000",False
DA-02060,"South San Francisco, CA",47000.0,74000.0,annual_assumed,Original salary: $47K-$74K (Glassdoor est.); currency: USD; period: annual_assumed,"Estimated minimum below USD 60,000",False
DA-02061,"San Francisco, CA",47000.0,74000.0,annual_assumed,Original salary: $47K-$74K (Glassdoor est.); currency: USD; period: annual_assumed,"Estimated minimum below USD 60,000",False
DA-02062,"San Ramon, CA",47000.0,74000.0,annual_assumed,Original salary: $47K-$74K (Glassdoor est.); currency: USD; period: annual_assumed,"Estimated minimum below USD 60,000",False
DA-02063,"San Francisco, CA",47000.0,74000.0,annual_assumed,Original salary: $47K-$74K (Glassdoor est.); currency: USD; period: annual_assumed,"Estimated minimum below USD 60,000",False
DA-02064,"San Francisco, CA",47000.0,74000.0,annual_assumed,Original salary: $47K-$74K (Glassdoor est.); currency: USD; period: annual_assumed,"Estimated minimum below USD 60,000",False
DA-02065,"Foster City, CA",47000.0,74000.0,annual_assumed,Original salary: $47K-$74K (Glassdoor est.); currency: USD; period: annual_assumed,"Estimated minimum below USD 60,000",False
DA-02066,"Walnut Creek, CA",47000.0,74000.0,annual_assumed,Original salary: $47K-$74K (Glassdoor est.); currency: USD; period: annual_assumed,"Estimated minimum below USD 60,000",False
DA-02067,"San Francisco, CA",47000.0,74000.0,annual_assumed,Original salary: $47K-$74K (Glassdoor est.); currency: USD; period: annual_assumed,"Estimated minimum below USD 60,000",False
DA-02068,"South San Francisco, CA",47000.0,74000.0,annual_assumed,Original salary: $47K-$74K (Glassdoor est.); currency: USD; period: annual_assumed,"Estimated minimum below USD 60,000",False
DA-02069,"San Rafael, CA",47000.0,74000.0,annual_assumed,Original salary: $47K-$74K (Glassdoor est.); currency: USD; period: annual_assumed,"Estimated minimum below USD 60,000",False
DA-02070,"Redwood City, CA",47000.0,74000.0,annual_assumed,Original salary: $47K-$74K (Glassdoor est.); currency: USD; period: annual_assumed,"Estimated minimum below USD 60,000",False
DA-02071,"San Mateo, CA",47000.0,74000.0,annual_assumed,Original salary: $47K-$74K (Glassdoor est.); currency: USD; period: annual_assumed,"Estimated minimum below USD 60,000",False
DA-02072,"San Francisco, CA",47000.0,74000.0,annual_assumed,Original salary: $47K-$74K (Glassdoor est.); currency: USD; period: annual_assumed,"Estimated minimum below USD 60,000",False
DA-02073,"Carmel, IN",34000.0,61000.0,annual_assumed,Original salary: $34K-$61K (Glassdoor est.); currency: USD; period: annual_assumed,"Estimated minimum below USD 60,000",False
DA-02074,"Indianapolis, IN",34000.0,61000.0,annual_assumed,Original salary: $34K-$61K (Glassdoor est.); currency: USD; period: annual_assumed,"Estimated minimum below USD 60,000",False
DA-02075,"Indianapolis, IN",34000.0,61000.0,annual_assumed,Original salary: $34K-$61K (Glassdoor est.); currency: USD; period: annual_assumed,"Estimated minimum below USD 60,000",False
DA-02076,"Indianapolis, IN",34000.0,61000.0,annual_assumed,Original salary: $34K-$61K (Glassdoor est.); currency: USD; period: annual_assumed,"Estimated minimum below USD 60,000",False
DA-02077,"Indianapolis, IN",34000.0,61000.0,annual_assumed,Original salary: $34K-$61K (Glassdoor est.); currency: USD; period: annual_assumed,"Estimated minimum below USD 60,000",False
DA-02078,"Indianapolis, IN",34000.0,61000.0,annual_assumed,Original salary: $34K-$61K (Glassdoor est.); currency: USD; period: annual_assumed,"Estimated minimum below USD 60,000",False
DA-02079,"Indianapolis, IN",34000.0,61000.0,annual_assumed,Original salary: $34K-$61K (Glassdoor est.); currency: USD; period: annual_assumed,"Estimated minimum below USD 60,000",False
DA-02080,"Indianapolis, IN",34000.0,61000.0,annual_assumed,Original salary: $34K-$61K (Glassdoor est.); currency: USD; period: annual_assumed,"Estimated minimum below USD 60,000",False
DA-02081,"Indianapolis, IN",34000.0,61000.0,annual_assumed,Original salary: $34K-$61K (Glassdoor est.); currency: USD; period: annual_assumed,"Estimated minimum below USD 60,000",False
DA-02082,"Indianapolis, IN",34000.0,61000.0,annual_assumed,Original salary: $34K-$61K (Glassdoor est.); currency: USD; period: annual_assumed,"Estimated minimum below USD 60,000",False
DA-02083,"Indianapolis, IN",34000.0,61000.0,annual_assumed,Original salary: $34K-$61K (Glassdoor est.); currency: USD; period: annual_assumed,"Estimated minimum below USD 60,000",False
DA-02084,"Indianapolis, IN",34000.0,61000.0,annual_assumed,Original salary: $34K-$61K (Glassdoor est.); currency: USD; period: annual_assumed,"Estimated minimum below USD 60,000",False
DA-02085,"Indianapolis, IN",34000.0,61000.0,annual_assumed,Original salary: $34K-$61K (Glassdoor est.); currency: USD; period: annual_assumed,"Estimated minimum below USD 60,000",False
DA-02086,"Indianapolis, IN",34000.0,61000.0,annual_assumed,Original salary: $34K-$61K (Glassdoor est.); currency: USD; period: annual_assumed,"Estimated minimum below USD 60,000",False
DA-02087,"Whitestown, IN",34000.0,61000.0,annual_assumed,Original salary: $34K-$61K (Glassdoor est.); currency: USD; period: annual_assumed,"Estimated minimum below USD 60,000",False
DA-02088,"Indianapolis, IN",34000.0,61000.0,annual_assumed,Original salary: $34K-$61K (Glassdoor est.); currency: USD; period: annual_assumed,"Estimated minimum below USD 60,000",False
DA-02089,"Indianapolis, IN",34000.0,61000.0,annual_assumed,Original salary: $34K-$61K (Glassdoor est.); currency: USD; period: annual_assumed,"Estimated minimum below USD 60,000",False
DA-02090,"Jeffersonville, IN",34000.0,61000.0,annual_assumed,Original salary: $34K-$61K (Glassdoor est.); currency: USD; period: annual_assumed,"Estimated minimum below USD 60,000",False
DA-02091,"Indianapolis, IN",34000.0,61000.0,annual_assumed,Original salary: $34K-$61K (Glassdoor est.); currency: USD; period: annual_assumed,"Estimated minimum below USD 60,000",False
DA-02092,"Beech Grove, IN",34000.0,61000.0,annual_assumed,Original salary: $34K-$61K (Glassdoor est.); currency: USD; period: annual_assumed,"Estimated minimum below USD 60,000",False
DA-02093,"Indianapolis, IN",34000.0,61000.0,annual_assumed,Original salary: $34K-$61K (Glassdoor est.); currency: USD; period: annual_assumed,"Estimated minimum below USD 60,000",False
DA-02094,"Lawrence, IN",34000.0,61000.0,annual_assumed,Original salary: $34K-$61K (Glassdoor est.); currency: USD; period: annual_assumed,"Estimated minimum below USD 60,000",False
DA-02095,"Carmel, IN",34000.0,61000.0,annual_assumed,Original salary: $34K-$61K (Glassdoor est.); currency: USD; period: annual_assumed,"Estimated minimum below USD 60,000",False
DA-02096,"Redmond, WA",35000.0,67000.0,annual_assumed,Original salary: $35K-$67K (Glassdoor est.); currency: USD; period: annual_assumed,"Estimated minimum below USD 60,000",False
DA-02097,"Seattle, WA",35000.0,67000.0,annual_assumed,Original salary: $35K-$67K (Glassdoor est.); currency: USD; period: annual_assumed,"Estimated minimum below USD 60,000",False
DA-02098,"Seattle, WA",35000.0,67000.0,annual_assumed,Original salary: $35K-$67K (Glassdoor est.); currency: USD; period: annual_assumed,"Estimated minimum below USD 60,000",False
DA-02099,"Redmond, WA",35000.0,67000.0,annual_assumed,Original salary: $35K-$67K (Glassdoor est.); currency: USD; period: annual_assumed,"Estimated minimum below USD 60,000",False
DA-02100,"Seattle, WA",35000.0,67000.0,annual_assumed,Original salary: $35K-$67K (Glassdoor est.); currency: USD; period: annual_assumed,"Estimated minimum below USD 60,000",False
DA-02101,"Seattle, WA",35000.0,67000.0,annual_assumed,Original salary: $35K-$67K (Glassdoor est.); currency: USD; period: annual_assumed,"Estimated minimum below USD 60,000",False
DA-02102,"Seattle, WA",35000.0,67000.0,annual_assumed,Original salary: $35K-$67K (Glassdoor est.); currency: USD; period: annual_assumed,"Estimated minimum below USD 60,000",False
DA-02103,"Issaquah, WA",35000.0,67000.0,annual_assumed,Original salary: $35K-$67K (Glassdoor est.); currency: USD; period: annual_assumed,"Estimated minimum below USD 60,000",False
DA-02104,"Seattle, WA",35000.0,67000.0,annual_assumed,Original salary: $35K-$67K (Glassdoor est.); currency: USD; period: annual_assumed,"Estimated minimum below USD 60,000",False
DA-02105,"Redmond, WA",35000.0,67000.0,annual_assumed,Original salary: $35K-$67K (Glassdoor est.); currency: USD; period: annual_assumed,"Estimated minimum below USD 60,000",False
DA-02106,"Seattle, WA",35000.0,67000.0,annual_assumed,Original salary: $35K-$67K (Glassdoor est.); currency: USD; period: annual_assumed,"Estimated minimum below USD 60,000",False
DA-02107,"Issaquah, WA",35000.0,67000.0,annual_assumed,Original salary: $35K-$67K (Glassdoor est.); currency: USD; period: annual_assumed,"Estimated minimum below USD 60,000",False
DA-02108,"Seattle, WA",35000.0,67000.0,annual_assumed,Original salary: $35K-$67K (Glassdoor est.); currency: USD; period: annual_assumed,"Estimated minimum below USD 60,000",False
DA-02109,"Kent, WA",35000.0,67000.0,annual_assumed,Original salary: $35K-$67K (Glassdoor est.); currency: USD; period: annual_assumed,"Estimated minimum below USD 60,000",False
DA-02110,"Seattle, WA",35000.0,67000.0,annual_assumed,Original salary: $35K-$67K (Glassdoor est.); currency: USD; period: annual_assumed,"Estimated minimum below USD 60,000",False
DA-02111,"Redmond, WA",35000.0,67000.0,annual_assumed,Original salary: $35K-$67K (Glassdoor est.); currency: USD; period: annual_assumed,"Estimated minimum below USD 60,000",False
DA-02112,"Seattle, WA",35000.0,67000.0,annual_assumed,Original salary: $35K-$67K (Glassdoor est.); currency: USD; period: annual_assumed,"Estimated minimum below USD 60,000",False
DA-02113,"Bellevue, WA",35000.0,67000.0,annual_assumed,Original salary: $35K-$67K (Glassdoor est.); currency: USD; period: annual_assumed,"Estimated minimum below USD 60,000",False
DA-02114,"Bellevue, WA",35000.0,67000.0,annual_assumed,Original salary: $35K-$67K (Glassdoor est.); currency: USD; period: annual_assumed,"Estimated minimum below USD 60,000",False
DA-02115,"Seattle, WA",35000.0,67000.0,annual_assumed,Original salary: $35K-$67K (Glassdoor est.); currency: USD; period: annual_assumed,"Estimated minimum below USD 60,000",False
DA-02116,"Seattle, WA",35000.0,67000.0,annual_assumed,Original salary: $35K-$67K (Glassdoor est.); currency: USD; period: annual_assumed,"Estimated minimum below USD 60,000",False
DA-02117,"Redmond, WA",35000.0,67000.0,annual_assumed,Original salary: $35K-$67K (Glassdoor est.); currency: USD; period: annual_assumed,"Estimated minimum below USD 60,000",False
DA-02118,"Seattle, WA",35000.0,67000.0,annual_assumed,Original salary: $35K-$67K (Glassdoor est.); currency: USD; period: annual_assumed,"Estimated minimum below USD 60,000",False
DA-02119,"Renton, WA",35000.0,67000.0,annual_assumed,Original salary: $35K-$67K (Glassdoor est.); currency: USD; period: annual_assumed,"Estimated minimum below USD 60,000",False
DA-02120,"Seattle, WA",35000.0,67000.0,annual_assumed,Original salary: $35K-$67K (Glassdoor est.); currency: USD; period: annual_assumed,"Estimated minimum below USD 60,000",False
DA-02121,"Seattle, WA",35000.0,67000.0,annual_assumed,Original salary: $35K-$67K (Glassdoor est.); currency: USD; period: annual_assumed,"Estimated minimum below USD 60,000",False
DA-02122,"Redmond, WA",55000.0,101000.0,annual_assumed,Original salary: $55K-$101K (Glassdoor est.); currency: USD; period: annual_assumed,"Estimated minimum below USD 60,000",False
DA-02123,"Kent, WA",55000.0,101000.0,annual_assumed,Original salary: $55K-$101K (Glassdoor est.); currency: USD; period: annual_assumed,"Estimated minimum below USD 60,000",False
DA-02124,"Seattle, WA",55000.0,101000.0,annual_assumed,Original salary: $55K-$101K (Glassdoor est.); currency: USD; period: annual_assumed,"Estimated minimum below USD 60,000",False
DA-02125,"Kirkland, WA",55000.0,101000.0,annual_assumed,Original salary: $55K-$101K (Glassdoor est.); currency: USD; period: annual_assumed,"Estimated minimum below USD 60,000",False
DA-02126,"Redmond, WA",55000.0,101000.0,annual_assumed,Original salary: $55K-$101K (Glassdoor est.); currency: USD; period: annual_assumed,"Estimated minimum below USD 60,000",False
DA-02127,"Seattle, WA",55000.0,101000.0,annual_assumed,Original salary: $55K-$101K (Glassdoor est.); currency: USD; period: annual_assumed,"Estimated minimum below USD 60,000",False
DA-02128,"Redmond, WA",55000.0,101000.0,annual_assumed,Original salary: $55K-$101K (Glassdoor est.); currency: USD; period: annual_assumed,"Estimated minimum below USD 60,000",False
DA-02129,"Issaquah, WA",55000.0,101000.0,annual_assumed,Original salary: $55K-$101K (Glassdoor est.); currency: USD; period: annual_assumed,"Estimated minimum below USD 60,000",False
DA-02130,"Redmond, WA",55000.0,101000.0,annual_assumed,Original salary: $55K-$101K (Glassdoor est.); currency: USD; period: annual_assumed,"Estimated minimum below USD 60,000",False
DA-02131,"Seattle, WA",55000.0,101000.0,annual_assumed,Original salary: $55K-$101K (Glassdoor est.); currency: USD; period: annual_assumed,"Estimated minimum below USD 60,000",False
DA-02132,"Redmond, WA",55000.0,101000.0,annual_assumed,Original salary: $55K-$101K (Glassdoor est.); currency: USD; period: annual_assumed,"Estimated minimum below USD 60,000",False
DA-02133,"Seattle, WA",55000.0,101000.0,annual_assumed,Original salary: $55K-$101K (Glassdoor est.); currency: USD; period: annual_assumed,"Estimated minimum below USD 60,000",False
DA-02134,"Redmond, WA",55000.0,101000.0,annual_assumed,Original salary: $55K-$101K (Glassdoor est.); currency: USD; period: annual_assumed,"Estimated minimum below USD 60,000",False
DA-02135,"Seattle, WA",55000.0,101000.0,annual_assumed,Original salary: $55K-$101K (Glassdoor est.); currency: USD; period: annual_assumed,"Estimated minimum below USD 60,000",False
DA-02136,"Seattle, WA",55000.0,101000.0,annual_assumed,Original salary: $55K-$101K (Glassdoor est.); currency: USD; period: annual_assumed,"Estimated minimum below USD 60,000",False
DA-02137,"Kent, WA",55000.0,101000.0,annual_assumed,Original salary: $55K-$101K (Glassdoor est.); currency: USD; period: annual_assumed,"Estimated minimum below USD 60,000",False
DA-02138,"Seattle, WA",55000.0,101000.0,annual_assumed,Original salary: $55K-$101K (Glassdoor est.); currency: USD; period: annual_assumed,"Estimated minimum below USD 60,000",False
DA-02139,"Seattle, WA",55000.0,101000.0,annual_assumed,Original salary: $55K-$101K (Glassdoor est.); currency: USD; period: annual_assumed,"Estimated minimum below USD 60,000",False
DA-02140,"Seattle, WA",55000.0,101000.0,annual_assumed,Original salary: $55K-$101K (Glassdoor est.); currency: USD; period: annual_assumed,"Estimated minimum below USD 60,000",False
DA-02141,"Seattle, WA",55000.0,101000.0,annual_assumed,Original salary: $55K-$101K (Glassdoor est.); currency: USD; period: annual_assumed,"Estimated minimum below USD 60,000",False
DA-02142,"Seattle, WA",55000.0,101000.0,annual_assumed,Original salary: $55K-$101K (Glassdoor est.); currency: USD; period: annual_assumed,"Estimated minimum below USD 60,000",False
DA-02143,"Kirkland, WA",55000.0,101000.0,annual_assumed,Original salary: $55K-$101K (Glassdoor est.); currency: USD; period: annual_assumed,"Estimated minimum below USD 60,000",False
DA-02144,"Seattle, WA",55000.0,101000.0,annual_assumed,Original salary: $55K-$101K (Glassdoor est.); currency: USD; period: annual_assumed,"Estimated minimum below USD 60,000",False
DA-02145,"Seattle, WA",55000.0,101000.0,annual_assumed,Original salary: $55K-$101K (Glassdoor est.); currency: USD; period: annual_assumed,"Estimated minimum below USD 60,000",False
DA-02146,"Renton, WA",55000.0,101000.0,annual_assumed,Original salary: $55K-$101K (Glassdoor est.); currency: USD; period: annual_assumed,"Estimated minimum below USD 60,000",False
DA-02147,"Seattle, WA",55000.0,101000.0,annual_assumed,Original salary: $55K-$101K (Glassdoor est.); currency: USD; period: annual_assumed,"Estimated minimum below USD 60,000",False
DA-02148,"Seattle, WA",55000.0,101000.0,annual_assumed,Original salary: $55K-$101K (Glassdoor est.); currency: USD; period: annual_assumed,"Estimated minimum below USD 60,000",False
DA-02149,"Kent, WA",,,,Original salary: -1; currency: nan; period: nan,Salary unknown or unparseable,False
DA-02150,"Athens, GA",32000.0,56000.0,annual_assumed,Original salary: $32K-$56K (Glassdoor est.); currency: USD; period: annual_assumed,"Estimated minimum below USD 60,000",False
DA-02151,"Athens, GA",32000.0,56000.0,annual_assumed,Original salary: $32K-$56K (Glassdoor est.); currency: USD; period: annual_assumed,"Estimated minimum below USD 60,000",False
DA-02152,"Athens, GA",32000.0,56000.0,annual_assumed,Original salary: $32K-$56K (Glassdoor est.); currency: USD; period: annual_assumed,"Estimated minimum below USD 60,000",False
DA-02153,"Athens, GA",32000.0,56000.0,annual_assumed,Original salary: $32K-$56K (Glassdoor est.); currency: USD; period: annual_assumed,"Estimated minimum below USD 60,000",False
DA-02154,"Burlingame, KS",36000.0,67000.0,annual_assumed,Original salary: $36K-$67K (Glassdoor est.); currency: USD; period: annual_assumed,"Estimated minimum below USD 60,000",False
DA-02155,"Topeka, KS",36000.0,67000.0,annual_assumed,Original salary: $36K-$67K (Glassdoor est.); currency: USD; period: annual_assumed,"Estimated minimum below USD 60,000",False
DA-02156,"Topeka, KS",36000.0,67000.0,annual_assumed,Original salary: $36K-$67K (Glassdoor est.); currency: USD; period: annual_assumed,"Estimated minimum below USD 60,000",False
DA-02157,"Denver, CO",57000.0,67000.0,annual_assumed,Original salary: $57K-$67K (Glassdoor est.); currency: USD; period: annual_assumed,"Estimated minimum below USD 60,000",False
DA-02158,"Denver, CO",57000.0,67000.0,annual_assumed,Original salary: $57K-$67K (Glassdoor est.); currency: USD; period: annual_assumed,"Estimated minimum below USD 60,000",False
DA-02159,"Denver, CO",57000.0,67000.0,annual_assumed,Original salary: $57K-$67K (Glassdoor est.); currency: USD; period: annual_assumed,"Estimated minimum below USD 60,000",False
DA-02160,"Denver, CO",57000.0,67000.0,annual_assumed,Original salary: $57K-$67K (Glassdoor est.); currency: USD; period: annual_assumed,"Estimated minimum below USD 60,000",False
DA-02161,"Denver, CO",57000.0,67000.0,annual_assumed,Original salary: $57K-$67K (Glassdoor est.); currency: USD; period: annual_assumed,"Estimated minimum below USD 60,000",False
DA-02162,"Denver, CO",57000.0,67000.0,annual_assumed,Original salary: $57K-$67K (Glassdoor est.); currency: USD; period: annual_assumed,"Estimated minimum below USD 60,000",False
DA-02163,"Denver, CO",57000.0,67000.0,annual_assumed,Original salary: $57K-$67K (Glassdoor est.); currency: USD; period: annual_assumed,"Estimated minimum below USD 60,000",False
DA-02164,"Denver, CO",57000.0,67000.0,annual_assumed,Original salary: $57K-$67K (Glassdoor est.); currency: USD; period: annual_assumed,"Estimated minimum below USD 60,000",False
DA-02165,"Centennial, CO",57000.0,67000.0,annual_assumed,Original salary: $57K-$67K (Glassdoor est.); currency: USD; period: annual_assumed,"Estimated minimum below USD 60,000",False
DA-02166,"Boulder, CO",57000.0,67000.0,annual_assumed,Original salary: $57K-$67K (Glassdoor est.); currency: USD; period: annual_assumed,"Estimated minimum below USD 60,000",False
DA-02167,"Denver, CO",57000.0,67000.0,annual_assumed,Original salary: $57K-$67K (Glassdoor est.); currency: USD; period: annual_assumed,"Estimated minimum below USD 60,000",False
DA-02168,"Greenwood Village, Arapahoe, CO",57000.0,67000.0,annual_assumed,Original salary: $57K-$67K (Glassdoor est.); currency: USD; period: annual_assumed,"Estimated minimum below USD 60,000",False
DA-02169,"Boulder, CO",57000.0,67000.0,annual_assumed,Original salary: $57K-$67K (Glassdoor est.); currency: USD; period: annual_assumed,"Estimated minimum below USD 60,000",False
DA-02170,"Denver, CO",57000.0,67000.0,annual_assumed,Original salary: $57K-$67K (Glassdoor est.); currency: USD; period: annual_assumed,"Estimated minimum below USD 60,000",False
DA-02171,"Denver, CO",57000.0,67000.0,annual_assumed,Original salary: $57K-$67K (Glassdoor est.); currency: USD; period: annual_assumed,"Estimated minimum below USD 60,000",False
DA-02172,"Denver, CO",57000.0,67000.0,annual_assumed,Original salary: $57K-$67K (Glassdoor est.); currency: USD; period: annual_assumed,"Estimated minimum below USD 60,000",False
DA-02173,"Denver, CO",57000.0,67000.0,annual_assumed,Original salary: $57K-$67K (Glassdoor est.); currency: USD; period: annual_assumed,"Estimated minimum below USD 60,000",False
DA-02174,"Henderson, CO",57000.0,67000.0,annual_assumed,Original salary: $57K-$67K (Glassdoor est.); currency: USD; period: annual_assumed,"Estimated minimum below USD 60,000",False
DA-02175,"Englewood, CO",57000.0,67000.0,annual_assumed,Original salary: $57K-$67K (Glassdoor est.); currency: USD; period: annual_assumed,"Estimated minimum below USD 60,000",False
DA-02176,"Denver, CO",57000.0,67000.0,annual_assumed,Original salary: $57K-$67K (Glassdoor est.); currency: USD; period: annual_assumed,"Estimated minimum below USD 60,000",False
DA-02177,"Denver, CO",57000.0,67000.0,annual_assumed,Original salary: $57K-$67K (Glassdoor est.); currency: USD; period: annual_assumed,"Estimated minimum below USD 60,000",False
DA-02178,"Greenwood Village, Arapahoe, CO",57000.0,67000.0,annual_assumed,Original salary: $57K-$67K (Glassdoor est.); currency: USD; period: annual_assumed,"Estimated minimum below USD 60,000",False
DA-02179,"Denver, CO",57000.0,67000.0,annual_assumed,Original salary: $57K-$67K (Glassdoor est.); currency: USD; period: annual_assumed,"Estimated minimum below USD 60,000",False
DA-02180,"Lakewood, CO",57000.0,67000.0,annual_assumed,Original salary: $57K-$67K (Glassdoor est.); currency: USD; period: annual_assumed,"Estimated minimum below USD 60,000",False
DA-02181,"Denver, CO",57000.0,67000.0,annual_assumed,Original salary: $57K-$67K (Glassdoor est.); currency: USD; period: annual_assumed,"Estimated minimum below USD 60,000",False
DA-02182,"Lakewood, CO",57000.0,67000.0,annual_assumed,Original salary: $57K-$67K (Glassdoor est.); currency: USD; period: annual_assumed,"Estimated minimum below USD 60,000",False
DA-02183,"Denver, CO",49000.0,91000.0,annual_assumed,Original salary: $49K-$91K (Glassdoor est.); currency: USD; period: annual_assumed,"Estimated minimum below USD 60,000",False
DA-02184,"Centennial, CO",49000.0,91000.0,annual_assumed,Original salary: $49K-$91K (Glassdoor est.); currency: USD; period: annual_assumed,"Estimated minimum below USD 60,000",False
DA-02185,"Denver, CO",49000.0,91000.0,annual_assumed,Original salary: $49K-$91K (Glassdoor est.); currency: USD; period: annual_assumed,"Estimated minimum below USD 60,000",False
DA-02186,"Greenwood Village, Arapahoe, CO",49000.0,91000.0,annual_assumed,Original salary: $49K-$91K (Glassdoor est.); currency: USD; period: annual_assumed,"Estimated minimum below USD 60,000",False
DA-02187,"Lone Tree, CO",49000.0,91000.0,annual_assumed,Original salary: $49K-$91K (Glassdoor est.); currency: USD; period: annual_assumed,"Estimated minimum below USD 60,000",False
DA-02188,"Louisville, CO",49000.0,91000.0,annual_assumed,Original salary: $49K-$91K (Glassdoor est.); currency: USD; period: annual_assumed,"Estimated minimum below USD 60,000",False
DA-02189,"Englewood, CO",49000.0,91000.0,annual_assumed,Original salary: $49K-$91K (Glassdoor est.); currency: USD; period: annual_assumed,"Estimated minimum below USD 60,000",False
DA-02190,"Denver, CO",49000.0,91000.0,annual_assumed,Original salary: $49K-$91K (Glassdoor est.); currency: USD; period: annual_assumed,"Estimated minimum below USD 60,000",False
DA-02191,"Denver, CO",49000.0,91000.0,annual_assumed,Original salary: $49K-$91K (Glassdoor est.); currency: USD; period: annual_assumed,"Estimated minimum below USD 60,000",False
DA-02192,"Aurora, CO",49000.0,91000.0,annual_assumed,Original salary: $49K-$91K (Glassdoor est.); currency: USD; period: annual_assumed,"Estimated minimum below USD 60,000",False
DA-02193,"Denver, CO",49000.0,91000.0,annual_assumed,Original salary: $49K-$91K (Glassdoor est.); currency: USD; period: annual_assumed,"Estimated minimum below USD 60,000",False
DA-02194,"Denver, CO",49000.0,91000.0,annual_assumed,Original salary: $49K-$91K (Glassdoor est.); currency: USD; period: annual_assumed,"Estimated minimum below USD 60,000",False
DA-02195,"Greenwood Village, Arapahoe, CO",49000.0,91000.0,annual_assumed,Original salary: $49K-$91K (Glassdoor est.); currency: USD; period: annual_assumed,"Estimated minimum below USD 60,000",False
DA-02196,"Lakewood, CO",49000.0,91000.0,annual_assumed,Original salary: $49K-$91K (Glassdoor est.); currency: USD; period: annual_assumed,"Estimated minimum below USD 60,000",False
DA-02197,"Centennial, CO",49000.0,91000.0,annual_assumed,Original salary: $49K-$91K (Glassdoor est.); currency: USD; period: annual_assumed,"Estimated minimum below USD 60,000",False
DA-02198,"Denver, CO",49000.0,91000.0,annual_assumed,Original salary: $49K-$91K (Glassdoor est.); currency: USD; period: annual_assumed,"Estimated minimum below USD 60,000",False
DA-02199,"Denver, CO",49000.0,91000.0,annual_assumed,Original salary: $49K-$91K (Glassdoor est.); currency: USD; period: annual_assumed,"Estimated minimum below USD 60,000",False
DA-02200,"Centennial, CO",49000.0,91000.0,annual_assumed,Original salary: $49K-$91K (Glassdoor est.); currency: USD; period: annual_assumed,"Estimated minimum below USD 60,000",False
DA-02201,"Denver, CO",49000.0,91000.0,annual_assumed,Original salary: $49K-$91K (Glassdoor est.); currency: USD; period: annual_assumed,"Estimated minimum below USD 60,000",False
DA-02202,"Denver, CO",49000.0,91000.0,annual_assumed,Original salary: $49K-$91K (Glassdoor est.); currency: USD; period: annual_assumed,"Estimated minimum below USD 60,000",False
DA-02203,"Broomfield, CO",49000.0,91000.0,annual_assumed,Original salary: $49K-$91K (Glassdoor est.); currency: USD; period: annual_assumed,"Estimated minimum below USD 60,000",False
DA-02204,"Lakewood, CO",49000.0,91000.0,annual_assumed,Original salary: $49K-$91K (Glassdoor est.); currency: USD; period: annual_assumed,"Estimated minimum below USD 60,000",False
DA-02205,"Denver, CO",49000.0,91000.0,annual_assumed,Original salary: $49K-$91K (Glassdoor est.); currency: USD; period: annual_assumed,"Estimated minimum below USD 60,000",False
DA-02206,"Boulder, CO",49000.0,91000.0,annual_assumed,Original salary: $49K-$91K (Glassdoor est.); currency: USD; period: annual_assumed,"Estimated minimum below USD 60,000",False
DA-02207,"Denver, CO",49000.0,91000.0,annual_assumed,Original salary: $49K-$91K (Glassdoor est.); currency: USD; period: annual_assumed,"Estimated minimum below USD 60,000",False
DA-02208,"Englewood, CO",49000.0,91000.0,annual_assumed,Original salary: $49K-$91K (Glassdoor est.); currency: USD; period: annual_assumed,"Estimated minimum below USD 60,000",False
DA-02209,"Englewood, CO",49000.0,91000.0,annual_assumed,Original salary: $49K-$91K (Glassdoor est.); currency: USD; period: annual_assumed,"Estimated minimum below USD 60,000",False
DA-02210,"Denver, CO",49000.0,91000.0,annual_assumed,Original salary: $49K-$91K (Glassdoor est.); currency: USD; period: annual_assumed,"Estimated minimum below USD 60,000",False
DA-02211,"Broomfield, CO",57000.0,100000.0,annual_assumed,Original salary: $57K-$100K (Glassdoor est.); currency: USD; period: annual_assumed,"Estimated minimum below USD 60,000",False
DA-02212,"Denver, CO",57000.0,100000.0,annual_assumed,Original salary: $57K-$100K (Glassdoor est.); currency: USD; period: annual_assumed,"Estimated minimum below USD 60,000",False
DA-02213,"Centennial, CO",57000.0,100000.0,annual_assumed,Original salary: $57K-$100K (Glassdoor est.); currency: USD; period: annual_assumed,"Estimated minimum below USD 60,000",False
DA-02214,"Denver, CO",57000.0,100000.0,annual_assumed,Original salary: $57K-$100K (Glassdoor est.); currency: USD; period: annual_assumed,"Estimated minimum below USD 60,000",False
DA-02215,"Englewood, CO",57000.0,100000.0,annual_assumed,Original salary: $57K-$100K (Glassdoor est.); currency: USD; period: annual_assumed,"Estimated minimum below USD 60,000",False
DA-02216,"Denver, CO",57000.0,100000.0,annual_assumed,Original salary: $57K-$100K (Glassdoor est.); currency: USD; period: annual_assumed,"Estimated minimum below USD 60,000",False
DA-02217,"Denver, CO",57000.0,100000.0,annual_assumed,Original salary: $57K-$100K (Glassdoor est.); currency: USD; period: annual_assumed,"Estimated minimum below USD 60,000",False
DA-02218,"Aurora, CO",57000.0,100000.0,annual_assumed,Original salary: $57K-$100K (Glassdoor est.); currency: USD; period: annual_assumed,"Estimated minimum below USD 60,000",False
DA-02219,"Lakewood, CO",57000.0,100000.0,annual_assumed,Original salary: $57K-$100K (Glassdoor est.); currency: USD; period: annual_assumed,"Estimated minimum below USD 60,000",False
DA-02220,"Greenwood Village, Arapahoe, CO",57000.0,100000.0,annual_assumed,Original salary: $57K-$100K (Glassdoor est.); currency: USD; period: annual_assumed,"Estimated minimum below USD 60,000",False
DA-02221,"Denver, CO",57000.0,100000.0,annual_assumed,Original salary: $57K-$100K (Glassdoor est.); currency: USD; period: annual_assumed,"Estimated minimum below USD 60,000",False
DA-02222,"Denver, CO",57000.0,100000.0,annual_assumed,Original salary: $57K-$100K (Glassdoor est.); currency: USD; period: annual_assumed,"Estimated minimum below USD 60,000",False
DA-02223,"Aurora, CO",57000.0,100000.0,annual_assumed,Original salary: $57K-$100K (Glassdoor est.); currency: USD; period: annual_assumed,"Estimated minimum below USD 60,000",False
DA-02224,"Denver, CO",57000.0,100000.0,annual_assumed,Original salary: $57K-$100K (Glassdoor est.); currency: USD; period: annual_assumed,"Estimated minimum below USD 60,000",False
DA-02225,"Louisville, CO",57000.0,100000.0,annual_assumed,Original salary: $57K-$100K (Glassdoor est.); currency: USD; period: annual_assumed,"Estimated minimum below USD 60,000",False
DA-02226,"Denver, CO",57000.0,100000.0,annual_assumed,Original salary: $57K-$100K (Glassdoor est.); currency: USD; period: annual_assumed,"Estimated minimum below USD 60,000",False
DA-02227,"Denver, CO",57000.0,100000.0,annual_assumed,Original salary: $57K-$100K (Glassdoor est.); currency: USD; period: annual_assumed,"Estimated minimum below USD 60,000",False
DA-02228,"Englewood, CO",57000.0,100000.0,annual_assumed,Original salary: $57K-$100K (Glassdoor est.); currency: USD; period: annual_assumed,"Estimated minimum below USD 60,000",False
DA-02229,"Greenwood Village, Arapahoe, CO",57000.0,100000.0,annual_assumed,Original salary: $57K-$100K (Glassdoor est.); currency: USD; period: annual_assumed,"Estimated minimum below USD 60,000",False
DA-02230,"Broomfield, CO",57000.0,100000.0,annual_assumed,Original salary: $57K-$100K (Glassdoor est.); currency: USD; period: annual_assumed,"Estimated minimum below USD 60,000",False
DA-02231,"Louisville, CO",57000.0,100000.0,annual_assumed,Original salary: $57K-$100K (Glassdoor est.); currency: USD; period: annual_assumed,"Estimated minimum below USD 60,000",False
DA-02232,"Denver, CO",57000.0,100000.0,annual_assumed,Original salary: $57K-$100K (Glassdoor est.); currency: USD; period: annual_assumed,"Estimated minimum below USD 60,000",False
DA-02233,"Littleton, CO",57000.0,100000.0,annual_assumed,Original salary: $57K-$100K (Glassdoor est.); currency: USD; period: annual_assumed,"Estimated minimum below USD 60,000",False
DA-02234,"Englewood, CO",57000.0,100000.0,annual_assumed,Original salary: $57K-$100K (Glassdoor est.); currency: USD; period: annual_assumed,"Estimated minimum below USD 60,000",False
DA-02235,"Denver, CO",57000.0,100000.0,annual_assumed,Original salary: $57K-$100K (Glassdoor est.); currency: USD; period: annual_assumed,"Estimated minimum below USD 60,000",False
DA-02236,"Greenwood Village, Arapahoe, CO",57000.0,100000.0,annual_assumed,Original salary: $57K-$100K (Glassdoor est.); currency: USD; period: annual_assumed,"Estimated minimum below USD 60,000",False
DA-02237,"Greenwood Village, Arapahoe, CO",57000.0,100000.0,annual_assumed,Original salary: $57K-$100K (Glassdoor est.); currency: USD; period: annual_assumed,"Estimated minimum below USD 60,000",False
DA-02238,"Aurora, CO",78000.0,104000.0,annual_assumed,Original salary: $78K-$104K (Glassdoor est.); currency: USD; period: annual_assumed,"Eligible: estimated minimum >= USD 60,000",True
DA-02239,"Aurora, CO",78000.0,104000.0,annual_assumed,Original salary: $78K-$104K (Glassdoor est.); currency: USD; period: annual_assumed,"Eligible: estimated minimum >= USD 60,000",True
DA-02240,"Denver, CO",78000.0,104000.0,annual_assumed,Original salary: $78K-$104K (Glassdoor est.); currency: USD; period: annual_assumed,"Eligible: estimated minimum >= USD 60,000",True
DA-02241,"Denver, CO",78000.0,104000.0,annual_assumed,Original salary: $78K-$104K (Glassdoor est.); currency: USD; period: annual_assumed,"Eligible: estimated minimum >= USD 60,000",True
DA-02242,"Centennial, CO",78000.0,104000.0,annual_assumed,Original salary: $78K-$104K (Glassdoor est.); currency: USD; period: annual_assumed,"Eligible: estimated minimum >= USD 60,000",True
DA-02243,"Broomfield, CO",78000.0,104000.0,annual_assumed,Original salary: $78K-$104K (Glassdoor est.); currency: USD; period: annual_assumed,"Eligible: estimated minimum >= USD 60,000",True
DA-02244,"Denver, CO",78000.0,104000.0,annual_assumed,Original salary: $78K-$104K (Glassdoor est.); currency: USD; period: annual_assumed,"Eligible: estimated minimum >= USD 60,000",True
DA-02245,"Centennial, CO",78000.0,104000.0,annual_assumed,Original salary: $78K-$104K (Glassdoor est.); currency: USD; period: annual_assumed,"Eligible: estimated minimum >= USD 60,000",True
DA-02246,"Denver, CO",78000.0,104000.0,annual_assumed,Original salary: $78K-$104K (Glassdoor est.); currency: USD; period: annual_assumed,"Eligible: estimated minimum >= USD 60,000",True
DA-02247,"Broomfield, CO",78000.0,104000.0,annual_assumed,Original salary: $78K-$104K (Glassdoor est.); currency: USD; period: annual_assumed,"Eligible: estimated minimum >= USD 60,000",True
DA-02248,"Denver, CO",78000.0,104000.0,annual_assumed,Original salary: $78K-$104K (Glassdoor est.); currency: USD; period: annual_assumed,"Eligible: estimated minimum >= USD 60,000",True
DA-02249,"Centennial, CO",78000.0,104000.0,annual_assumed,Original salary: $78K-$104K (Glassdoor est.); currency: USD; period: annual_assumed,"Eligible: estimated minimum >= USD 60,000",True
DA-02250,"Denver, CO",78000.0,104000.0,annual_assumed,Original salary: $78K-$104K (Glassdoor est.); currency: USD; period: annual_assumed,"Eligible: estimated minimum >= USD 60,000",True
DA-02251,"Centennial, CO",78000.0,104000.0,annual_assumed,Original salary: $78K-$104K (Glassdoor est.); currency: USD; period: annual_assumed,"Eligible: estimated minimum >= USD 60,000",True
DA-02252,"Broomfield, CO",78000.0,104000.0,annual_assumed,Original salary: $78K-$104K (Glassdoor est.); currency: USD; period: annual_assumed,"Eligible: estimated minimum >= USD 60,000",True
